user_id,date,dept_name,role_title,logon_count,after_hours_logon,usb_connect_count,after_hours_usb,approx_transfer_bytes
DTAA/HDR0823,2010-05-05,IT & Engineering,Staff,3,1.0,2,0.0,30000000
DTAA/AJC0266,2010-05-05,IT & Engineering,Staff,3,0.0,1,0.0,15000000
DTAA/BJC0569,2010-05-05,IT & Engineering,Staff,3,1.0,1,0.0,15000000
DTAA/DAV0579,2010-05-05,IT & Engineering,Staff,3,0.0,1,0.0,15000000
DTAA/HDR0261,2010-05-06,IT & Engineering,Staff,2,2.0,2,0.0,30000000
DTAA/CAC0854,2010-05-06,IT & Engineering,Staff,3,1.0,2,0.0,30000000
DTAA/WMJ0364,2010-05-06,IT & Engineering,Staff,3,0.0,2,0.0,30000000
DTAA/RBC0879,2010-05-06,IT & Engineering,Staff,3,1.0,2,0.0,30000000
DTAA/ACH0803,2010-05-07,IT & Engineering,Staff,2,1.0,2,0.0,30000000
DTAA/PSP0555,2010-05-07,IT & Engineering,Staff,2,1.0,2,0.0,30000000
DTAA/SCW0707,2010-05-07,IT & Engineering,Staff,5,0.0,2,0.0,30000000
DTAA/JLM0053,2010-05-07,IT & Engineering,Staff,3,0.0,2,0.0,30000000
DTAA/JLL0301,2010-05-07,IT & Engineering,Staff,2,1.0,2,0.0,30000000
DTAA/JSB0493,2010-05-07,IT & Engineering,Staff,3,1.0,2,0.0,30000000
DTAA/JBL0450,2010-05-08,IT & Engineering,Staff,2,2.0,2,2.0,30000000
DTAA/ZAB0889,2010-05-08,IT & Engineering,Staff,1,1.0,2,2.0,30000000
DTAA/EBP0037,2010-05-10,IT & Engineering,Staff,2,1.0,1,0.0,15000000
DTAA/JNF0543,2010-05-10,IT & Engineering,Staff,2,1.0,2,0.0,30000000
DTAA/MIK0034,2010-05-10,IT & Engineering,Staff,2,1.0,2,0.0,30000000
DTAA/AFH0331,2010-05-10,IT & Engineering,Staff,2,2.0,2,0.0,30000000
DTAA/SHR0025,2010-05-10,IT & Engineering,Staff,3,0.0,2,0.0,30000000
DTAA/DFW0798,2010-05-10,IT & Engineering,Staff,3,0.0,2,0.0,30000000
DTAA/MJM0228,2010-05-10,IT & Engineering,Staff,2,0.0,2,0.0,30000000
DTAA/OJH0425,2010-05-11,IT & Engineering,Staff,3,2.0,2,0.0,30000000
DTAA/MJM0469,2010-05-11,IT & Engineering,Staff,2,1.0,1,0.0,15000000
DTAA/HTC0607,2010-05-11,IT & Engineering,Staff,3,0.0,2,0.0,30000000
DTAA/AFN0918,2010-05-11,IT & Engineering,Staff,5,0.0,2,0.0,30000000
DTAA/SCW0707,2010-05-12,IT & Engineering,Staff,3,1.0,2,0.0,30000000
DTAA/JLM0053,2010-05-12,IT & Engineering,Staff,3,0.0,2,0.0,30000000
DTAA/JSB0493,2010-05-12,IT & Engineering,Staff,3,1.0,2,0.0,30000000
DTAA/TLB0017,2010-05-12,IT & Engineering,Staff,4,0.0,2,0.0,30000000
DTAA/GNH0394,2010-05-13,IT & Engineering,Staff,2,1.0,2,0.0,30000000
DTAA/KKW0945,2010-05-13,IT & Engineering,Staff,3,1.0,2,0.0,30000000
DTAA/RVS0852,2010-05-13,IT & Engineering,Staff,3,2.0,2,0.0,30000000
DTAA/OYR0801,2010-05-13,IT & Engineering,Staff,3,1.0,2,1.0,30000000
DTAA/NHL0521,2010-05-13,IT & Engineering,Staff,3,0.0,1,0.0,15000000
DTAA/MIC0914,2010-05-13,IT & Engineering,Staff,3,1.0,2,0.0,30000000
DTAA/MMH0612,2010-05-13,IT & Engineering,Staff,3,0.0,1,0.0,15000000
DTAA/EBP0037,2010-05-14,IT & Engineering,Staff,2,1.0,2,0.0,30000000
DTAA/JNF0543,2010-05-14,IT & Engineering,Staff,2,1.0,2,0.0,30000000
DTAA/MIK0034,2010-05-14,IT & Engineering,Staff,3,1.0,2,0.0,30000000
DTAA/VCG0663,2010-05-14,IT & Engineering,Staff,3,1.0,2,0.0,30000000
DTAA/SHR0025,2010-05-14,IT & Engineering,Staff,3,1.0,2,0.0,30000000
DTAA/AFH0331,2010-05-14,IT & Engineering,Staff,3,2.0,1,0.0,15000000
DTAA/DFW0798,2010-05-14,IT & Engineering,Staff,3,0.0,2,0.0,30000000
DTAA/LKY0181,2010-05-15,IT & Engineering,Staff,1,1.0,1,1.0,15000000
DTAA/ABS0726,2010-05-15,IT & Engineering,Staff,2,2.0,2,2.0,30000000
DTAA/EMZ0196,2010-05-17,IT & Engineering,Staff,3,0.0,2,0.0,30000000
DTAA/HSD0519,2010-05-17,IT & Engineering,Staff,2,0.0,2,0.0,30000000
DTAA/BGF0236,2010-05-17,IT & Engineering,Staff,3,0.0,2,0.0,30000000
DTAA/AMA0191,2010-05-18,IT & Engineering,Staff,3,2.0,2,0.0,30000000
DTAA/NNB0443,2010-05-18,IT & Engineering,Staff,3,1.0,2,0.0,30000000
DTAA/XKR0971,2010-05-18,IT & Engineering,Staff,2,2.0,2,0.0,30000000
DTAA/ERP0254,2010-05-18,IT & Engineering,Staff,2,1.0,2,0.0,30000000
DTAA/KSB0673,2010-05-18,IT & Engineering,Staff,3,1.0,2,0.0,30000000
DTAA/LTM0418,2010-05-18,IT & Engineering,Staff,3,1.0,2,0.0,30000000
DTAA/SDC0032,2010-05-18,IT & Engineering,Staff,3,0.0,2,0.0,30000000
DTAA/ABB0272,2010-05-18,IT & Engineering,Staff,3,0.0,2,0.0,30000000
DTAA/PIP0746,2010-05-18,IT & Engineering,Staff,3,1.0,2,0.0,30000000
DTAA/JCS0873,2010-05-19,IT & Engineering,Staff,3,1.0,2,0.0,30000000
DTAA/RVS0852,2010-05-19,IT & Engineering,Staff,3,1.0,2,0.0,30000000
DTAA/LRH0747,2010-05-19,IT & Engineering,Staff,2,0.0,2,0.0,30000000
DTAA/NHL0521,2010-05-19,IT & Engineering,Staff,2,0.0,2,0.0,30000000
DTAA/MMH0612,2010-05-19,IT & Engineering,Staff,3,0.0,2,0.0,30000000
DTAA/MIC0914,2010-05-19,IT & Engineering,Staff,4,1.0,2,0.0,30000000
DTAA/JBL0450,2010-05-20,IT & Engineering,Staff,4,3.0,2,2.0,30000000
DTAA/NHL0253,2010-05-20,IT & Engineering,Staff,7,2.0,2,2.0,30000000
DTAA/GSL0697,2010-05-20,IT & Engineering,Staff,2,1.0,2,0.0,30000000
DTAA/MVW0630,2010-05-20,IT & Engineering,Staff,3,1.0,2,0.0,30000000
DTAA/FDP0500,2010-05-20,IT & Engineering,Staff,3,2.0,2,0.0,30000000
DTAA/AZC0030,2010-05-20,IT & Engineering,Staff,2,1.0,2,0.0,30000000
DTAA/KKW0676,2010-05-20,IT & Engineering,Staff,3,1.0,2,0.0,30000000
DTAA/SAH0192,2010-05-20,IT & Engineering,Staff,2,0.0,2,0.0,30000000
DTAA/PCM0846,2010-05-21,IT & Engineering,Staff,5,3.0,2,2.0,30000000
DTAA/AJA0220,2010-05-21,IT & Engineering,Staff,3,1.0,2,0.0,30000000
DTAA/MXM0838,2010-05-21,IT & Engineering,Staff,3,1.0,2,0.0,30000000
DTAA/JMS0793,2010-05-21,IT & Engineering,Staff,2,1.0,2,0.0,30000000
DTAA/HCG0731,2010-05-21,IT & Engineering,Staff,3,1.0,2,0.0,30000000
DTAA/HTS0265,2010-05-21,IT & Engineering,Staff,2,0.0,2,0.0,30000000
DTAA/TNB0740,2010-05-21,IT & Engineering,Staff,2,0.0,2,0.0,30000000
DTAA/GSL0697,2010-05-24,IT & Engineering,Staff,2,1.0,2,0.0,30000000
DTAA/MVW0630,2010-05-24,IT & Engineering,Staff,3,1.0,2,0.0,30000000
DTAA/AZC0030,2010-05-24,IT & Engineering,Staff,2,0.0,2,0.0,30000000
DTAA/KKW0676,2010-05-24,IT & Engineering,Staff,3,1.0,2,0.0,30000000
DTAA/LPG0099,2010-05-24,IT & Engineering,Staff,3,0.0,2,0.0,30000000
DTAA/SAH0192,2010-05-24,IT & Engineering,Staff,3,0.0,2,0.0,30000000
DTAA/JSW0180,2010-05-24,IT & Engineering,Staff,3,0.0,2,0.0,30000000
DTAA/AMA0191,2010-05-25,IT & Engineering,Staff,3,2.0,2,2.0,30000000
DTAA/KSB0673,2010-05-25,IT & Engineering,Staff,2,1.0,2,0.0,30000000
DTAA/NNB0443,2010-05-25,IT & Engineering,Staff,3,1.0,2,0.0,30000000
DTAA/ABB0272,2010-05-25,IT & Engineering,Staff,5,1.0,2,0.0,30000000
DTAA/LCK0666,2010-05-25,IT & Engineering,Staff,3,2.0,2,1.0,30000000
DTAA/LTM0418,2010-05-25,IT & Engineering,Staff,3,0.0,2,0.0,30000000
DTAA/BAF0379,2010-05-25,IT & Engineering,Staff,2,0.0,2,0.0,30000000
DTAA/IWM0482,2010-05-25,IT & Engineering,Staff,2,0.0,2,0.0,30000000
DTAA/VNM0127,2010-05-25,IT & Engineering,Staff,3,2.0,1,1.0,15000000
DTAA/MXM0838,2010-05-26,IT & Engineering,Staff,3,1.0,2,0.0,30000000
DTAA/JMS0793,2010-05-26,IT & Engineering,Staff,2,1.0,2,0.0,30000000
DTAA/VFP0669,2010-05-26,IT & Engineering,Staff,3,1.0,2,0.0,30000000
DTAA/HCG0731,2010-05-26,IT & Engineering,Staff,5,1.0,2,1.0,30000000
DTAA/AIB0797,2010-05-27,IT & Engineering,Staff,4,2.0,1,0.0,15000000
DTAA/ACH0803,2010-05-27,IT & Engineering,Staff,2,1.0,2,0.0,30000000
DTAA/SCW0707,2010-05-27,IT & Engineering,Staff,3,0.0,2,0.0,30000000
DTAA/JLM0053,2010-05-27,IT & Engineering,Staff,3,0.0,2,0.0,30000000
DTAA/TLB0017,2010-05-27,IT & Engineering,Staff,4,0.0,1,0.0,15000000
DTAA/AMA0191,2010-05-28,IT & Engineering,Staff,5,4.0,2,1.0,30000000
DTAA/NNB0443,2010-05-28,IT & Engineering,Staff,2,1.0,2,0.0,30000000
DTAA/ERP0254,2010-05-28,IT & Engineering,Staff,2,1.0,2,0.0,30000000
DTAA/LTM0418,2010-05-28,IT & Engineering,Staff,2,1.0,2,0.0,30000000
DTAA/LCK0666,2010-05-28,IT & Engineering,Staff,3,2.0,2,2.0,30000000
DTAA/ABB0272,2010-05-28,IT & Engineering,Staff,3,1.0,2,0.0,30000000
DTAA/BAF0379,2010-05-28,IT & Engineering,Staff,2,0.0,2,0.0,30000000
DTAA/EBP0037,2010-05-03,IT & Engineering,Staff,2,1.0,2,0.0,30000000
DTAA/JNF0543,2010-05-03,IT & Engineering,Staff,3,1.0,1,0.0,15000000
DTAA/MIK0034,2010-05-03,IT & Engineering,Staff,3,1.0,1,0.0,15000000
DTAA/AFH0331,2010-05-03,IT & Engineering,Staff,3,1.0,2,1.0,30000000
DTAA/SHR0025,2010-05-03,IT & Engineering,Staff,3,0.0,2,0.0,30000000
DTAA/MJM0228,2010-05-03,IT & Engineering,Staff,2,0.0,2,0.0,30000000
DTAA/CSC0297,2010-05-04,IT & Engineering,Staff,3,1.0,2,1.0,30000000
DTAA/CAC0854,2010-05-04,IT & Engineering,Staff,3,2.0,2,1.0,30000000
DTAA/CCG0876,2010-05-04,IT & Engineering,Staff,4,1.0,2,0.0,30000000
DTAA/RBC0879,2010-05-04,IT & Engineering,Staff,3,1.0,2,0.0,30000000
DTAA/FUA0154,2010-05-04,IT & Engineering,Staff,3,0.0,2,0.0,30000000
DTAA/DBB0235,2010-05-04,IT & Engineering,Staff,3,1.0,2,0.0,30000000
DTAA/NDS0490,2010-05-04,IT & Engineering,Staff,2,1.0,1,0.0,15000000
DTAA/MMF0289,2010-05-05,IT & Engineering,Staff,3,0.0,2,0.0,30000000
DTAA/JAM0392,2010-05-05,IT & Engineering,Staff,5,2.0,2,0.0,30000000
DTAA/HNF0812,2010-05-05,IT & Engineering,Staff,2,0.0,2,0.0,30000000
DTAA/PXB0069,2010-05-05,IT & Engineering,Staff,3,1.0,2,0.0,30000000
DTAA/DDK0417,2010-05-05,IT & Engineering,Staff,5,3.0,2,0.0,30000000
DTAA/MQL0135,2010-05-05,IT & Engineering,Staff,3,1.0,2,0.0,30000000
DTAA/SJA0691,2010-05-05,IT & Engineering,Staff,3,1.0,2,0.0,30000000
DTAA/CJW0317,2010-05-05,IT & Engineering,Staff,3,2.0,2,1.0,30000000
DTAA/MZW0111,2010-05-05,IT & Engineering,Staff,2,1.0,2,0.0,30000000
DTAA/YCB0005,2010-05-05,IT & Engineering,Staff,2,1.0,2,0.0,30000000
DTAA/ABS0726,2010-05-06,IT & Engineering,Staff,4,3.0,2,2.0,30000000
DTAA/RES0962,2010-05-06,IT & Engineering,Staff,2,1.0,2,0.0,30000000
DTAA/EGM0401,2010-05-06,IT & Engineering,Staff,2,1.0,2,0.0,30000000
DTAA/CHM0645,2010-05-06,IT & Engineering,Staff,2,1.0,1,0.0,15000000
DTAA/HSR0472,2010-05-06,IT & Engineering,Staff,3,0.0,2,0.0,30000000
DTAA/RME0699,2010-05-06,IT & Engineering,Staff,3,1.0,2,0.0,30000000
DTAA/MVW0630,2010-05-07,IT & Engineering,Staff,4,2.0,2,0.0,30000000
DTAA/GSL0697,2010-05-07,IT & Engineering,Staff,2,1.0,2,1.0,30000000
DTAA/AGW0182,2010-05-07,IT & Engineering,Staff,3,1.0,1,0.0,15000000
DTAA/FDP0500,2010-05-07,IT & Engineering,Staff,3,2.0,2,2.0,30000000
DTAA/KKW0676,2010-05-07,IT & Engineering,Staff,3,1.0,2,0.0,30000000
DTAA/LPG0099,2010-05-07,IT & Engineering,Staff,4,0.0,2,0.0,30000000
DTAA/SAH0192,2010-05-07,IT & Engineering,Staff,3,0.0,2,0.0,30000000
DTAA/SLC0778,2010-05-10,IT & Engineering,Staff,3,1.0,2,0.0,30000000
DTAA/DCC0600,2010-05-10,IT & Engineering,Staff,2,1.0,2,0.0,30000000
DTAA/HBL0517,2010-05-10,IT & Engineering,Staff,3,2.0,2,0.0,30000000
DTAA/ARK0026,2010-05-10,IT & Engineering,Staff,2,2.0,1,0.0,15000000
DTAA/AQG0678,2010-05-10,IT & Engineering,Staff,2,0.0,2,0.0,30000000
DTAA/DIS0382,2010-05-10,IT & Engineering,Staff,4,1.0,2,0.0,30000000
DTAA/WDW0485,2010-05-10,IT & Engineering,Staff,5,0.0,2,0.0,30000000
DTAA/AJB0016,2010-05-10,IT & Engineering,Staff,2,1.0,1,0.0,15000000
DTAA/GRG0693,2010-05-10,IT & Engineering,Staff,2,1.0,2,0.0,30000000
DTAA/EMR0242,2010-05-11,IT & Engineering,Staff,4,2.0,2,0.0,30000000
DTAA/CDZ0056,2010-05-11,IT & Engineering,Staff,3,1.0,2,0.0,30000000
DTAA/HSD0519,2010-05-11,IT & Engineering,Staff,5,0.0,2,0.0,30000000
DTAA/BGF0236,2010-05-11,IT & Engineering,Staff,3,0.0,2,0.0,30000000
DTAA/NHL0253,2010-05-12,IT & Engineering,Staff,4,1.0,1,1.0,15000000
DTAA/AGW0182,2010-05-12,IT & Engineering,Staff,4,1.0,2,1.0,30000000
DTAA/GSL0697,2010-05-12,IT & Engineering,Staff,2,1.0,2,0.0,30000000
DTAA/CGM0343,2010-05-12,IT & Engineering,Staff,3,2.0,2,1.0,30000000
DTAA/MVW0630,2010-05-12,IT & Engineering,Staff,3,1.0,2,0.0,30000000
DTAA/LPG0099,2010-05-12,IT & Engineering,Staff,5,0.0,2,0.0,30000000
DTAA/KKW0676,2010-05-12,IT & Engineering,Staff,3,1.0,2,0.0,30000000
DTAA/JSW0180,2010-05-12,IT & Engineering,Staff,3,0.0,2,0.0,30000000
DTAA/DFZ0063,2010-05-12,IT & Engineering,Staff,5,2.0,2,2.0,30000000
DTAA/WOT0549,2010-05-13,IT & Engineering,Staff,3,1.0,2,0.0,30000000
DTAA/IRC0991,2010-05-13,IT & Engineering,Staff,11,5.0,2,0.0,30000000
DTAA/SKW0871,2010-05-13,IT & Engineering,Staff,3,1.0,2,0.0,30000000
DTAA/NSP0910,2010-05-13,IT & Engineering,Staff,2,0.0,2,0.0,30000000
DTAA/BCJ0800,2010-05-13,IT & Engineering,Staff,2,1.0,2,0.0,30000000
DTAA/IKH0904,2010-05-13,IT & Engineering,Staff,5,0.0,2,0.0,30000000
DTAA/CHA0174,2010-05-14,IT & Engineering,Staff,5,2.0,4,2.0,60000000
DTAA/SLC0778,2010-05-14,IT & Engineering,Staff,2,1.0,2,0.0,30000000
DTAA/DIS0382,2010-05-14,IT & Engineering,Staff,3,1.0,2,0.0,30000000
DTAA/AQG0678,2010-05-14,IT & Engineering,Staff,3,1.0,2,0.0,30000000
DTAA/HBL0517,2010-05-14,IT & Engineering,Staff,3,2.0,2,0.0,30000000
DTAA/CPP0761,2010-05-14,IT & Engineering,Staff,2,1.0,2,2.0,30000000
DTAA/AJB0016,2010-05-14,IT & Engineering,Staff,4,1.0,2,0.0,30000000
DTAA/ODW0839,2010-05-14,IT & Engineering,Staff,2,1.0,2,1.0,30000000
DTAA/OJH0425,2010-05-17,IT & Engineering,Staff,4,2.0,2,1.0,30000000
DTAA/MJM0469,2010-05-17,IT & Engineering,Staff,3,1.0,2,0.0,30000000
DTAA/CTH0856,2010-05-17,IT & Engineering,Staff,2,0.0,2,0.0,30000000
DTAA/QKR0651,2010-05-17,IT & Engineering,Staff,2,1.0,2,0.0,30000000
DTAA/HTS0265,2010-05-18,IT & Engineering,Staff,3,1.0,1,1.0,15000000
DTAA/JMS0793,2010-05-18,IT & Engineering,Staff,2,1.0,2,0.0,30000000
DTAA/HCG0731,2010-05-18,IT & Engineering,Staff,5,1.0,2,1.0,30000000
DTAA/TNB0740,2010-05-18,IT & Engineering,Staff,2,0.0,2,0.0,30000000
DTAA/CCB0496,2010-05-19,IT & Engineering,Staff,2,1.0,2,0.0,30000000
DTAA/WOT0549,2010-05-19,IT & Engineering,Staff,3,2.0,3,1.0,45000000
DTAA/IRC0991,2010-05-19,IT & Engineering,Staff,15,8.0,2,0.0,30000000
DTAA/SKW0871,2010-05-19,IT & Engineering,Staff,3,1.0,1,0.0,15000000
DTAA/NSP0910,2010-05-19,IT & Engineering,Staff,2,0.0,2,0.0,30000000
DTAA/BCJ0800,2010-05-19,IT & Engineering,Staff,2,1.0,2,0.0,30000000
DTAA/IKH0904,2010-05-19,IT & Engineering,Staff,3,0.0,2,0.0,30000000
DTAA/ACH0803,2010-05-20,IT & Engineering,Staff,2,1.0,2,0.0,30000000
DTAA/PSP0555,2010-05-20,IT & Engineering,Staff,4,1.0,2,0.0,30000000
DTAA/JLM0053,2010-05-20,IT & Engineering,Staff,3,0.0,2,0.0,30000000
DTAA/JLL0301,2010-05-20,IT & Engineering,Staff,2,1.0,2,0.0,30000000
DTAA/AIB0797,2010-05-20,IT & Engineering,Staff,3,1.0,2,1.0,30000000
DTAA/TLB0017,2010-05-20,IT & Engineering,Staff,2,0.0,2,0.0,30000000
DTAA/AMA0191,2010-05-21,IT & Engineering,Staff,2,2.0,2,0.0,30000000
DTAA/KSB0673,2010-05-21,IT & Engineering,Staff,2,1.0,2,0.0,30000000
DTAA/LCK0666,2010-05-21,IT & Engineering,Staff,3,2.0,2,2.0,30000000
DTAA/NNB0443,2010-05-21,IT & Engineering,Staff,3,1.0,2,0.0,30000000
DTAA/LTM0418,2010-05-21,IT & Engineering,Staff,5,1.0,2,0.0,30000000
DTAA/ABB0272,2010-05-21,IT & Engineering,Staff,5,2.0,2,0.0,30000000
DTAA/LID0942,2010-05-21,IT & Engineering,Staff,3,0.0,2,0.0,30000000
DTAA/PIP0746,2010-05-21,IT & Engineering,Staff,3,1.0,2,2.0,30000000
DTAA/AJP0553,2010-05-21,IT & Engineering,Staff,3,2.0,1,1.0,15000000
DTAA/AJP0553,2010-05-22,IT & Engineering,Staff,1,1.0,1,1.0,15000000
DTAA/ACH0803,2010-05-24,IT & Engineering,Staff,2,1.0,2,0.0,30000000
DTAA/SCW0707,2010-05-24,IT & Engineering,Staff,3,0.0,2,0.0,30000000
DTAA/JLM0053,2010-05-24,IT & Engineering,Staff,2,0.0,2,0.0,30000000
DTAA/JLL0301,2010-05-24,IT & Engineering,Staff,2,1.0,2,0.0,30000000
DTAA/TLB0017,2010-05-24,IT & Engineering,Staff,2,0.0,2,0.0,30000000
DTAA/JSB0493,2010-05-24,IT & Engineering,Staff,3,1.0,2,0.0,30000000
DTAA/HTS0265,2010-05-25,IT & Engineering,Staff,4,2.0,2,2.0,30000000
DTAA/MXM0838,2010-05-25,IT & Engineering,Staff,3,1.0,2,0.0,30000000
DTAA/JMS0793,2010-05-25,IT & Engineering,Staff,2,1.0,2,0.0,30000000
DTAA/HCG0731,2010-05-25,IT & Engineering,Staff,3,1.0,2,0.0,30000000
DTAA/TNB0740,2010-05-25,IT & Engineering,Staff,2,0.0,2,0.0,30000000
DTAA/VNM0127,2010-05-26,IT & Engineering,Staff,3,2.0,3,2.0,45000000
DTAA/AMA0191,2010-05-26,IT & Engineering,Staff,3,2.0,2,2.0,30000000
DTAA/JJR0278,2010-05-26,IT & Engineering,Staff,2,1.0,1,0.0,15000000
DTAA/NNB0443,2010-05-26,IT & Engineering,Staff,2,1.0,2,0.0,30000000
DTAA/KSB0673,2010-05-26,IT & Engineering,Staff,3,1.0,2,0.0,30000000
DTAA/ABB0272,2010-05-26,IT & Engineering,Staff,3,2.0,2,0.0,30000000
DTAA/XKR0971,2010-05-26,IT & Engineering,Staff,2,2.0,1,0.0,15000000
DTAA/LCK0666,2010-05-26,IT & Engineering,Staff,5,2.0,2,0.0,30000000
DTAA/LTM0418,2010-05-26,IT & Engineering,Staff,3,0.0,2,0.0,30000000
DTAA/SDC0032,2010-05-26,IT & Engineering,Staff,3,0.0,2,0.0,30000000
DTAA/LID0942,2010-05-26,IT & Engineering,Staff,3,0.0,2,0.0,30000000
DTAA/PIP0746,2010-05-26,IT & Engineering,Staff,3,1.0,2,1.0,30000000
DTAA/AJP0553,2010-05-26,IT & Engineering,Staff,4,3.0,2,2.0,30000000
DTAA/TAO0639,2010-05-26,IT & Engineering,Staff,2,1.0,1,1.0,15000000
DTAA/TKH0211,2010-05-27,IT & Engineering,Staff,7,4.0,2,2.0,30000000
DTAA/SAH0192,2010-05-27,IT & Engineering,Staff,4,1.0,2,0.0,30000000
DTAA/GSL0697,2010-05-27,IT & Engineering,Staff,2,1.0,2,0.0,30000000
DTAA/CGM0343,2010-05-27,IT & Engineering,Staff,5,2.0,2,0.0,30000000
DTAA/MVW0630,2010-05-27,IT & Engineering,Staff,4,2.0,2,1.0,30000000
DTAA/FDP0500,2010-05-27,IT & Engineering,Staff,3,2.0,2,0.0,30000000
DTAA/AZC0030,2010-05-27,IT & Engineering,Staff,2,0.0,2,0.0,30000000
DTAA/KKW0676,2010-05-27,IT & Engineering,Staff,2,1.0,2,0.0,30000000
DTAA/MXM0838,2010-05-28,IT & Engineering,Staff,3,1.0,2,1.0,30000000
DTAA/AJA0220,2010-05-28,IT & Engineering,Staff,5,3.0,1,0.0,15000000
DTAA/JMS0793,2010-05-28,IT & Engineering,Staff,2,1.0,2,0.0,30000000
DTAA/HTS0265,2010-05-28,IT & Engineering,Staff,2,0.0,2,0.0,30000000
DTAA/TNB0740,2010-05-28,IT & Engineering,Staff,2,0.0,2,0.0,30000000
DTAA/AJP0553,2010-05-01,IT & Engineering,Staff,2,2.0,2,2.0,30000000
DTAA/SLC0778,2010-05-03,IT & Engineering,Staff,3,1.0,2,0.0,30000000
DTAA/DCC0600,2010-05-03,IT & Engineering,Staff,2,1.0,2,0.0,30000000
DTAA/HBL0517,2010-05-03,IT & Engineering,Staff,2,1.0,2,0.0,30000000
DTAA/AQG0678,2010-05-03,IT & Engineering,Staff,3,1.0,2,0.0,30000000
DTAA/DIS0382,2010-05-03,IT & Engineering,Staff,3,0.0,2,0.0,30000000
DTAA/CHA0174,2010-05-03,IT & Engineering,Staff,5,0.0,2,0.0,30000000
DTAA/CPP0761,2010-05-03,IT & Engineering,Staff,2,1.0,2,0.0,30000000
DTAA/SOM0478,2010-05-03,IT & Engineering,Staff,2,0.0,2,0.0,30000000
DTAA/AJB0016,2010-05-03,IT & Engineering,Staff,3,1.0,2,0.0,30000000
DTAA/ZKH0388,2010-05-04,IT & Engineering,Staff,2,1.0,2,0.0,30000000
DTAA/RES0962,2010-05-04,IT & Engineering,Staff,2,1.0,1,0.0,15000000
DTAA/MCM0346,2010-05-04,IT & Engineering,Staff,4,2.0,2,0.0,30000000
DTAA/ARM0416,2010-05-04,IT & Engineering,Staff,3,1.0,2,0.0,30000000
DTAA/GKJ0573,2010-05-04,IT & Engineering,Staff,2,1.0,1,0.0,15000000
DTAA/HSR0472,2010-05-04,IT & Engineering,Staff,3,0.0,1,0.0,15000000
DTAA/PMB0702,2010-05-04,IT & Engineering,Staff,3,1.0,2,0.0,30000000
DTAA/DBB0235,2010-05-05,IT & Engineering,Staff,5,1.0,2,0.0,30000000
DTAA/NDS0490,2010-05-05,IT & Engineering,Staff,2,1.0,2,0.0,30000000
DTAA/CSC0297,2010-05-05,IT & Engineering,Staff,5,1.0,2,0.0,30000000
DTAA/WMJ0364,2010-05-05,IT & Engineering,Staff,3,0.0,2,0.0,30000000
DTAA/CAC0854,2010-05-05,IT & Engineering,Staff,3,2.0,2,2.0,30000000
DTAA/PUH0847,2010-05-06,IT & Engineering,Staff,2,1.0,1,0.0,15000000
DTAA/BJC0569,2010-05-06,IT & Engineering,Staff,3,1.0,2,0.0,30000000
DTAA/BYB0347,2010-05-06,IT & Engineering,Staff,3,1.0,2,1.0,30000000
DTAA/JZO0727,2010-05-06,IT & Engineering,Staff,3,1.0,2,0.0,30000000
DTAA/EDH0146,2010-05-06,IT & Engineering,Staff,3,2.0,2,1.0,30000000
DTAA/ARR0977,2010-05-06,IT & Engineering,Staff,3,2.0,2,0.0,30000000
DTAA/SPK0818,2010-05-06,IT & Engineering,Staff,2,1.0,2,0.0,30000000
DTAA/DAV0579,2010-05-06,IT & Engineering,Staff,3,0.0,2,0.0,30000000
DTAA/HDR0823,2010-05-06,IT & Engineering,Staff,3,1.0,2,0.0,30000000
DTAA/HIB0604,2010-05-06,IT & Engineering,Staff,2,1.0,2,0.0,30000000
DTAA/AJC0266,2010-05-06,IT & Engineering,Staff,3,0.0,2,0.0,30000000
DTAA/VMA0051,2010-05-06,IT & Engineering,Staff,3,0.0,2,0.0,30000000
DTAA/XQW0354,2010-05-06,IT & Engineering,Staff,2,0.0,2,0.0,30000000
DTAA/YQW0689,2010-05-07,IT & Engineering,Staff,3,1.0,2,0.0,30000000
DTAA/SEF0446,2010-05-07,IT & Engineering,Staff,3,1.0,2,0.0,30000000
DTAA/DBF0903,2010-05-07,IT & Engineering,Staff,5,1.0,2,0.0,30000000
DTAA/BNW0850,2010-05-07,IT & Engineering,Staff,2,1.0,2,1.0,30000000
DTAA/AFR0646,2010-05-07,IT & Engineering,Staff,2,1.0,2,0.0,30000000
DTAA/SJH0588,2010-05-07,IT & Engineering,Staff,3,1.0,2,1.0,30000000
DTAA/WJG0153,2010-05-07,IT & Engineering,Staff,3,0.0,2,0.0,30000000
DTAA/AMA0191,2010-05-10,IT & Engineering,Staff,3,2.0,2,0.0,30000000
DTAA/JJR0278,2010-05-10,IT & Engineering,Staff,3,1.0,2,1.0,30000000
DTAA/NNB0443,2010-05-10,IT & Engineering,Staff,3,1.0,2,0.0,30000000
DTAA/KSB0673,2010-05-10,IT & Engineering,Staff,3,1.0,2,0.0,30000000
DTAA/ERP0254,2010-05-10,IT & Engineering,Staff,2,1.0,2,0.0,30000000
DTAA/LID0942,2010-05-10,IT & Engineering,Staff,3,1.0,2,0.0,30000000
DTAA/ABB0272,2010-05-10,IT & Engineering,Staff,3,2.0,2,0.0,30000000
DTAA/LCK0666,2010-05-10,IT & Engineering,Staff,3,2.0,2,0.0,30000000
DTAA/LTM0418,2010-05-10,IT & Engineering,Staff,3,1.0,2,0.0,30000000
DTAA/XKR0971,2010-05-10,IT & Engineering,Staff,2,1.0,2,0.0,30000000
DTAA/PIP0746,2010-05-10,IT & Engineering,Staff,3,1.0,2,0.0,30000000
DTAA/TAO0639,2010-05-10,IT & Engineering,Staff,4,1.0,2,0.0,30000000
DTAA/IKH0904,2010-05-11,IT & Engineering,Staff,6,1.0,4,2.0,60000000
DTAA/FKR0550,2010-05-11,IT & Engineering,Staff,3,1.0,2,0.0,30000000
DTAA/CCB0496,2010-05-11,IT & Engineering,Staff,2,1.0,2,0.0,30000000
DTAA/SKW0871,2010-05-11,IT & Engineering,Staff,3,1.0,2,0.0,30000000
DTAA/JLC0744,2010-05-11,IT & Engineering,Staff,2,2.0,2,0.0,30000000
DTAA/NSP0910,2010-05-11,IT & Engineering,Staff,2,0.0,2,0.0,30000000
DTAA/BPC0533,2010-05-11,IT & Engineering,Staff,3,1.0,2,1.0,30000000
DTAA/CVW0133,2010-05-12,IT & Engineering,Staff,3,2.0,1,0.0,15000000
DTAA/DBF0903,2010-05-12,IT & Engineering,Staff,3,1.0,2,0.0,30000000
DTAA/JGB0062,2010-05-12,IT & Engineering,Staff,3,1.0,1,0.0,15000000
DTAA/SJH0588,2010-05-12,IT & Engineering,Staff,2,1.0,2,0.0,30000000
DTAA/EMZ0196,2010-05-13,IT & Engineering,Staff,2,2.0,2,0.0,30000000
DTAA/AMA0191,2010-05-14,IT & Engineering,Staff,3,2.0,1,0.0,15000000
DTAA/NNB0443,2010-05-14,IT & Engineering,Staff,2,1.0,2,0.0,30000000
DTAA/KSB0673,2010-05-14,IT & Engineering,Staff,2,1.0,2,0.0,30000000
DTAA/ERP0254,2010-05-14,IT & Engineering,Staff,2,1.0,2,0.0,30000000
DTAA/ABB0272,2010-05-14,IT & Engineering,Staff,5,2.0,2,0.0,30000000
DTAA/LCK0666,2010-05-14,IT & Engineering,Staff,5,2.0,2,2.0,30000000
DTAA/LID0942,2010-05-14,IT & Engineering,Staff,4,0.0,1,0.0,15000000
DTAA/PIP0746,2010-05-14,IT & Engineering,Staff,3,1.0,2,0.0,30000000
DTAA/TAO0639,2010-05-14,IT & Engineering,Staff,2,1.0,2,0.0,30000000
DTAA/GNH0394,2010-05-17,IT & Engineering,Staff,5,1.0,2,0.0,30000000
DTAA/KKW0945,2010-05-17,IT & Engineering,Staff,5,1.0,2,0.0,30000000
DTAA/BTW0973,2010-05-17,IT & Engineering,Staff,4,3.0,2,2.0,30000000
DTAA/RVS0852,2010-05-17,IT & Engineering,Staff,5,2.0,2,0.0,30000000
DTAA/OYR0801,2010-05-17,IT & Engineering,Staff,3,1.0,2,1.0,30000000
DTAA/MMH0612,2010-05-17,IT & Engineering,Staff,2,0.0,2,0.0,30000000
DTAA/EBP0037,2010-05-18,IT & Engineering,Staff,2,1.0,2,0.0,30000000
DTAA/GHC0041,2010-05-18,IT & Engineering,Staff,3,2.0,2,0.0,30000000
DTAA/JNF0543,2010-05-18,IT & Engineering,Staff,5,3.0,2,0.0,30000000
DTAA/MIK0034,2010-05-18,IT & Engineering,Staff,3,1.0,2,1.0,30000000
DTAA/VCG0663,2010-05-18,IT & Engineering,Staff,5,1.0,2,0.0,30000000
DTAA/AFH0331,2010-05-18,IT & Engineering,Staff,3,1.0,2,1.0,30000000
DTAA/DFW0798,2010-05-18,IT & Engineering,Staff,3,0.0,2,0.0,30000000
DTAA/EMZ0196,2010-05-19,IT & Engineering,Staff,5,2.0,2,0.0,30000000
DTAA/BGF0236,2010-05-19,IT & Engineering,Staff,2,0.0,1,0.0,15000000
DTAA/AJB0370,2010-05-20,IT & Engineering,Staff,3,1.0,2,0.0,30000000
DTAA/ATJ0284,2010-05-20,IT & Engineering,Staff,2,1.0,2,0.0,30000000
DTAA/HKM0260,2010-05-20,IT & Engineering,Staff,3,1.0,2,1.0,30000000
DTAA/SLC0778,2010-05-21,IT & Engineering,Staff,3,1.0,2,0.0,30000000
DTAA/DIS0382,2010-05-21,IT & Engineering,Staff,3,1.0,2,0.0,30000000
DTAA/AQG0678,2010-05-21,IT & Engineering,Staff,5,0.0,2,0.0,30000000
DTAA/HBL0517,2010-05-21,IT & Engineering,Staff,3,1.0,2,0.0,30000000
DTAA/WDW0485,2010-05-21,IT & Engineering,Staff,3,0.0,2,0.0,30000000
DTAA/RHP0688,2010-05-21,IT & Engineering,Staff,3,0.0,2,0.0,30000000
DTAA/CHA0174,2010-05-21,IT & Engineering,Staff,2,0.0,2,0.0,30000000
DTAA/AJB0016,2010-05-21,IT & Engineering,Staff,3,1.0,2,0.0,30000000
DTAA/ODW0839,2010-05-21,IT & Engineering,Staff,2,1.0,2,1.0,30000000
DTAA/GRG0693,2010-05-21,IT & Engineering,Staff,2,1.0,2,1.0,30000000
DTAA/ATJ0284,2010-05-24,IT & Engineering,Staff,2,1.0,2,0.0,30000000
DTAA/HKM0260,2010-05-24,IT & Engineering,Staff,3,1.0,2,0.0,30000000
DTAA/EBP0037,2010-05-25,IT & Engineering,Staff,2,1.0,2,1.0,30000000
DTAA/GHC0041,2010-05-25,IT & Engineering,Staff,3,2.0,2,0.0,30000000
DTAA/VCG0663,2010-05-25,IT & Engineering,Staff,3,1.0,2,0.0,30000000
DTAA/AFH0331,2010-05-25,IT & Engineering,Staff,3,1.0,2,2.0,30000000
DTAA/DFW0798,2010-05-25,IT & Engineering,Staff,2,0.0,2,0.0,30000000
DTAA/MJM0228,2010-05-25,IT & Engineering,Staff,2,1.0,2,0.0,30000000
DTAA/GRG0693,2010-05-26,IT & Engineering,Staff,4,3.0,2,0.0,30000000
DTAA/SLC0778,2010-05-26,IT & Engineering,Staff,3,1.0,2,0.0,30000000
DTAA/ARK0026,2010-05-26,IT & Engineering,Staff,2,2.0,2,0.0,30000000
DTAA/AQG0678,2010-05-26,IT & Engineering,Staff,3,1.0,2,0.0,30000000
DTAA/ESB0080,2010-05-26,IT & Engineering,Staff,2,1.0,2,0.0,30000000
DTAA/WDW0485,2010-05-26,IT & Engineering,Staff,3,0.0,1,0.0,15000000
DTAA/RHP0688,2010-05-26,IT & Engineering,Staff,3,0.0,2,0.0,30000000
DTAA/AJB0016,2010-05-26,IT & Engineering,Staff,3,1.0,2,0.0,30000000
DTAA/SEF0446,2010-05-27,IT & Engineering,Staff,2,1.0,2,0.0,30000000
DTAA/BNW0850,2010-05-27,IT & Engineering,Staff,2,1.0,2,1.0,30000000
DTAA/AFR0646,2010-05-27,IT & Engineering,Staff,2,1.0,2,0.0,30000000
DTAA/SJH0588,2010-05-27,IT & Engineering,Staff,2,1.0,2,0.0,30000000
DTAA/WJG0153,2010-05-27,IT & Engineering,Staff,3,0.0,2,0.0,30000000
DTAA/EBP0037,2010-05-28,IT & Engineering,Staff,2,1.0,1,0.0,15000000
DTAA/GHC0041,2010-05-28,IT & Engineering,Staff,3,2.0,2,0.0,30000000
DTAA/VCG0663,2010-05-28,IT & Engineering,Staff,3,1.0,2,0.0,30000000
DTAA/AMA0191,2010-05-03,IT & Engineering,Staff,3,2.0,2,0.0,30000000
DTAA/ERP0254,2010-05-03,IT & Engineering,Staff,2,1.0,1,0.0,15000000
DTAA/WTA0867,2010-05-03,IT & Engineering,Staff,3,2.0,2,2.0,30000000
DTAA/JJR0278,2010-05-03,IT & Engineering,Staff,3,1.0,2,0.0,30000000
DTAA/KSB0673,2010-05-03,IT & Engineering,Staff,3,1.0,2,0.0,30000000
DTAA/XKR0971,2010-05-03,IT & Engineering,Staff,2,2.0,2,0.0,30000000
DTAA/NNB0443,2010-05-03,IT & Engineering,Staff,3,1.0,2,0.0,30000000
DTAA/LCK0666,2010-05-03,IT & Engineering,Staff,3,2.0,2,1.0,30000000
DTAA/ABB0272,2010-05-03,IT & Engineering,Staff,3,0.0,2,0.0,30000000
DTAA/LID0942,2010-05-03,IT & Engineering,Staff,3,0.0,2,0.0,30000000
DTAA/PIP0746,2010-05-03,IT & Engineering,Staff,3,1.0,1,0.0,15000000
DTAA/TAO0639,2010-05-03,IT & Engineering,Staff,2,1.0,2,1.0,30000000
DTAA/BJC0569,2010-05-04,IT & Engineering,Staff,3,1.0,2,0.0,30000000
DTAA/JZO0727,2010-05-04,IT & Engineering,Staff,2,1.0,2,0.0,30000000
DTAA/RCW0436,2010-05-04,IT & Engineering,Staff,2,1.0,2,0.0,30000000
DTAA/SPK0818,2010-05-04,IT & Engineering,Staff,4,0.0,2,0.0,30000000
DTAA/DAV0579,2010-05-04,IT & Engineering,Staff,3,0.0,2,0.0,30000000
DTAA/MAB0532,2010-05-04,IT & Engineering,Staff,2,0.0,2,0.0,30000000
DTAA/STF0145,2010-05-04,IT & Engineering,Staff,3,0.0,2,0.0,30000000
DTAA/AJC0266,2010-05-04,IT & Engineering,Staff,3,0.0,2,0.0,30000000
DTAA/LBB0095,2010-05-04,IT & Engineering,Staff,5,1.0,2,2.0,30000000
DTAA/VMA0051,2010-05-04,IT & Engineering,Staff,3,0.0,2,0.0,30000000
DTAA/FFP0721,2010-05-05,IT & Engineering,Staff,3,1.0,2,0.0,30000000
DTAA/LCG0546,2010-05-05,IT & Engineering,Staff,2,1.0,2,0.0,30000000
DTAA/ATJ0284,2010-05-05,IT & Engineering,Staff,2,1.0,2,0.0,30000000
DTAA/YCV0635,2010-05-05,IT & Engineering,Staff,2,1.0,2,0.0,30000000
DTAA/LJR0772,2010-05-05,IT & Engineering,Staff,2,2.0,2,0.0,30000000
DTAA/SAH0192,2010-05-06,IT & Engineering,Staff,5,2.0,2,0.0,30000000
DTAA/CGM0343,2010-05-06,IT & Engineering,Staff,2,2.0,2,0.0,30000000
DTAA/AGW0182,2010-05-06,IT & Engineering,Staff,5,1.0,2,0.0,30000000
DTAA/FDP0500,2010-05-06,IT & Engineering,Staff,3,2.0,2,2.0,30000000
DTAA/MVW0630,2010-05-06,IT & Engineering,Staff,4,2.0,2,0.0,30000000
DTAA/AZC0030,2010-05-06,IT & Engineering,Staff,2,1.0,1,0.0,15000000
DTAA/ZKH0388,2010-05-07,IT & Engineering,Staff,3,1.0,2,0.0,30000000
DTAA/RES0962,2010-05-07,IT & Engineering,Staff,2,1.0,2,0.0,30000000
DTAA/RLC0442,2010-05-07,IT & Engineering,Staff,3,2.0,1,1.0,15000000
DTAA/MCM0346,2010-05-07,IT & Engineering,Staff,3,2.0,1,0.0,15000000
DTAA/ARM0416,2010-05-07,IT & Engineering,Staff,3,1.0,2,0.0,30000000
DTAA/RME0699,2010-05-07,IT & Engineering,Staff,3,1.0,2,0.0,30000000
DTAA/HSR0472,2010-05-07,IT & Engineering,Staff,2,0.0,2,0.0,30000000
DTAA/CCB0496,2010-05-10,IT & Engineering,Staff,3,1.0,2,0.0,30000000
DTAA/WOT0549,2010-05-10,IT & Engineering,Staff,3,1.0,2,0.0,30000000
DTAA/SKW0871,2010-05-10,IT & Engineering,Staff,3,1.0,1,0.0,15000000
DTAA/BCJ0800,2010-05-10,IT & Engineering,Staff,2,1.0,2,0.0,30000000
DTAA/NSP0910,2010-05-10,IT & Engineering,Staff,2,0.0,1,0.0,15000000
DTAA/IKH0904,2010-05-10,IT & Engineering,Staff,4,1.0,2,0.0,30000000
DTAA/AMA0191,2010-05-11,IT & Engineering,Staff,2,2.0,2,0.0,30000000
DTAA/JJR0278,2010-05-11,IT & Engineering,Staff,3,1.0,2,0.0,30000000
DTAA/NNB0443,2010-05-11,IT & Engineering,Staff,3,1.0,2,0.0,30000000
DTAA/ERP0254,2010-05-11,IT & Engineering,Staff,4,1.0,2,0.0,30000000
DTAA/KSB0673,2010-05-11,IT & Engineering,Staff,2,1.0,2,0.0,30000000
DTAA/WTA0867,2010-05-11,IT & Engineering,Staff,3,2.0,1,1.0,15000000
DTAA/ABB0272,2010-05-11,IT & Engineering,Staff,2,1.0,1,0.0,15000000
DTAA/XKR0971,2010-05-11,IT & Engineering,Staff,2,1.0,2,0.0,30000000
DTAA/TAO0639,2010-05-11,IT & Engineering,Staff,2,1.0,2,0.0,30000000
DTAA/SRN0275,2010-05-12,IT & Engineering,Staff,5,4.0,2,2.0,30000000
DTAA/CMF0339,2010-05-12,IT & Engineering,Staff,5,3.0,2,2.0,30000000
DTAA/COS0121,2010-05-12,IT & Engineering,Staff,3,1.0,2,0.0,30000000
DTAA/MCM0346,2010-05-12,IT & Engineering,Staff,3,2.0,2,0.0,30000000
DTAA/RME0699,2010-05-12,IT & Engineering,Staff,3,2.0,2,0.0,30000000
DTAA/HSR0472,2010-05-12,IT & Engineering,Staff,3,0.0,1,0.0,15000000
DTAA/SLC0778,2010-05-13,IT & Engineering,Staff,3,1.0,2,0.0,30000000
DTAA/DCC0600,2010-05-13,IT & Engineering,Staff,2,1.0,2,0.0,30000000
DTAA/DIS0382,2010-05-13,IT & Engineering,Staff,4,3.0,2,0.0,30000000
DTAA/ARK0026,2010-05-13,IT & Engineering,Staff,2,1.0,2,0.0,30000000
DTAA/ESB0080,2010-05-13,IT & Engineering,Staff,2,0.0,2,0.0,30000000
DTAA/AQG0678,2010-05-13,IT & Engineering,Staff,3,0.0,2,0.0,30000000
DTAA/RHP0688,2010-05-13,IT & Engineering,Staff,3,0.0,2,0.0,30000000
DTAA/WDW0485,2010-05-13,IT & Engineering,Staff,3,0.0,2,0.0,30000000
DTAA/SOM0478,2010-05-13,IT & Engineering,Staff,2,0.0,1,0.0,15000000
DTAA/CHA0174,2010-05-13,IT & Engineering,Staff,3,0.0,2,0.0,30000000
DTAA/AJB0016,2010-05-13,IT & Engineering,Staff,3,1.0,2,1.0,30000000
DTAA/GRG0693,2010-05-13,IT & Engineering,Staff,3,2.0,2,0.0,30000000
DTAA/KAD0059,2010-05-14,IT & Engineering,Staff,7,3.0,2,2.0,30000000
DTAA/IKH0904,2010-05-14,IT & Engineering,Staff,5,2.0,2,0.0,30000000
DTAA/FKR0550,2010-05-14,IT & Engineering,Staff,3,1.0,2,0.0,30000000
DTAA/CCB0496,2010-05-14,IT & Engineering,Staff,3,1.0,2,0.0,30000000
DTAA/WOT0549,2010-05-14,IT & Engineering,Staff,3,1.0,2,0.0,30000000
DTAA/SKW0871,2010-05-14,IT & Engineering,Staff,3,1.0,2,0.0,30000000
DTAA/JLC0744,2010-05-14,IT & Engineering,Staff,2,2.0,2,0.0,30000000
DTAA/BCJ0800,2010-05-14,IT & Engineering,Staff,2,1.0,2,0.0,30000000
DTAA/NSP0910,2010-05-14,IT & Engineering,Staff,2,0.0,2,0.0,30000000
DTAA/BPC0533,2010-05-14,IT & Engineering,Staff,4,1.0,2,0.0,30000000
DTAA/MXM0838,2010-05-17,IT & Engineering,Staff,2,1.0,2,0.0,30000000
DTAA/AJA0220,2010-05-17,IT & Engineering,Staff,5,3.0,4,2.0,60000000
DTAA/JMS0793,2010-05-17,IT & Engineering,Staff,2,1.0,2,0.0,30000000
DTAA/HCG0731,2010-05-17,IT & Engineering,Staff,3,1.0,2,0.0,30000000
DTAA/HTS0265,2010-05-17,IT & Engineering,Staff,3,1.0,1,1.0,15000000
DTAA/TNB0740,2010-05-17,IT & Engineering,Staff,2,0.0,2,0.0,30000000
DTAA/MJM0469,2010-05-18,IT & Engineering,Staff,3,1.0,2,0.0,30000000
DTAA/SLC0778,2010-05-19,IT & Engineering,Staff,3,1.0,1,0.0,15000000
DTAA/DIS0382,2010-05-19,IT & Engineering,Staff,5,1.0,2,0.0,30000000
DTAA/ESB0080,2010-05-19,IT & Engineering,Staff,5,2.0,2,0.0,30000000
DTAA/AQG0678,2010-05-19,IT & Engineering,Staff,3,1.0,2,0.0,30000000
DTAA/ARK0026,2010-05-19,IT & Engineering,Staff,2,0.0,2,0.0,30000000
DTAA/RHP0688,2010-05-19,IT & Engineering,Staff,3,0.0,2,0.0,30000000
DTAA/CPP0761,2010-05-19,IT & Engineering,Staff,2,1.0,2,0.0,30000000
DTAA/CHA0174,2010-05-19,IT & Engineering,Staff,2,0.0,1,0.0,15000000
DTAA/AJB0016,2010-05-19,IT & Engineering,Staff,3,1.0,1,0.0,15000000
DTAA/RBC0879,2010-05-20,IT & Engineering,Staff,4,2.0,2,0.0,30000000
DTAA/CSC0297,2010-05-20,IT & Engineering,Staff,3,1.0,2,0.0,30000000
DTAA/HDR0261,2010-05-20,IT & Engineering,Staff,3,2.0,2,1.0,30000000
DTAA/CCG0876,2010-05-20,IT & Engineering,Staff,3,1.0,2,0.0,30000000
DTAA/CAC0854,2010-05-20,IT & Engineering,Staff,3,1.0,2,0.0,30000000
DTAA/FUA0154,2010-05-20,IT & Engineering,Staff,3,0.0,2,0.0,30000000
DTAA/DBB0235,2010-05-20,IT & Engineering,Staff,3,1.0,2,1.0,30000000
DTAA/NDS0490,2010-05-20,IT & Engineering,Staff,3,2.0,2,0.0,30000000
DTAA/CDZ0056,2010-05-21,IT & Engineering,Staff,3,1.0,2,0.0,30000000
DTAA/HSD0519,2010-05-21,IT & Engineering,Staff,3,0.0,1,0.0,15000000
DTAA/BGF0236,2010-05-21,IT & Engineering,Staff,2,0.0,2,0.0,30000000
DTAA/CSC0297,2010-05-24,IT & Engineering,Staff,3,1.0,2,0.0,30000000
DTAA/JAD0531,2010-05-24,IT & Engineering,Staff,2,1.0,2,0.0,30000000
DTAA/CCG0876,2010-05-24,IT & Engineering,Staff,3,2.0,2,0.0,30000000
DTAA/HDR0261,2010-05-24,IT & Engineering,Staff,3,2.0,2,1.0,30000000
DTAA/CAC0854,2010-05-24,IT & Engineering,Staff,2,1.0,2,0.0,30000000
DTAA/RBC0879,2010-05-24,IT & Engineering,Staff,3,1.0,2,0.0,30000000
DTAA/FUA0154,2010-05-24,IT & Engineering,Staff,3,0.0,1,0.0,15000000
DTAA/DBB0235,2010-05-24,IT & Engineering,Staff,3,1.0,2,0.0,30000000
DTAA/NDS0490,2010-05-24,IT & Engineering,Staff,2,1.0,2,1.0,30000000
DTAA/MJM0469,2010-05-25,IT & Engineering,Staff,3,1.0,2,0.0,30000000
DTAA/QKR0651,2010-05-25,IT & Engineering,Staff,2,1.0,2,1.0,30000000
DTAA/HSD0519,2010-05-26,IT & Engineering,Staff,5,0.0,2,0.0,30000000
DTAA/BGF0236,2010-05-26,IT & Engineering,Staff,3,0.0,2,0.0,30000000
DTAA/ABS0726,2010-05-27,IT & Engineering,Staff,3,2.0,2,2.0,30000000
DTAA/ZKH0388,2010-05-27,IT & Engineering,Staff,3,1.0,2,0.0,30000000
DTAA/MCM0346,2010-05-27,IT & Engineering,Staff,3,2.0,2,0.0,30000000
DTAA/ARM0416,2010-05-27,IT & Engineering,Staff,2,1.0,2,0.0,30000000
DTAA/CHM0645,2010-05-27,IT & Engineering,Staff,2,1.0,2,0.0,30000000
DTAA/JBS0483,2010-05-27,IT & Engineering,Staff,3,1.0,2,0.0,30000000
DTAA/GKJ0573,2010-05-27,IT & Engineering,Staff,2,0.0,2,0.0,30000000
DTAA/RME0699,2010-05-27,IT & Engineering,Staff,3,1.0,2,0.0,30000000
DTAA/HSR0472,2010-05-27,IT & Engineering,Staff,3,0.0,2,0.0,30000000
DTAA/PMB0702,2010-05-27,IT & Engineering,Staff,3,1.0,2,0.0,30000000
DTAA/CWG0305,2010-05-27,IT & Engineering,Staff,2,1.0,2,2.0,30000000
DTAA/OJH0425,2010-05-28,IT & Engineering,Staff,5,2.0,2,0.0,30000000
DTAA/MJM0469,2010-05-28,IT & Engineering,Staff,3,1.0,1,0.0,15000000
DTAA/HTC0607,2010-05-28,IT & Engineering,Staff,6,1.0,3,1.0,45000000
DTAA/AFN0918,2010-05-28,IT & Engineering,Staff,3,0.0,2,0.0,30000000
DTAA/IRC0991,2010-05-03,IT & Engineering,Staff,15,13.0,2,0.0,30000000
DTAA/WOT0549,2010-05-03,IT & Engineering,Staff,3,1.0,2,0.0,30000000
DTAA/SKW0871,2010-05-03,IT & Engineering,Staff,2,1.0,2,1.0,30000000
DTAA/BCJ0800,2010-05-03,IT & Engineering,Staff,2,1.0,2,0.0,30000000
DTAA/NSP0910,2010-05-03,IT & Engineering,Staff,2,0.0,2,0.0,30000000
DTAA/IKH0904,2010-05-03,IT & Engineering,Staff,3,0.0,2,0.0,30000000
DTAA/NHL0253,2010-05-04,IT & Engineering,Staff,6,1.0,2,2.0,30000000
DTAA/GSL0697,2010-05-04,IT & Engineering,Staff,2,1.0,2,0.0,30000000
DTAA/FDP0500,2010-05-04,IT & Engineering,Staff,3,2.0,2,0.0,30000000
DTAA/MVW0630,2010-05-04,IT & Engineering,Staff,3,1.0,2,1.0,30000000
DTAA/LPG0099,2010-05-04,IT & Engineering,Staff,3,0.0,1,0.0,15000000
DTAA/KKW0676,2010-05-04,IT & Engineering,Staff,3,1.0,2,0.0,30000000
DTAA/SAH0192,2010-05-04,IT & Engineering,Staff,3,0.0,2,0.0,30000000
DTAA/BGF0236,2010-05-05,IT & Engineering,Staff,3,0.0,2,0.0,30000000
DTAA/KKW0945,2010-05-06,IT & Engineering,Staff,3,1.0,2,0.0,30000000
DTAA/OYR0801,2010-05-06,IT & Engineering,Staff,3,2.0,1,0.0,15000000
DTAA/NHL0521,2010-05-06,IT & Engineering,Staff,4,1.0,2,0.0,30000000
DTAA/MIC0914,2010-05-06,IT & Engineering,Staff,2,1.0,2,1.0,30000000
DTAA/MMH0612,2010-05-06,IT & Engineering,Staff,2,0.0,2,0.0,30000000
DTAA/EBP0037,2010-05-07,IT & Engineering,Staff,2,1.0,2,0.0,30000000
DTAA/JNF0543,2010-05-07,IT & Engineering,Staff,3,1.0,2,1.0,30000000
DTAA/MIK0034,2010-05-07,IT & Engineering,Staff,3,1.0,2,0.0,30000000
DTAA/KLS0717,2010-05-07,IT & Engineering,Staff,3,1.0,2,0.0,30000000
DTAA/VCG0663,2010-05-07,IT & Engineering,Staff,3,1.0,2,0.0,30000000
DTAA/SHR0025,2010-05-07,IT & Engineering,Staff,5,1.0,2,0.0,30000000
DTAA/AFH0331,2010-05-07,IT & Engineering,Staff,3,2.0,2,0.0,30000000
DTAA/JHD0512,2010-05-07,IT & Engineering,Staff,5,3.0,2,2.0,30000000
DTAA/DFW0798,2010-05-07,IT & Engineering,Staff,3,0.0,2,0.0,30000000
DTAA/ACH0803,2010-05-10,IT & Engineering,Staff,2,1.0,2,0.0,30000000
DTAA/PSP0555,2010-05-10,IT & Engineering,Staff,5,1.0,2,0.0,30000000
DTAA/KSW0597,2010-05-10,IT & Engineering,Staff,2,2.0,2,0.0,30000000
DTAA/SCW0707,2010-05-10,IT & Engineering,Staff,3,0.0,2,0.0,30000000
DTAA/JLL0301,2010-05-10,IT & Engineering,Staff,2,1.0,2,0.0,30000000
DTAA/JLM0053,2010-05-10,IT & Engineering,Staff,3,0.0,1,0.0,15000000
DTAA/AIB0797,2010-05-10,IT & Engineering,Staff,3,1.0,2,0.0,30000000
DTAA/CJW0317,2010-05-11,IT & Engineering,Staff,3,2.0,2,0.0,30000000
DTAA/JAM0392,2010-05-11,IT & Engineering,Staff,3,1.0,2,0.0,30000000
DTAA/YCB0005,2010-05-11,IT & Engineering,Staff,3,1.0,2,0.0,30000000
DTAA/MQL0135,2010-05-11,IT & Engineering,Staff,3,1.0,2,0.0,30000000
DTAA/SJA0691,2010-05-11,IT & Engineering,Staff,3,1.0,2,0.0,30000000
DTAA/ECM0214,2010-05-11,IT & Engineering,Staff,2,0.0,1,0.0,15000000
DTAA/MMF0289,2010-05-11,IT & Engineering,Staff,5,1.0,2,0.0,30000000
DTAA/NSC0842,2010-05-11,IT & Engineering,Staff,3,0.0,2,0.0,30000000
DTAA/CAW0976,2010-05-11,IT & Engineering,Staff,3,0.0,2,0.0,30000000
DTAA/DDK0417,2010-05-11,IT & Engineering,Staff,3,1.0,2,0.0,30000000
DTAA/PXB0069,2010-05-11,IT & Engineering,Staff,3,1.0,1,0.0,15000000
DTAA/MAG0290,2010-05-11,IT & Engineering,Staff,2,0.0,2,0.0,30000000
DTAA/GVH0277,2010-05-11,IT & Engineering,Staff,2,0.0,1,0.0,15000000
DTAA/MCF0427,2010-05-11,IT & Engineering,Staff,3,2.0,2,2.0,30000000
DTAA/TPC0102,2010-05-12,IT & Engineering,Staff,6,2.0,1,1.0,15000000
DTAA/GHC0041,2010-05-12,IT & Engineering,Staff,2,2.0,2,1.0,30000000
DTAA/NDS0490,2010-05-13,IT & Engineering,Staff,4,3.0,1,0.0,15000000
DTAA/CSC0297,2010-05-13,IT & Engineering,Staff,3,1.0,2,0.0,30000000
DTAA/HDR0261,2010-05-13,IT & Engineering,Staff,3,2.0,2,1.0,30000000
DTAA/CAC0854,2010-05-13,IT & Engineering,Staff,2,1.0,2,1.0,30000000
DTAA/CCG0876,2010-05-13,IT & Engineering,Staff,3,1.0,2,2.0,30000000
DTAA/WMJ0364,2010-05-13,IT & Engineering,Staff,3,0.0,2,0.0,30000000
DTAA/RBC0879,2010-05-13,IT & Engineering,Staff,3,1.0,2,0.0,30000000
DTAA/FUA0154,2010-05-13,IT & Engineering,Staff,3,0.0,2,0.0,30000000
DTAA/DBB0235,2010-05-13,IT & Engineering,Staff,5,1.0,2,0.0,30000000
DTAA/ACH0803,2010-05-14,IT & Engineering,Staff,2,1.0,2,0.0,30000000
DTAA/PSP0555,2010-05-14,IT & Engineering,Staff,3,1.0,2,1.0,30000000
DTAA/KSW0597,2010-05-14,IT & Engineering,Staff,2,2.0,2,1.0,30000000
DTAA/SCW0707,2010-05-14,IT & Engineering,Staff,5,0.0,2,0.0,30000000
DTAA/JLM0053,2010-05-14,IT & Engineering,Staff,3,0.0,2,0.0,30000000
DTAA/JLL0301,2010-05-14,IT & Engineering,Staff,2,1.0,1,0.0,15000000
DTAA/JSB0493,2010-05-14,IT & Engineering,Staff,3,1.0,2,0.0,30000000
DTAA/TLB0017,2010-05-14,IT & Engineering,Staff,2,0.0,2,0.0,30000000
DTAA/BJC0569,2010-05-17,IT & Engineering,Staff,3,1.0,2,0.0,30000000
DTAA/PUH0847,2010-05-17,IT & Engineering,Staff,2,1.0,2,0.0,30000000
DTAA/JZO0727,2010-05-17,IT & Engineering,Staff,3,1.0,2,0.0,30000000
DTAA/DAV0579,2010-05-17,IT & Engineering,Staff,3,0.0,2,0.0,30000000
DTAA/SPK0818,2010-05-17,IT & Engineering,Staff,2,0.0,2,0.0,30000000
DTAA/HDR0823,2010-05-17,IT & Engineering,Staff,5,1.0,2,1.0,30000000
DTAA/AJC0266,2010-05-17,IT & Engineering,Staff,3,0.0,2,0.0,30000000
DTAA/VMA0051,2010-05-17,IT & Engineering,Staff,3,0.0,2,0.0,30000000
DTAA/SEF0446,2010-05-18,IT & Engineering,Staff,2,1.0,2,0.0,30000000
DTAA/YQW0689,2010-05-18,IT & Engineering,Staff,5,1.0,2,0.0,30000000
DTAA/DBF0903,2010-05-18,IT & Engineering,Staff,4,1.0,2,0.0,30000000
DTAA/JGB0062,2010-05-18,IT & Engineering,Staff,3,1.0,2,1.0,30000000
DTAA/AFR0646,2010-05-18,IT & Engineering,Staff,2,1.0,2,1.0,30000000
DTAA/SJH0588,2010-05-18,IT & Engineering,Staff,5,1.0,2,0.0,30000000
DTAA/WJG0153,2010-05-18,IT & Engineering,Staff,3,0.0,2,0.0,30000000
DTAA/WMJ0364,2010-05-19,IT & Engineering,Staff,3,1.0,2,0.0,30000000
DTAA/CCG0876,2010-05-19,IT & Engineering,Staff,2,2.0,2,0.0,30000000
DTAA/RBC0879,2010-05-19,IT & Engineering,Staff,4,2.0,2,0.0,30000000
DTAA/DBB0235,2010-05-19,IT & Engineering,Staff,3,1.0,2,0.0,30000000
DTAA/SLC0778,2010-05-20,IT & Engineering,Staff,3,1.0,2,0.0,30000000
DTAA/DCC0600,2010-05-20,IT & Engineering,Staff,2,1.0,2,0.0,30000000
DTAA/AQG0678,2010-05-20,IT & Engineering,Staff,2,0.0,2,0.0,30000000
DTAA/DIS0382,2010-05-20,IT & Engineering,Staff,3,0.0,2,0.0,30000000
DTAA/HBL0517,2010-05-20,IT & Engineering,Staff,3,1.0,2,0.0,30000000
DTAA/WDW0485,2010-05-20,IT & Engineering,Staff,3,0.0,2,0.0,30000000
DTAA/CPP0761,2010-05-20,IT & Engineering,Staff,2,1.0,2,0.0,30000000
DTAA/CHA0174,2010-05-20,IT & Engineering,Staff,5,0.0,2,0.0,30000000
DTAA/AJB0016,2010-05-20,IT & Engineering,Staff,3,1.0,2,0.0,30000000
DTAA/SOM0478,2010-05-20,IT & Engineering,Staff,2,0.0,2,0.0,30000000
DTAA/GRG0693,2010-05-20,IT & Engineering,Staff,2,1.0,2,1.0,30000000
DTAA/ATJ0284,2010-05-21,IT & Engineering,Staff,2,1.0,2,1.0,30000000
DTAA/LCG0546,2010-05-21,IT & Engineering,Staff,3,1.0,2,0.0,30000000
DTAA/YCV0635,2010-05-21,IT & Engineering,Staff,2,0.0,2,0.0,30000000
DTAA/HKM0260,2010-05-21,IT & Engineering,Staff,3,1.0,2,2.0,30000000
DTAA/SLC0778,2010-05-24,IT & Engineering,Staff,3,1.0,2,0.0,30000000
DTAA/AQG0678,2010-05-24,IT & Engineering,Staff,3,1.0,2,0.0,30000000
DTAA/DIS0382,2010-05-24,IT & Engineering,Staff,3,0.0,2,0.0,30000000
DTAA/HBL0517,2010-05-24,IT & Engineering,Staff,3,0.0,2,0.0,30000000
DTAA/CHA0174,2010-05-24,IT & Engineering,Staff,3,0.0,1,0.0,15000000
DTAA/CPP0761,2010-05-24,IT & Engineering,Staff,2,1.0,2,0.0,30000000
DTAA/WDW0485,2010-05-24,IT & Engineering,Staff,3,0.0,2,0.0,30000000
DTAA/AJB0016,2010-05-24,IT & Engineering,Staff,3,1.0,2,1.0,30000000
DTAA/SEF0446,2010-05-25,IT & Engineering,Staff,4,3.0,2,2.0,30000000
DTAA/EWR0504,2010-05-25,IT & Engineering,Staff,3,1.0,1,0.0,15000000
DTAA/DBF0903,2010-05-25,IT & Engineering,Staff,5,1.0,2,0.0,30000000
DTAA/JGB0062,2010-05-25,IT & Engineering,Staff,3,1.0,2,0.0,30000000
DTAA/AFR0646,2010-05-25,IT & Engineering,Staff,2,1.0,2,0.0,30000000
DTAA/SJH0588,2010-05-25,IT & Engineering,Staff,2,1.0,2,1.0,30000000
DTAA/FFP0721,2010-05-26,IT & Engineering,Staff,3,1.0,2,0.0,30000000
DTAA/LJR0772,2010-05-26,IT & Engineering,Staff,2,2.0,2,2.0,30000000
DTAA/ATJ0284,2010-05-26,IT & Engineering,Staff,2,1.0,2,0.0,30000000
DTAA/LCG0546,2010-05-26,IT & Engineering,Staff,3,1.0,2,0.0,30000000
DTAA/EBP0037,2010-05-27,IT & Engineering,Staff,2,1.0,2,0.0,30000000
DTAA/JNF0543,2010-05-27,IT & Engineering,Staff,5,1.0,2,0.0,30000000
DTAA/MIK0034,2010-05-27,IT & Engineering,Staff,3,1.0,2,0.0,30000000
DTAA/KLS0717,2010-05-27,IT & Engineering,Staff,3,1.0,1,0.0,15000000
DTAA/AFH0331,2010-05-27,IT & Engineering,Staff,3,2.0,2,1.0,30000000
DTAA/SHR0025,2010-05-27,IT & Engineering,Staff,5,0.0,2,0.0,30000000
DTAA/DFW0798,2010-05-27,IT & Engineering,Staff,2,0.0,2,0.0,30000000
DTAA/YQW0689,2010-05-28,IT & Engineering,Staff,3,1.0,2,1.0,30000000
DTAA/CVW0133,2010-05-28,IT & Engineering,Staff,3,2.0,2,0.0,30000000
DTAA/AFR0646,2010-05-28,IT & Engineering,Staff,2,1.0,1,0.0,15000000
DTAA/ACH0803,2010-05-03,IT & Engineering,Staff,2,1.0,2,0.0,30000000
DTAA/PSP0555,2010-05-03,IT & Engineering,Staff,2,1.0,2,0.0,30000000
DTAA/SCW0707,2010-05-03,IT & Engineering,Staff,3,1.0,2,0.0,30000000
DTAA/JLM0053,2010-05-03,IT & Engineering,Staff,5,0.0,2,0.0,30000000
DTAA/JLL0301,2010-05-03,IT & Engineering,Staff,2,1.0,2,0.0,30000000
DTAA/JSB0493,2010-05-03,IT & Engineering,Staff,3,1.0,2,0.0,30000000
DTAA/AIB0797,2010-05-03,IT & Engineering,Staff,2,1.0,2,0.0,30000000
DTAA/GNH0394,2010-05-04,IT & Engineering,Staff,2,1.0,2,1.0,30000000
DTAA/RVS0852,2010-05-04,IT & Engineering,Staff,3,1.0,2,0.0,30000000
DTAA/LRH0747,2010-05-04,IT & Engineering,Staff,3,1.0,2,0.0,30000000
DTAA/OYR0801,2010-05-04,IT & Engineering,Staff,3,1.0,2,2.0,30000000
DTAA/MMH0612,2010-05-04,IT & Engineering,Staff,2,0.0,1,0.0,15000000
DTAA/ABB0272,2010-05-05,IT & Engineering,Staff,5,1.0,2,0.0,30000000
DTAA/BAF0379,2010-05-05,IT & Engineering,Staff,2,0.0,2,0.0,30000000
DTAA/PIP0746,2010-05-05,IT & Engineering,Staff,3,1.0,2,0.0,30000000
DTAA/VNM0127,2010-05-05,IT & Engineering,Staff,2,1.0,2,1.0,30000000
DTAA/LTM0418,2010-05-05,IT & Engineering,Staff,5,1.0,2,0.0,30000000
DTAA/KSB0673,2010-05-05,IT & Engineering,Staff,3,1.0,2,0.0,30000000
DTAA/AMA0191,2010-05-05,IT & Engineering,Staff,3,2.0,2,0.0,30000000
DTAA/NNB0443,2010-05-05,IT & Engineering,Staff,3,1.0,2,0.0,30000000
DTAA/SDC0032,2010-05-05,IT & Engineering,Staff,2,1.0,2,0.0,30000000
DTAA/JAH0544,2010-05-06,IT & Engineering,Staff,5,2.0,2,2.0,30000000
DTAA/EBP0037,2010-05-06,IT & Engineering,Staff,2,1.0,2,1.0,30000000
DTAA/MIK0034,2010-05-06,IT & Engineering,Staff,4,1.0,2,0.0,30000000
DTAA/SHR0025,2010-05-06,IT & Engineering,Staff,3,0.0,2,0.0,30000000
DTAA/MJM0228,2010-05-06,IT & Engineering,Staff,2,0.0,2,0.0,30000000
DTAA/MIC0914,2010-05-07,IT & Engineering,Staff,5,3.0,1,1.0,15000000
DTAA/GNH0394,2010-05-07,IT & Engineering,Staff,3,1.0,2,0.0,30000000
DTAA/OYR0801,2010-05-07,IT & Engineering,Staff,3,2.0,2,0.0,30000000
DTAA/RVS0852,2010-05-07,IT & Engineering,Staff,3,0.0,1,0.0,15000000
DTAA/CSC0297,2010-05-10,IT & Engineering,Staff,2,1.0,2,0.0,30000000
DTAA/CAC0854,2010-05-10,IT & Engineering,Staff,3,2.0,2,1.0,30000000
DTAA/WMJ0364,2010-05-10,IT & Engineering,Staff,3,1.0,2,0.0,30000000
DTAA/HDR0261,2010-05-10,IT & Engineering,Staff,3,2.0,1,0.0,15000000
DTAA/CCG0876,2010-05-10,IT & Engineering,Staff,3,1.0,2,0.0,30000000
DTAA/RBC0879,2010-05-10,IT & Engineering,Staff,3,1.0,2,0.0,30000000
DTAA/DBB0235,2010-05-10,IT & Engineering,Staff,2,1.0,2,1.0,30000000
DTAA/NDS0490,2010-05-10,IT & Engineering,Staff,2,1.0,2,1.0,30000000
DTAA/AJB0370,2010-05-11,IT & Engineering,Staff,3,1.0,2,0.0,30000000
DTAA/HKM0260,2010-05-11,IT & Engineering,Staff,3,1.0,2,0.0,30000000
DTAA/JCS0873,2010-05-12,IT & Engineering,Staff,3,1.0,2,1.0,30000000
DTAA/RVS0852,2010-05-12,IT & Engineering,Staff,3,1.0,2,0.0,30000000
DTAA/LRH0747,2010-05-12,IT & Engineering,Staff,3,0.0,2,0.0,30000000
DTAA/MIC0914,2010-05-12,IT & Engineering,Staff,5,1.0,2,0.0,30000000
DTAA/MMH0612,2010-05-12,IT & Engineering,Staff,3,0.0,2,0.0,30000000
DTAA/ACH0803,2010-05-13,IT & Engineering,Staff,2,1.0,2,0.0,30000000
DTAA/PSP0555,2010-05-13,IT & Engineering,Staff,3,1.0,2,0.0,30000000
DTAA/JLL0301,2010-05-13,IT & Engineering,Staff,2,1.0,2,0.0,30000000
DTAA/JLM0053,2010-05-13,IT & Engineering,Staff,2,0.0,2,0.0,30000000
DTAA/AIB0797,2010-05-13,IT & Engineering,Staff,2,1.0,2,1.0,30000000
DTAA/CSC0297,2010-05-14,IT & Engineering,Staff,3,1.0,2,0.0,30000000
DTAA/HDR0261,2010-05-14,IT & Engineering,Staff,3,2.0,2,1.0,30000000
DTAA/CAC0854,2010-05-14,IT & Engineering,Staff,3,1.0,2,0.0,30000000
DTAA/RBC0879,2010-05-14,IT & Engineering,Staff,3,1.0,2,0.0,30000000
DTAA/DBB0235,2010-05-14,IT & Engineering,Staff,2,1.0,2,0.0,30000000
DTAA/SEF0446,2010-05-17,IT & Engineering,Staff,3,1.0,2,0.0,30000000
DTAA/AFR0646,2010-05-17,IT & Engineering,Staff,2,1.0,2,1.0,30000000
DTAA/SJH0588,2010-05-17,IT & Engineering,Staff,3,1.0,2,0.0,30000000
DTAA/BJC0569,2010-05-18,IT & Engineering,Staff,3,1.0,2,1.0,30000000
DTAA/EDH0146,2010-05-18,IT & Engineering,Staff,5,2.0,2,0.0,30000000
DTAA/DAV0579,2010-05-18,IT & Engineering,Staff,3,1.0,2,0.0,30000000
DTAA/SPK0818,2010-05-18,IT & Engineering,Staff,3,0.0,1,0.0,15000000
DTAA/ACH0803,2010-05-19,IT & Engineering,Staff,2,1.0,2,0.0,30000000
DTAA/SCW0707,2010-05-19,IT & Engineering,Staff,3,1.0,2,0.0,30000000
DTAA/JLM0053,2010-05-19,IT & Engineering,Staff,3,0.0,1,0.0,15000000
DTAA/JSB0493,2010-05-19,IT & Engineering,Staff,3,1.0,2,0.0,30000000
DTAA/IRC0991,2010-05-20,IT & Engineering,Staff,15,5.0,2,1.0,30000000
DTAA/SKW0871,2010-05-20,IT & Engineering,Staff,3,1.0,2,0.0,30000000
DTAA/NSP0910,2010-05-20,IT & Engineering,Staff,2,0.0,2,0.0,30000000
DTAA/IKH0904,2010-05-20,IT & Engineering,Staff,4,0.0,2,0.0,30000000
DTAA/MCF0427,2010-05-21,IT & Engineering,Staff,4,3.0,2,2.0,30000000
DTAA/CJW0317,2010-05-21,IT & Engineering,Staff,3,2.0,2,0.0,30000000
DTAA/JAM0392,2010-05-21,IT & Engineering,Staff,2,1.0,1,0.0,15000000
DTAA/YCB0005,2010-05-21,IT & Engineering,Staff,3,1.0,2,0.0,30000000
DTAA/SJA0691,2010-05-21,IT & Engineering,Staff,3,1.0,2,1.0,30000000
DTAA/MQL0135,2010-05-21,IT & Engineering,Staff,2,1.0,2,0.0,30000000
DTAA/MMF0289,2010-05-21,IT & Engineering,Staff,3,1.0,2,0.0,30000000
DTAA/VKB0605,2010-05-21,IT & Engineering,Staff,2,0.0,2,0.0,30000000
DTAA/DDK0417,2010-05-21,IT & Engineering,Staff,5,1.0,2,0.0,30000000
DTAA/PXB0069,2010-05-21,IT & Engineering,Staff,2,1.0,2,0.0,30000000
DTAA/GVH0277,2010-05-21,IT & Engineering,Staff,2,0.0,2,0.0,30000000
DTAA/IRC0991,2010-05-24,IT & Engineering,Staff,19,11.0,2,0.0,30000000
DTAA/CCB0496,2010-05-24,IT & Engineering,Staff,3,1.0,2,0.0,30000000
DTAA/SKW0871,2010-05-24,IT & Engineering,Staff,3,1.0,2,0.0,30000000
DTAA/JLC0744,2010-05-24,IT & Engineering,Staff,4,0.0,1,0.0,15000000
DTAA/NSP0910,2010-05-24,IT & Engineering,Staff,4,0.0,2,0.0,30000000
DTAA/IKH0904,2010-05-24,IT & Engineering,Staff,5,0.0,2,0.0,30000000
DTAA/PUH0847,2010-05-25,IT & Engineering,Staff,2,1.0,2,0.0,30000000
DTAA/BJC0569,2010-05-25,IT & Engineering,Staff,2,1.0,2,0.0,30000000
DTAA/SKH0467,2010-05-25,IT & Engineering,Staff,2,1.0,2,0.0,30000000
DTAA/JZO0727,2010-05-25,IT & Engineering,Staff,2,1.0,2,0.0,30000000
DTAA/SPK0818,2010-05-25,IT & Engineering,Staff,3,1.0,2,0.0,30000000
DTAA/DAV0579,2010-05-25,IT & Engineering,Staff,2,1.0,2,0.0,30000000
DTAA/MAB0532,2010-05-25,IT & Engineering,Staff,4,0.0,2,0.0,30000000
DTAA/EDH0146,2010-05-25,IT & Engineering,Staff,3,1.0,2,0.0,30000000
DTAA/AJC0266,2010-05-25,IT & Engineering,Staff,3,0.0,2,0.0,30000000
DTAA/XQW0354,2010-05-25,IT & Engineering,Staff,3,0.0,1,0.0,15000000
DTAA/DDK0417,2010-05-26,IT & Engineering,Staff,5,3.0,2,0.0,30000000
DTAA/CJW0317,2010-05-26,IT & Engineering,Staff,3,2.0,2,0.0,30000000
DTAA/MZW0111,2010-05-26,IT & Engineering,Staff,2,1.0,2,0.0,30000000
DTAA/YCB0005,2010-05-26,IT & Engineering,Staff,2,1.0,2,0.0,30000000
DTAA/MQL0135,2010-05-26,IT & Engineering,Staff,3,1.0,2,0.0,30000000
DTAA/CYK0330,2010-05-26,IT & Engineering,Staff,3,2.0,2,1.0,30000000
DTAA/MMF0289,2010-05-26,IT & Engineering,Staff,2,1.0,2,0.0,30000000
DTAA/VKB0605,2010-05-26,IT & Engineering,Staff,2,0.0,2,0.0,30000000
DTAA/MAG0290,2010-05-26,IT & Engineering,Staff,2,0.0,2,0.0,30000000
DTAA/OYR0801,2010-05-27,IT & Engineering,Staff,5,4.0,1,0.0,15000000
DTAA/GNH0394,2010-05-27,IT & Engineering,Staff,3,1.0,2,0.0,30000000
DTAA/LRH0747,2010-05-27,IT & Engineering,Staff,3,1.0,2,0.0,30000000
DTAA/KKW0945,2010-05-27,IT & Engineering,Staff,2,1.0,2,0.0,30000000
DTAA/RVS0852,2010-05-27,IT & Engineering,Staff,3,1.0,2,0.0,30000000
DTAA/MIC0914,2010-05-27,IT & Engineering,Staff,3,1.0,2,0.0,30000000
DTAA/MAB0532,2010-05-28,IT & Engineering,Staff,2,1.0,2,0.0,30000000
DTAA/DAV0579,2010-05-28,IT & Engineering,Staff,3,0.0,2,0.0,30000000
DTAA/SPK0818,2010-05-28,IT & Engineering,Staff,3,0.0,2,0.0,30000000
DTAA/JZO0727,2010-05-28,IT & Engineering,Staff,3,0.0,2,0.0,30000000
DTAA/HIB0604,2010-05-28,IT & Engineering,Staff,2,1.0,2,0.0,30000000
DTAA/AJC0266,2010-05-28,IT & Engineering,Staff,3,0.0,2,0.0,30000000
DTAA/VMA0051,2010-05-28,IT & Engineering,Staff,3,0.0,2,0.0,30000000
DTAA/XQW0354,2010-05-28,IT & Engineering,Staff,2,0.0,2,0.0,30000000
DTAA/DDK0417,2010-05-01,IT & Engineering,Staff,1,1.0,1,1.0,15000000
DTAA/CCG0876,2010-05-03,IT & Engineering,Staff,3,2.0,2,0.0,30000000
DTAA/HDR0261,2010-05-03,IT & Engineering,Staff,3,2.0,2,1.0,30000000
DTAA/CAC0854,2010-05-03,IT & Engineering,Staff,3,1.0,1,1.0,15000000
DTAA/WMJ0364,2010-05-03,IT & Engineering,Staff,3,0.0,2,0.0,30000000
DTAA/RBC0879,2010-05-03,IT & Engineering,Staff,2,1.0,1,0.0,15000000
DTAA/DBB0235,2010-05-03,IT & Engineering,Staff,2,1.0,2,0.0,30000000
DTAA/EBP0037,2010-05-04,IT & Engineering,Staff,2,1.0,2,0.0,30000000
DTAA/GHC0041,2010-05-04,IT & Engineering,Staff,3,2.0,2,0.0,30000000
DTAA/JNF0543,2010-05-04,IT & Engineering,Staff,5,1.0,2,0.0,30000000
DTAA/MIK0034,2010-05-04,IT & Engineering,Staff,3,1.0,2,0.0,30000000
DTAA/VCG0663,2010-05-04,IT & Engineering,Staff,2,1.0,2,0.0,30000000
DTAA/AFH0331,2010-05-04,IT & Engineering,Staff,3,2.0,2,0.0,30000000
DTAA/KLS0717,2010-05-04,IT & Engineering,Staff,3,1.0,2,0.0,30000000
DTAA/DFW0798,2010-05-04,IT & Engineering,Staff,3,0.0,2,0.0,30000000
DTAA/AFR0646,2010-05-05,IT & Engineering,Staff,2,1.0,2,0.0,30000000
DTAA/SJH0588,2010-05-05,IT & Engineering,Staff,5,3.0,2,0.0,30000000
DTAA/AIB0797,2010-05-06,IT & Engineering,Staff,5,3.0,1,0.0,15000000
DTAA/PSP0555,2010-05-06,IT & Engineering,Staff,5,1.0,2,0.0,30000000
DTAA/JLM0053,2010-05-06,IT & Engineering,Staff,3,0.0,2,0.0,30000000
DTAA/JSB0493,2010-05-06,IT & Engineering,Staff,2,1.0,2,0.0,30000000
DTAA/CSC0297,2010-05-07,IT & Engineering,Staff,3,1.0,2,1.0,30000000
DTAA/CAC0854,2010-05-07,IT & Engineering,Staff,3,2.0,2,0.0,30000000
DTAA/CCG0876,2010-05-07,IT & Engineering,Staff,3,1.0,1,0.0,15000000
DTAA/JAD0531,2010-05-07,IT & Engineering,Staff,2,0.0,2,0.0,30000000
DTAA/HDR0261,2010-05-07,IT & Engineering,Staff,3,1.0,2,1.0,30000000
DTAA/RBC0879,2010-05-07,IT & Engineering,Staff,3,1.0,2,0.0,30000000
DTAA/DBB0235,2010-05-07,IT & Engineering,Staff,3,1.0,2,0.0,30000000
DTAA/RLC0442,2010-05-08,IT & Engineering,Staff,1,1.0,1,1.0,15000000
DTAA/GNH0394,2010-05-10,IT & Engineering,Staff,3,1.0,2,0.0,30000000
DTAA/KKW0945,2010-05-10,IT & Engineering,Staff,3,1.0,1,0.0,15000000
DTAA/OYR0801,2010-05-10,IT & Engineering,Staff,3,3.0,3,1.0,45000000
DTAA/RVS0852,2010-05-10,IT & Engineering,Staff,4,2.0,2,0.0,30000000
DTAA/MIC0914,2010-05-10,IT & Engineering,Staff,5,1.0,2,0.0,30000000
DTAA/AJA0220,2010-05-11,IT & Engineering,Staff,2,1.0,2,0.0,30000000
DTAA/JMS0793,2010-05-11,IT & Engineering,Staff,2,1.0,2,0.0,30000000
DTAA/VFP0669,2010-05-11,IT & Engineering,Staff,5,1.0,2,0.0,30000000
DTAA/JHM0408,2010-05-11,IT & Engineering,Staff,3,1.0,2,0.0,30000000
DTAA/HTS0265,2010-05-11,IT & Engineering,Staff,2,0.0,1,0.0,15000000
DTAA/TNB0740,2010-05-11,IT & Engineering,Staff,2,0.0,1,0.0,15000000
DTAA/CCG0876,2010-05-12,IT & Engineering,Staff,3,1.0,2,0.0,30000000
DTAA/WMJ0364,2010-05-12,IT & Engineering,Staff,3,0.0,2,0.0,30000000
DTAA/RBC0879,2010-05-12,IT & Engineering,Staff,3,1.0,2,0.0,30000000
DTAA/DBB0235,2010-05-12,IT & Engineering,Staff,2,1.0,2,1.0,30000000
DTAA/EBP0037,2010-05-13,IT & Engineering,Staff,2,1.0,2,0.0,30000000
DTAA/MIK0034,2010-05-13,IT & Engineering,Staff,3,1.0,2,0.0,30000000
DTAA/VCG0663,2010-05-13,IT & Engineering,Staff,3,1.0,2,0.0,30000000
DTAA/SHR0025,2010-05-13,IT & Engineering,Staff,4,0.0,2,0.0,30000000
DTAA/AFH0331,2010-05-13,IT & Engineering,Staff,3,1.0,2,0.0,30000000
DTAA/JHD0512,2010-05-13,IT & Engineering,Staff,5,1.0,2,0.0,30000000
DTAA/DFW0798,2010-05-13,IT & Engineering,Staff,2,0.0,2,0.0,30000000
DTAA/MJM0228,2010-05-13,IT & Engineering,Staff,2,1.0,2,1.0,30000000
DTAA/GNH0394,2010-05-14,IT & Engineering,Staff,3,1.0,2,1.0,30000000
DTAA/OYR0801,2010-05-14,IT & Engineering,Staff,3,1.0,1,0.0,15000000
DTAA/AMA0191,2010-05-17,IT & Engineering,Staff,3,2.0,2,2.0,30000000
DTAA/JJR0278,2010-05-17,IT & Engineering,Staff,3,1.0,2,0.0,30000000
DTAA/KSB0673,2010-05-17,IT & Engineering,Staff,3,1.0,2,0.0,30000000
DTAA/LID0942,2010-05-17,IT & Engineering,Staff,2,1.0,2,0.0,30000000
DTAA/NNB0443,2010-05-17,IT & Engineering,Staff,3,1.0,2,0.0,30000000
DTAA/LCK0666,2010-05-17,IT & Engineering,Staff,3,1.0,2,0.0,30000000
DTAA/LTM0418,2010-05-17,IT & Engineering,Staff,4,0.0,2,0.0,30000000
DTAA/ABB0272,2010-05-17,IT & Engineering,Staff,3,0.0,2,0.0,30000000
DTAA/PIP0746,2010-05-17,IT & Engineering,Staff,2,1.0,2,0.0,30000000
DTAA/BGF0236,2010-05-18,IT & Engineering,Staff,3,0.0,2,0.0,30000000
DTAA/HSD0519,2010-05-18,IT & Engineering,Staff,5,0.0,2,0.0,30000000
DTAA/JAH0544,2010-05-19,IT & Engineering,Staff,5,3.0,2,2.0,30000000
DTAA/JNF0543,2010-05-19,IT & Engineering,Staff,3,1.0,2,0.0,30000000
DTAA/MIK0034,2010-05-19,IT & Engineering,Staff,2,1.0,2,0.0,30000000
DTAA/DFW0798,2010-05-19,IT & Engineering,Staff,3,0.0,2,0.0,30000000
DTAA/MJM0228,2010-05-19,IT & Engineering,Staff,2,0.0,2,0.0,30000000
DTAA/RES0962,2010-05-20,IT & Engineering,Staff,2,1.0,2,0.0,30000000
DTAA/CHM0645,2010-05-20,IT & Engineering,Staff,2,1.0,1,0.0,15000000
DTAA/GKJ0573,2010-05-20,IT & Engineering,Staff,2,1.0,2,0.0,30000000
DTAA/MCM0346,2010-05-20,IT & Engineering,Staff,3,2.0,2,0.0,30000000
DTAA/RME0699,2010-05-20,IT & Engineering,Staff,3,1.0,2,0.0,30000000
DTAA/HSR0472,2010-05-20,IT & Engineering,Staff,2,0.0,1,0.0,15000000
DTAA/PMB0702,2010-05-20,IT & Engineering,Staff,3,1.0,1,0.0,15000000
DTAA/CTH0856,2010-05-21,IT & Engineering,Staff,2,1.0,2,0.0,30000000
DTAA/MJM0469,2010-05-21,IT & Engineering,Staff,2,1.0,2,0.0,30000000
DTAA/HTC0607,2010-05-21,IT & Engineering,Staff,3,1.0,2,0.0,30000000
DTAA/QKR0651,2010-05-21,IT & Engineering,Staff,2,1.0,2,2.0,30000000
DTAA/RES0962,2010-05-24,IT & Engineering,Staff,2,1.0,2,0.0,30000000
DTAA/MCM0346,2010-05-24,IT & Engineering,Staff,3,2.0,1,0.0,15000000
DTAA/ARM0416,2010-05-24,IT & Engineering,Staff,3,1.0,2,0.0,30000000
DTAA/RME0699,2010-05-24,IT & Engineering,Staff,3,2.0,2,0.0,30000000
DTAA/JBS0483,2010-05-24,IT & Engineering,Staff,3,1.0,1,0.0,15000000
DTAA/HSR0472,2010-05-24,IT & Engineering,Staff,3,0.0,2,0.0,30000000
DTAA/GKJ0573,2010-05-24,IT & Engineering,Staff,2,0.0,2,0.0,30000000
DTAA/CDZ0056,2010-05-25,IT & Engineering,Staff,3,1.0,2,0.0,30000000
DTAA/EMZ0196,2010-05-25,IT & Engineering,Staff,3,2.0,2,0.0,30000000
DTAA/BGF0236,2010-05-25,IT & Engineering,Staff,3,0.0,2,0.0,30000000
DTAA/CHS0324,2010-05-26,IT & Engineering,Staff,5,3.0,2,2.0,30000000
DTAA/WCN0570,2010-05-26,IT & Engineering,Staff,4,4.0,2,0.0,30000000
DTAA/OJH0425,2010-05-26,IT & Engineering,Staff,3,2.0,2,0.0,30000000
DTAA/MJM0469,2010-05-26,IT & Engineering,Staff,3,1.0,2,0.0,30000000
DTAA/AFN0918,2010-05-26,IT & Engineering,Staff,3,1.0,1,0.0,15000000
DTAA/HTC0607,2010-05-26,IT & Engineering,Staff,3,0.0,2,0.0,30000000
DTAA/GRS0372,2010-05-26,IT & Engineering,Staff,3,0.0,1,0.0,15000000
DTAA/QKR0651,2010-05-26,IT & Engineering,Staff,2,1.0,2,0.0,30000000
DTAA/CSC0297,2010-05-27,IT & Engineering,Staff,3,1.0,1,0.0,15000000
DTAA/CAC0854,2010-05-27,IT & Engineering,Staff,3,2.0,2,0.0,30000000
DTAA/CCG0876,2010-05-27,IT & Engineering,Staff,2,1.0,2,0.0,30000000
DTAA/HDR0261,2010-05-27,IT & Engineering,Staff,2,1.0,2,0.0,30000000
DTAA/RBC0879,2010-05-27,IT & Engineering,Staff,2,1.0,2,0.0,30000000
DTAA/DBB0235,2010-05-27,IT & Engineering,Staff,4,1.0,2,2.0,30000000
DTAA/NDS0490,2010-05-27,IT & Engineering,Staff,2,1.0,2,1.0,30000000
DTAA/EMZ0196,2010-05-28,IT & Engineering,Staff,3,2.0,2,0.0,30000000
DTAA/BGF0236,2010-05-28,IT & Engineering,Staff,3,0.0,1,0.0,15000000
DTAA/GNH0394,2010-05-03,IT & Engineering,Staff,3,1.0,2,0.0,30000000
DTAA/RVS0852,2010-05-03,IT & Engineering,Staff,5,3.0,2,0.0,30000000
DTAA/MIC0914,2010-05-03,IT & Engineering,Staff,5,1.0,2,0.0,30000000
DTAA/ACH0803,2010-05-04,IT & Engineering,Staff,2,1.0,1,0.0,15000000
DTAA/PSP0555,2010-05-04,IT & Engineering,Staff,3,1.0,2,0.0,30000000
DTAA/SCW0707,2010-05-04,IT & Engineering,Staff,2,1.0,2,0.0,30000000
DTAA/KSW0597,2010-05-04,IT & Engineering,Staff,2,1.0,1,0.0,15000000
DTAA/JLL0301,2010-05-04,IT & Engineering,Staff,2,1.0,2,0.0,30000000
DTAA/JLM0053,2010-05-04,IT & Engineering,Staff,3,0.0,2,0.0,30000000
DTAA/TLB0017,2010-05-04,IT & Engineering,Staff,2,0.0,2,0.0,30000000
DTAA/KES0043,2010-05-05,IT & Engineering,Staff,2,0.0,0,0.0,0
DTAA/FUA0154,2010-05-05,IT & Engineering,Staff,2,0.0,0,0.0,0
DTAA/JAD0531,2010-05-05,IT & Engineering,Staff,2,0.0,0,0.0,0
DTAA/CCG0876,2010-05-05,IT & Engineering,Staff,3,0.0,0,0.0,0
DTAA/BVM0716,2010-05-05,IT & Engineering,Staff,2,1.0,0,0.0,0
DTAA/NZD0771,2010-05-05,IT & Engineering,Staff,2,1.0,0,0.0,0
DTAA/RLC0019,2010-05-05,IT & Engineering,Staff,2,0.0,0,0.0,0
DTAA/TSM0130,2010-05-05,IT & Engineering,Staff,2,1.0,0,0.0,0
DTAA/TSC0431,2010-05-05,IT & Engineering,Staff,2,1.0,0,0.0,0
DTAA/NAW0939,2010-05-05,IT & Engineering,Staff,2,0.0,0,0.0,0
DTAA/KIM0617,2010-05-05,IT & Engineering,Staff,2,0.0,0,0.0,0
DTAA/LNM0509,2010-05-05,IT & Engineering,Staff,2,0.0,0,0.0,0
DTAA/HPN0821,2010-05-05,IT & Engineering,Staff,2,0.0,0,0.0,0
DTAA/RBC0879,2010-05-05,IT & Engineering,Staff,4,1.0,0,0.0,0
DTAA/VMF0423,2010-05-05,IT & Engineering,Staff,2,0.0,0,0.0,0
DTAA/DNS0937,2010-05-05,IT & Engineering,Staff,2,1.0,0,0.0,0
DTAA/IJG0454,2010-05-05,IT & Engineering,Staff,2,1.0,0,0.0,0
DTAA/MGY0732,2010-05-05,IT & Engineering,Staff,3,0.0,0,0.0,0
DTAA/LPB0141,2010-05-05,IT & Engineering,Staff,2,0.0,0,0.0,0
DTAA/WAB0970,2010-05-05,IT & Engineering,Staff,2,0.0,0,0.0,0
DTAA/AHV0103,2010-05-05,IT & Engineering,Staff,3,0.0,0,0.0,0
DTAA/CLP0332,2010-05-05,IT & Engineering,Staff,3,0.0,0,0.0,0
DTAA/ZGH0528,2010-05-05,IT & Engineering,Staff,3,0.0,0,0.0,0
DTAA/WNS0816,2010-05-05,IT & Engineering,Staff,3,0.0,0,0.0,0
DTAA/DNH0619,2010-05-05,IT & Engineering,Staff,2,0.0,0,0.0,0
DTAA/CDE0810,2010-05-05,IT & Engineering,Staff,3,1.0,0,0.0,0
DTAA/TDW0348,2010-05-05,IT & Engineering,Staff,2,0.0,0,0.0,0
DTAA/ASO0023,2010-05-05,IT & Engineering,Staff,5,1.0,0,0.0,0
DTAA/SBB0044,2010-05-05,IT & Engineering,Staff,2,1.0,0,0.0,0
DTAA/THB0783,2010-05-05,IT & Engineering,Staff,2,1.0,0,0.0,0
DTAA/FHM0931,2010-05-05,IT & Engineering,Staff,2,1.0,0,0.0,0
DTAA/ONB0177,2010-05-05,IT & Engineering,Staff,3,1.0,0,0.0,0
DTAA/DRM0312,2010-05-05,IT & Engineering,Staff,3,1.0,0,0.0,0
DTAA/HDR0261,2010-05-05,IT & Engineering,Staff,3,2.0,0,0.0,0
DTAA/ZKE0662,2010-05-05,IT & Engineering,Staff,3,2.0,0,0.0,0
DTAA/NBT0479,2010-05-05,IT & Engineering,Staff,3,1.0,0,0.0,0
DTAA/OSS0859,2010-05-05,IT & Engineering,Staff,3,1.0,0,0.0,0
DTAA/HCP0315,2010-05-05,IT & Engineering,Staff,3,0.0,0,0.0,0
DTAA/NDM0893,2010-05-05,IT & Engineering,Staff,3,1.0,0,0.0,0
DTAA/HBF0035,2010-05-05,IT & Engineering,Staff,3,1.0,0,0.0,0
DTAA/NFD0706,2010-05-05,IT & Engineering,Staff,3,1.0,0,0.0,0
DTAA/ICF0629,2010-05-05,IT & Engineering,Staff,2,1.0,0,0.0,0
DTAA/QLC0632,2010-05-05,IT & Engineering,Staff,2,0.0,0,0.0,0
DTAA/ECG0753,2010-05-05,IT & Engineering,Staff,2,1.0,0,0.0,0
DTAA/MGF0743,2010-05-05,IT & Engineering,Staff,2,1.0,0,0.0,0
DTAA/CGH0125,2010-05-05,IT & Engineering,Staff,2,1.0,0,0.0,0
DTAA/MCM0090,2010-05-05,IT & Engineering,Staff,2,1.0,0,0.0,0
DTAA/CLB0995,2010-05-05,IT & Engineering,Staff,8,7.0,0,0.0,0
DTAA/ARB0100,2010-05-05,IT & Engineering,Staff,2,1.0,0,0.0,0
DTAA/DLM0723,2010-05-05,IT & Engineering,Staff,4,3.0,0,0.0,0
DTAA/FJC0138,2010-05-05,IT & Engineering,Staff,2,1.0,0,0.0,0
DTAA/NEP0644,2010-05-05,IT & Engineering,Staff,2,0.0,0,0.0,0
DTAA/PDS0896,2010-05-05,IT & Engineering,Staff,2,1.0,0,0.0,0
DTAA/AMM0830,2010-05-05,IT & Engineering,Staff,2,0.0,0,0.0,0
DTAA/BNL0480,2010-05-05,IT & Engineering,Staff,2,1.0,0,0.0,0
DTAA/SVC0175,2010-05-05,IT & Engineering,Staff,2,1.0,0,0.0,0
DTAA/JGS0274,2010-05-05,IT & Engineering,Staff,2,1.0,0,0.0,0
DTAA/AHS0926,2010-05-05,IT & Engineering,Staff,2,0.0,0,0.0,0
DTAA/SOG0461,2010-05-05,IT & Engineering,Staff,2,0.0,0,0.0,0
DTAA/GYB0248,2010-05-05,IT & Engineering,Staff,2,0.0,0,0.0,0
DTAA/LCC0556,2010-05-05,IT & Engineering,Staff,2,1.0,0,0.0,0
DTAA/EDW0137,2010-05-05,IT & Engineering,Staff,2,2.0,0,0.0,0
DTAA/STF0145,2010-05-06,IT & Engineering,Staff,4,2.0,0,0.0,0
DTAA/KEE0997,2010-05-06,IT & Engineering,Staff,10,5.0,0,0.0,0
DTAA/XHN0227,2010-05-06,IT & Engineering,Staff,2,1.0,0,0.0,0
DTAA/BCV0109,2010-05-06,IT & Engineering,Staff,2,1.0,0,0.0,0
DTAA/NKM0018,2010-05-06,IT & Engineering,Staff,3,1.0,0,0.0,0
DTAA/CZB0163,2010-05-06,IT & Engineering,Staff,2,1.0,0,0.0,0
DTAA/MEV0886,2010-05-06,IT & Engineering,Staff,3,1.0,0,0.0,0
DTAA/OUS0565,2010-05-06,IT & Engineering,Staff,2,1.0,0,0.0,0
DTAA/JSH0598,2010-05-06,IT & Engineering,Staff,2,1.0,0,0.0,0
DTAA/OZD0789,2010-05-06,IT & Engineering,Staff,2,1.0,0,0.0,0
DTAA/NBB0501,2010-05-06,IT & Engineering,Staff,2,1.0,0,0.0,0
DTAA/ROM0419,2010-05-06,IT & Engineering,Staff,2,1.0,0,0.0,0
DTAA/PVW0713,2010-05-06,IT & Engineering,Staff,2,2.0,0,0.0,0
DTAA/BKM0116,2010-05-06,IT & Engineering,Staff,3,1.0,0,0.0,0
DTAA/SKH0467,2010-05-06,IT & Engineering,Staff,3,1.0,0,0.0,0
DTAA/CBR0439,2010-05-06,IT & Engineering,Staff,2,2.0,0,0.0,0
DTAA/FES0933,2010-05-06,IT & Engineering,Staff,2,1.0,0,0.0,0
DTAA/DAR0341,2010-05-06,IT & Engineering,Staff,2,1.0,0,0.0,0
DTAA/IVF0777,2010-05-06,IT & Engineering,Staff,2,1.0,0,0.0,0
DTAA/KFF0225,2010-05-06,IT & Engineering,Staff,2,2.0,0,0.0,0
DTAA/PIG0194,2010-05-06,IT & Engineering,Staff,2,1.0,0,0.0,0
DTAA/DSB0887,2010-05-06,IT & Engineering,Staff,2,1.0,0,0.0,0
DTAA/BBH0313,2010-05-06,IT & Engineering,Staff,2,1.0,0,0.0,0
DTAA/MAB0532,2010-05-06,IT & Engineering,Staff,2,1.0,0,0.0,0
DTAA/JSH0326,2010-05-06,IT & Engineering,Staff,3,1.0,0,0.0,0
DTAA/GYT0279,2010-05-06,IT & Engineering,Staff,5,1.0,0,0.0,0
DTAA/LMH0690,2010-05-06,IT & Engineering,Staff,2,2.0,0,0.0,0
DTAA/ELA0741,2010-05-06,IT & Engineering,Staff,2,1.0,0,0.0,0
DTAA/BAH0774,2010-05-06,IT & Engineering,Staff,2,0.0,0,0.0,0
DTAA/WCB0440,2010-05-06,IT & Engineering,Staff,2,0.0,0,0.0,0
DTAA/RCW0436,2010-05-06,IT & Engineering,Staff,2,0.0,0,0.0,0
DTAA/YVF0045,2010-05-06,IT & Engineering,Staff,2,0.0,0,0.0,0
DTAA/KSO0749,2010-05-06,IT & Engineering,Staff,2,0.0,0,0.0,0
DTAA/MLC0238,2010-05-06,IT & Engineering,Staff,2,0.0,0,0.0,0
DTAA/MBR0166,2010-05-06,IT & Engineering,Staff,3,0.0,0,0.0,0
DTAA/KCN0107,2010-05-06,IT & Engineering,Staff,2,1.0,0,0.0,0
DTAA/AAK0658,2010-05-06,IT & Engineering,Staff,2,0.0,0,0.0,0
DTAA/MSP0078,2010-05-06,IT & Engineering,Staff,2,1.0,0,0.0,0
DTAA/LBB0095,2010-05-06,IT & Engineering,Staff,3,1.0,0,0.0,0
DTAA/ZKN0548,2010-05-06,IT & Engineering,Staff,2,1.0,0,0.0,0
DTAA/CDE0193,2010-05-06,IT & Engineering,Staff,3,1.0,0,0.0,0
DTAA/JQH0724,2010-05-06,IT & Engineering,Staff,2,1.0,0,0.0,0
DTAA/BMK0943,2010-05-06,IT & Engineering,Staff,3,1.0,0,0.0,0
DTAA/KKC0575,2010-05-06,IT & Engineering,Staff,2,0.0,0,0.0,0
DTAA/LJU0036,2010-05-06,IT & Engineering,Staff,2,0.0,0,0.0,0
DTAA/RSG0385,2010-05-06,IT & Engineering,Staff,2,0.0,0,0.0,0
DTAA/BMS0001,2010-05-06,IT & Engineering,Staff,2,0.0,0,0.0,0
DTAA/JLL0930,2010-05-06,IT & Engineering,Staff,2,0.0,0,0.0,0
DTAA/WKH0407,2010-05-06,IT & Engineering,Staff,3,1.0,0,0.0,0
DTAA/PML0209,2010-05-06,IT & Engineering,Staff,2,1.0,0,0.0,0
DTAA/VDP0070,2010-05-06,IT & Engineering,Staff,2,0.0,0,0.0,0
DTAA/NRS0477,2010-05-07,IT & Engineering,Staff,2,2.0,0,0.0,0
DTAA/BCG0303,2010-05-07,IT & Engineering,Staff,2,1.0,0,0.0,0
DTAA/GKC0919,2010-05-07,IT & Engineering,Staff,2,2.0,0,0.0,0
DTAA/RER0237,2010-05-07,IT & Engineering,Staff,3,1.0,0,0.0,0
DTAA/ALW0694,2010-05-07,IT & Engineering,Staff,2,1.0,0,0.0,0
DTAA/NAC0161,2010-05-07,IT & Engineering,Staff,2,1.0,0,0.0,0
DTAA/USB0641,2010-05-07,IT & Engineering,Staff,2,2.0,0,0.0,0
DTAA/BBM0499,2010-05-07,IT & Engineering,Staff,2,1.0,0,0.0,0
DTAA/CVW0133,2010-05-07,IT & Engineering,Staff,3,2.0,0,0.0,0
DTAA/HKG0503,2010-05-07,IT & Engineering,Staff,2,1.0,0,0.0,0
DTAA/EWR0504,2010-05-07,IT & Engineering,Staff,2,1.0,0,0.0,0
DTAA/TZB0870,2010-05-07,IT & Engineering,Staff,2,1.0,0,0.0,0
DTAA/ALC0244,2010-05-07,IT & Engineering,Staff,2,1.0,0,0.0,0
DTAA/HCJ0171,2010-05-07,IT & Engineering,Staff,2,1.0,0,0.0,0
DTAA/RXE0207,2010-05-07,IT & Engineering,Staff,3,1.0,0,0.0,0
DTAA/RDG0350,2010-05-07,IT & Engineering,Staff,2,2.0,0,0.0,0
DTAA/XCB0445,2010-05-07,IT & Engineering,Staff,2,1.0,0,0.0,0
DTAA/KEH0055,2010-05-07,IT & Engineering,Staff,2,1.0,0,0.0,0
DTAA/JGB0062,2010-05-07,IT & Engineering,Staff,2,1.0,0,0.0,0
DTAA/FCT0552,2010-05-07,IT & Engineering,Staff,2,1.0,0,0.0,0
DTAA/DMR0377,2010-05-07,IT & Engineering,Staff,5,2.0,0,0.0,0
DTAA/CNB0615,2010-05-07,IT & Engineering,Staff,2,1.0,0,0.0,0
DTAA/BTH0004,2010-05-07,IT & Engineering,Staff,2,1.0,0,0.0,0
DTAA/CAO0951,2010-05-07,IT & Engineering,Staff,2,0.0,0,0.0,0
DTAA/LVC0027,2010-05-07,IT & Engineering,Staff,2,1.0,0,0.0,0
DTAA/CKB0536,2010-05-07,IT & Engineering,Staff,2,0.0,0,0.0,0
DTAA/DJW0368,2010-05-07,IT & Engineering,Staff,3,0.0,0,0.0,0
DTAA/JCC0140,2010-05-07,IT & Engineering,Staff,3,1.0,0,0.0,0
DTAA/JWW0076,2010-05-07,IT & Engineering,Staff,2,0.0,0,0.0,0
DTAA/JAC0390,2010-05-07,IT & Engineering,Staff,2,0.0,0,0.0,0
DTAA/SSB0151,2010-05-07,IT & Engineering,Staff,2,0.0,0,0.0,0
DTAA/IVS0463,2010-05-07,IT & Engineering,Staff,2,0.0,0,0.0,0
DTAA/AJS0978,2010-05-07,IT & Engineering,Staff,2,0.0,0,0.0,0
DTAA/LEH0561,2010-05-07,IT & Engineering,Staff,2,0.0,0,0.0,0
DTAA/EEB0134,2010-05-07,IT & Engineering,Staff,2,0.0,0,0.0,0
DTAA/FAF0578,2010-05-07,IT & Engineering,Staff,2,1.0,0,0.0,0
DTAA/EAM0745,2010-05-07,IT & Engineering,Staff,2,0.0,0,0.0,0
DTAA/ARG0405,2010-05-07,IT & Engineering,Staff,2,1.0,0,0.0,0
DTAA/LYC0672,2010-05-07,IT & Engineering,Staff,2,0.0,0,0.0,0
DTAA/LJB0492,2010-05-07,IT & Engineering,Staff,2,0.0,0,0.0,0
DTAA/LQA0232,2010-05-07,IT & Engineering,Staff,3,1.0,0,0.0,0
DTAA/VJD0704,2010-05-07,IT & Engineering,Staff,2,0.0,0,0.0,0
DTAA/UMK0142,2010-05-07,IT & Engineering,Staff,2,0.0,0,0.0,0
DTAA/EDG0766,2010-05-07,IT & Engineering,Staff,2,0.0,0,0.0,0
DTAA/DME0620,2010-05-07,IT & Engineering,Staff,2,1.0,0,0.0,0
DTAA/JMA0875,2010-05-07,IT & Engineering,Staff,2,0.0,0,0.0,0
DTAA/GHS0664,2010-05-07,IT & Engineering,Staff,2,1.0,0,0.0,0
DTAA/ANC0012,2010-05-07,IT & Engineering,Staff,3,1.0,0,0.0,0
DTAA/AKS0283,2010-05-07,IT & Engineering,Staff,2,1.0,0,0.0,0
DTAA/REK0484,2010-05-07,IT & Engineering,Staff,2,1.0,0,0.0,0
DTAA/PCO0684,2010-05-07,IT & Engineering,Staff,2,0.0,0,0.0,0
DTAA/AGG0562,2010-05-07,IT & Engineering,Staff,2,0.0,0,0.0,0
DTAA/ONQ0625,2010-05-07,IT & Engineering,Staff,2,0.0,0,0.0,0
DTAA/NJC0459,2010-05-07,IT & Engineering,Staff,2,0.0,0,0.0,0
DTAA/LTB0150,2010-05-07,IT & Engineering,Staff,2,1.0,0,0.0,0
DTAA/UCM0106,2010-05-07,IT & Engineering,Staff,2,1.0,0,0.0,0
DTAA/LJR0772,2010-05-08,IT & Engineering,Staff,2,2.0,0,0.0,0
DTAA/OTS0256,2010-05-10,IT & Engineering,Staff,2,1.0,0,0.0,0
DTAA/CBP0628,2010-05-10,IT & Engineering,Staff,2,2.0,0,0.0,0
DTAA/MWH0853,2010-05-10,IT & Engineering,Staff,2,1.0,0,0.0,0
DTAA/AKA0033,2010-05-10,IT & Engineering,Staff,2,1.0,0,0.0,0
DTAA/GJG0820,2010-05-10,IT & Engineering,Staff,2,1.0,0,0.0,0
DTAA/MTC0538,2010-05-10,IT & Engineering,Staff,2,1.0,0,0.0,0
DTAA/NWT0708,2010-05-10,IT & Engineering,Staff,2,1.0,0,0.0,0
DTAA/DDJ0535,2010-05-10,IT & Engineering,Staff,2,1.0,0,0.0,0
DTAA/RDP0855,2010-05-10,IT & Engineering,Staff,2,1.0,0,0.0,0
DTAA/AKH0067,2010-05-10,IT & Engineering,Staff,2,1.0,0,0.0,0
DTAA/AID0577,2010-05-10,IT & Engineering,Staff,2,1.0,0,0.0,0
DTAA/PVH0124,2010-05-10,IT & Engineering,Staff,2,1.0,0,0.0,0
DTAA/IMW0965,2010-05-10,IT & Engineering,Staff,2,1.0,0,0.0,0
DTAA/JJB0720,2010-05-10,IT & Engineering,Staff,2,1.0,0,0.0,0
DTAA/LND0767,2010-05-10,IT & Engineering,Staff,2,1.0,0,0.0,0
DTAA/SWM0768,2010-05-10,IT & Engineering,Staff,2,2.0,0,0.0,0
DTAA/JZV0159,2010-05-10,IT & Engineering,Staff,2,2.0,0,0.0,0
DTAA/HKO0796,2010-05-10,IT & Engineering,Staff,2,1.0,0,0.0,0
DTAA/CAH0921,2010-05-10,IT & Engineering,Staff,2,1.0,0,0.0,0
DTAA/GBR0420,2010-05-10,IT & Engineering,Staff,3,1.0,0,0.0,0
DTAA/DXM0213,2010-05-10,IT & Engineering,Staff,2,1.0,0,0.0,0
DTAA/MMH0581,2010-05-10,IT & Engineering,Staff,3,2.0,0,0.0,0
DTAA/LAL0170,2010-05-10,IT & Engineering,Staff,2,1.0,0,0.0,0
DTAA/AMM0661,2010-05-10,IT & Engineering,Staff,2,1.0,0,0.0,0
DTAA/RQH0770,2010-05-10,IT & Engineering,Staff,3,1.0,0,0.0,0
DTAA/AFG0122,2010-05-10,IT & Engineering,Staff,2,1.0,0,0.0,0
DTAA/WTA0867,2010-05-10,IT & Engineering,Staff,2,1.0,0,0.0,0
DTAA/NDH0524,2010-05-10,IT & Engineering,Staff,2,1.0,0,0.0,0
DTAA/KPB0665,2010-05-10,IT & Engineering,Staff,2,1.0,0,0.0,0
DTAA/AFO0022,2010-05-10,IT & Engineering,Staff,2,1.0,0,0.0,0
DTAA/SDC0032,2010-05-10,IT & Engineering,Staff,3,1.0,0,0.0,0
DTAA/EAR0695,2010-05-10,IT & Engineering,Staff,2,1.0,0,0.0,0
DTAA/MDS0742,2010-05-10,IT & Engineering,Staff,2,2.0,0,0.0,0
DTAA/ABL0836,2010-05-10,IT & Engineering,Staff,2,2.0,0,0.0,0
DTAA/LDB0961,2010-05-10,IT & Engineering,Staff,3,1.0,0,0.0,0
DTAA/AAC0344,2010-05-10,IT & Engineering,Staff,2,0.0,0,0.0,0
DTAA/DAG0754,2010-05-10,IT & Engineering,Staff,2,0.0,0,0.0,0
DTAA/EKB0587,2010-05-10,IT & Engineering,Staff,2,1.0,0,0.0,0
DTAA/HCR0525,2010-05-10,IT & Engineering,Staff,2,0.0,0,0.0,0
DTAA/HAG0649,2010-05-10,IT & Engineering,Staff,2,0.0,0,0.0,0
DTAA/KTC0285,2010-05-10,IT & Engineering,Staff,2,0.0,0,0.0,0
DTAA/AKM0969,2010-05-10,IT & Engineering,Staff,2,0.0,0,0.0,0
DTAA/BAF0379,2010-05-10,IT & Engineering,Staff,2,0.0,0,0.0,0
DTAA/HEG0785,2010-05-10,IT & Engineering,Staff,2,0.0,0,0.0,0
DTAA/CMM0900,2010-05-10,IT & Engineering,Staff,2,0.0,0,0.0,0
DTAA/CBR0104,2010-05-10,IT & Engineering,Staff,3,1.0,0,0.0,0
DTAA/IHD0259,2010-05-10,IT & Engineering,Staff,2,0.0,0,0.0,0
DTAA/KYH0920,2010-05-10,IT & Engineering,Staff,2,0.0,0,0.0,0
DTAA/PKM0092,2010-05-10,IT & Engineering,Staff,3,1.0,0,0.0,0
DTAA/IGB0310,2010-05-10,IT & Engineering,Staff,2,0.0,0,0.0,0
DTAA/IWM0482,2010-05-10,IT & Engineering,Staff,2,0.0,0,0.0,0
DTAA/SER0835,2010-05-10,IT & Engineering,Staff,2,1.0,0,0.0,0
DTAA/VNM0127,2010-05-10,IT & Engineering,Staff,2,1.0,0,0.0,0
DTAA/SAM0954,2010-05-10,IT & Engineering,Staff,4,0.0,0,0.0,0
DTAA/AJP0553,2010-05-10,IT & Engineering,Staff,2,1.0,0,0.0,0
DTAA/KBB0983,2010-05-10,IT & Engineering,Staff,2,1.0,0,0.0,0
DTAA/GNB0481,2010-05-10,IT & Engineering,Staff,2,0.0,0,0.0,0
DTAA/CBC0653,2010-05-10,IT & Engineering,Staff,2,1.0,0,0.0,0
DTAA/DWF0128,2010-05-10,IT & Engineering,Staff,3,0.0,0,0.0,0
DTAA/TER0923,2010-05-10,IT & Engineering,Staff,2,0.0,0,0.0,0
DTAA/CNS0950,2010-05-10,IT & Engineering,Staff,2,1.0,0,0.0,0
DTAA/ICB0779,2010-05-10,IT & Engineering,Staff,2,1.0,0,0.0,0
DTAA/DGM0240,2010-05-10,IT & Engineering,Staff,2,1.0,0,0.0,0
DTAA/LCK0551,2010-05-10,IT & Engineering,Staff,2,1.0,0,0.0,0
DTAA/TCH0230,2010-05-10,IT & Engineering,Staff,2,0.0,0,0.0,0
DTAA/RBC0583,2010-05-10,IT & Engineering,Staff,5,1.0,0,0.0,0
DTAA/IRC0991,2010-05-11,IT & Engineering,Staff,15,9.0,0,0.0,0
DTAA/DAW0221,2010-05-11,IT & Engineering,Staff,3,2.0,0,0.0,0
DTAA/IGC0415,2010-05-11,IT & Engineering,Staff,2,1.0,0,0.0,0
DTAA/OLR0984,2010-05-11,IT & Engineering,Staff,2,1.0,0,0.0,0
DTAA/NQC0925,2010-05-11,IT & Engineering,Staff,2,1.0,0,0.0,0
DTAA/SXH0895,2010-05-11,IT & Engineering,Staff,2,1.0,0,0.0,0
DTAA/HTG0554,2010-05-11,IT & Engineering,Staff,2,2.0,0,0.0,0
DTAA/SJH0907,2010-05-11,IT & Engineering,Staff,2,1.0,0,0.0,0
DTAA/SGS0352,2010-05-11,IT & Engineering,Staff,2,1.0,0,0.0,0
DTAA/BFO0438,2010-05-11,IT & Engineering,Staff,2,1.0,0,0.0,0
DTAA/KBP0188,2010-05-11,IT & Engineering,Staff,2,1.0,0,0.0,0
DTAA/CGM0319,2010-05-11,IT & Engineering,Staff,3,1.0,0,0.0,0
DTAA/KCH0987,2010-05-11,IT & Engineering,Staff,2,1.0,0,0.0,0
DTAA/AEC0750,2010-05-11,IT & Engineering,Staff,2,1.0,0,0.0,0
DTAA/FIM0668,2010-05-11,IT & Engineering,Staff,2,1.0,0,0.0,0
DTAA/WOT0549,2010-05-11,IT & Engineering,Staff,3,1.0,0,0.0,0
DTAA/PJL0320,2010-05-11,IT & Engineering,Staff,3,3.0,0,0.0,0
DTAA/JMP0200,2010-05-11,IT & Engineering,Staff,2,1.0,0,0.0,0
DTAA/BFV0911,2010-05-11,IT & Engineering,Staff,2,1.0,0,0.0,0
DTAA/ANS0172,2010-05-11,IT & Engineering,Staff,2,2.0,0,0.0,0
DTAA/KBC0337,2010-05-11,IT & Engineering,Staff,2,2.0,0,0.0,0
DTAA/RCR0864,2010-05-11,IT & Engineering,Staff,2,1.0,0,0.0,0
DTAA/WBW0591,2010-05-11,IT & Engineering,Staff,2,2.0,0,0.0,0
DTAA/KAD0059,2010-05-11,IT & Engineering,Staff,3,1.0,0,0.0,0
DTAA/RLS0935,2010-05-11,IT & Engineering,Staff,2,1.0,0,0.0,0
DTAA/ASP0799,2010-05-11,IT & Engineering,Staff,2,1.0,0,0.0,0
DTAA/SHS0608,2010-05-11,IT & Engineering,Staff,2,1.0,0,0.0,0
DTAA/CMU0028,2010-05-11,IT & Engineering,Staff,2,1.0,0,0.0,0
DTAA/LGV0288,2010-05-11,IT & Engineering,Staff,2,1.0,0,0.0,0
DTAA/HBB0402,2010-05-11,IT & Engineering,Staff,3,1.0,0,0.0,0
DTAA/AMH0101,2010-05-11,IT & Engineering,Staff,2,1.0,0,0.0,0
DTAA/CCH0497,2010-05-11,IT & Engineering,Staff,2,1.0,0,0.0,0
DTAA/RJP0345,2010-05-11,IT & Engineering,Staff,2,1.0,0,0.0,0
DTAA/KJM0614,2010-05-11,IT & Engineering,Staff,3,2.0,0,0.0,0
DTAA/WSL0470,2010-05-11,IT & Engineering,Staff,2,0.0,0,0.0,0
DTAA/TTG0637,2010-05-11,IT & Engineering,Staff,2,1.0,0,0.0,0
DTAA/BCJ0800,2010-05-11,IT & Engineering,Staff,2,1.0,0,0.0,0
DTAA/NET0306,2010-05-11,IT & Engineering,Staff,2,0.0,0,0.0,0
DTAA/JLV0465,2010-05-11,IT & Engineering,Staff,2,0.0,0,0.0,0
DTAA/AWB0828,2010-05-11,IT & Engineering,Staff,2,0.0,0,0.0,0
DTAA/PAC0722,2010-05-11,IT & Engineering,Staff,2,1.0,0,0.0,0
DTAA/MRS0395,2010-05-11,IT & Engineering,Staff,2,0.0,0,0.0,0
DTAA/SGC0118,2010-05-11,IT & Engineering,Staff,2,0.0,0,0.0,0
DTAA/PTH0957,2010-05-11,IT & Engineering,Staff,2,1.0,0,0.0,0
DTAA/KGS0398,2010-05-11,IT & Engineering,Staff,3,1.0,0,0.0,0
DTAA/NJH0593,2010-05-11,IT & Engineering,Staff,2,0.0,0,0.0,0
DTAA/TXR0884,2010-05-11,IT & Engineering,Staff,2,1.0,0,0.0,0
DTAA/GCH0545,2010-05-11,IT & Engineering,Staff,2,1.0,0,0.0,0
DTAA/PBH0441,2010-05-11,IT & Engineering,Staff,2,1.0,0,0.0,0
DTAA/OZM0468,2010-05-11,IT & Engineering,Staff,2,0.0,0,0.0,0
DTAA/RAH0968,2010-05-11,IT & Engineering,Staff,2,0.0,0,0.0,0
DTAA/FGM0119,2010-05-11,IT & Engineering,Staff,2,1.0,0,0.0,0
DTAA/BCS0374,2010-05-11,IT & Engineering,Staff,2,1.0,0,0.0,0
DTAA/CRF0074,2010-05-11,IT & Engineering,Staff,3,1.0,0,0.0,0
DTAA/MCC0851,2010-05-11,IT & Engineering,Staff,2,0.0,0,0.0,0
DTAA/SGG0584,2010-05-11,IT & Engineering,Staff,2,1.0,0,0.0,0
DTAA/YQW0689,2010-05-12,IT & Engineering,Staff,3,1.0,0,0.0,0
DTAA/NRS0477,2010-05-12,IT & Engineering,Staff,2,2.0,0,0.0,0
DTAA/BCG0303,2010-05-12,IT & Engineering,Staff,2,1.0,0,0.0,0
DTAA/GKC0919,2010-05-12,IT & Engineering,Staff,2,2.0,0,0.0,0
DTAA/ALW0694,2010-05-12,IT & Engineering,Staff,3,1.0,0,0.0,0
DTAA/SEF0446,2010-05-12,IT & Engineering,Staff,2,1.0,0,0.0,0
DTAA/NAC0161,2010-05-12,IT & Engineering,Staff,5,1.0,0,0.0,0
DTAA/RER0237,2010-05-12,IT & Engineering,Staff,2,1.0,0,0.0,0
DTAA/HKG0503,2010-05-12,IT & Engineering,Staff,2,1.0,0,0.0,0
DTAA/USB0641,2010-05-12,IT & Engineering,Staff,2,2.0,0,0.0,0
DTAA/EWR0504,2010-05-12,IT & Engineering,Staff,3,1.0,0,0.0,0
DTAA/BBM0499,2010-05-12,IT & Engineering,Staff,2,1.0,0,0.0,0
DTAA/XCB0445,2010-05-12,IT & Engineering,Staff,6,3.0,0,0.0,0
DTAA/TZB0870,2010-05-12,IT & Engineering,Staff,2,1.0,0,0.0,0
DTAA/RDG0350,2010-05-12,IT & Engineering,Staff,2,2.0,0,0.0,0
DTAA/ALC0244,2010-05-12,IT & Engineering,Staff,2,1.0,0,0.0,0
DTAA/RXE0207,2010-05-12,IT & Engineering,Staff,3,2.0,0,0.0,0
DTAA/CNB0615,2010-05-12,IT & Engineering,Staff,2,1.0,0,0.0,0
DTAA/BNW0850,2010-05-12,IT & Engineering,Staff,2,2.0,0,0.0,0
DTAA/CAO0951,2010-05-12,IT & Engineering,Staff,2,0.0,0,0.0,0
DTAA/LVC0027,2010-05-12,IT & Engineering,Staff,2,1.0,0,0.0,0
DTAA/BTH0004,2010-05-12,IT & Engineering,Staff,3,1.0,0,0.0,0
DTAA/KEH0055,2010-05-12,IT & Engineering,Staff,2,0.0,0,0.0,0
DTAA/DMR0377,2010-05-12,IT & Engineering,Staff,3,1.0,0,0.0,0
DTAA/HCJ0171,2010-05-12,IT & Engineering,Staff,2,1.0,0,0.0,0
DTAA/DJW0368,2010-05-12,IT & Engineering,Staff,3,0.0,0,0.0,0
DTAA/FCT0552,2010-05-12,IT & Engineering,Staff,2,0.0,0,0.0,0
DTAA/CKB0536,2010-05-12,IT & Engineering,Staff,2,0.0,0,0.0,0
DTAA/JCC0140,2010-05-12,IT & Engineering,Staff,5,1.0,0,0.0,0
DTAA/AFR0646,2010-05-12,IT & Engineering,Staff,2,1.0,0,0.0,0
DTAA/ARG0405,2010-05-12,IT & Engineering,Staff,2,1.0,0,0.0,0
DTAA/LEH0561,2010-05-12,IT & Engineering,Staff,2,0.0,0,0.0,0
DTAA/JAC0390,2010-05-12,IT & Engineering,Staff,2,0.0,0,0.0,0
DTAA/SSB0151,2010-05-12,IT & Engineering,Staff,2,0.0,0,0.0,0
DTAA/LJB0492,2010-05-12,IT & Engineering,Staff,2,0.0,0,0.0,0
DTAA/FAF0578,2010-05-12,IT & Engineering,Staff,2,1.0,0,0.0,0
DTAA/EDG0766,2010-05-12,IT & Engineering,Staff,2,0.0,0,0.0,0
DTAA/LYC0672,2010-05-12,IT & Engineering,Staff,2,0.0,0,0.0,0
DTAA/EEB0134,2010-05-12,IT & Engineering,Staff,3,0.0,0,0.0,0
DTAA/UMK0142,2010-05-12,IT & Engineering,Staff,2,0.0,0,0.0,0
DTAA/AJS0978,2010-05-12,IT & Engineering,Staff,2,0.0,0,0.0,0
DTAA/EAM0745,2010-05-12,IT & Engineering,Staff,2,0.0,0,0.0,0
DTAA/LQA0232,2010-05-12,IT & Engineering,Staff,3,1.0,0,0.0,0
DTAA/IVS0463,2010-05-12,IT & Engineering,Staff,2,0.0,0,0.0,0
DTAA/JWW0076,2010-05-12,IT & Engineering,Staff,2,0.0,0,0.0,0
DTAA/DME0620,2010-05-12,IT & Engineering,Staff,2,1.0,0,0.0,0
DTAA/VJD0704,2010-05-12,IT & Engineering,Staff,2,0.0,0,0.0,0
DTAA/JMA0875,2010-05-12,IT & Engineering,Staff,2,0.0,0,0.0,0
DTAA/AKS0283,2010-05-12,IT & Engineering,Staff,5,1.0,0,0.0,0
DTAA/ANC0012,2010-05-12,IT & Engineering,Staff,2,1.0,0,0.0,0
DTAA/GHS0664,2010-05-12,IT & Engineering,Staff,2,1.0,0,0.0,0
DTAA/AGG0562,2010-05-12,IT & Engineering,Staff,2,0.0,0,0.0,0
DTAA/REK0484,2010-05-12,IT & Engineering,Staff,2,1.0,0,0.0,0
DTAA/PCO0684,2010-05-12,IT & Engineering,Staff,2,0.0,0,0.0,0
DTAA/NJC0459,2010-05-12,IT & Engineering,Staff,2,0.0,0,0.0,0
DTAA/WJG0153,2010-05-12,IT & Engineering,Staff,3,0.0,0,0.0,0
DTAA/ONQ0625,2010-05-12,IT & Engineering,Staff,2,0.0,0,0.0,0
DTAA/LTB0150,2010-05-12,IT & Engineering,Staff,2,1.0,0,0.0,0
DTAA/UCM0106,2010-05-12,IT & Engineering,Staff,2,1.0,0,0.0,0
DTAA/ELD1000,2010-05-13,IT & Engineering,Staff,12,6.0,0,0.0,0
DTAA/CDZ0056,2010-05-13,IT & Engineering,Staff,4,2.0,0,0.0,0
DTAA/DAO0613,2010-05-13,IT & Engineering,Staff,2,1.0,0,0.0,0
DTAA/DRP0428,2010-05-13,IT & Engineering,Staff,5,1.0,0,0.0,0
DTAA/HSM0389,2010-05-13,IT & Engineering,Staff,3,1.0,0,0.0,0
DTAA/NTO0396,2010-05-13,IT & Engineering,Staff,2,1.0,0,0.0,0
DTAA/KRD0507,2010-05-13,IT & Engineering,Staff,3,1.0,0,0.0,0
DTAA/KIN0073,2010-05-13,IT & Engineering,Staff,2,1.0,0,0.0,0
DTAA/SJC0735,2010-05-13,IT & Engineering,Staff,2,1.0,0,0.0,0
DTAA/CSB0363,2010-05-13,IT & Engineering,Staff,2,2.0,0,0.0,0
DTAA/JMR0955,2010-05-13,IT & Engineering,Staff,2,1.0,0,0.0,0
DTAA/BIM0736,2010-05-13,IT & Engineering,Staff,2,2.0,0,0.0,0
DTAA/SKP0270,2010-05-13,IT & Engineering,Staff,2,1.0,0,0.0,0
DTAA/TKG0523,2010-05-13,IT & Engineering,Staff,2,2.0,0,0.0,0
DTAA/YCS0667,2010-05-13,IT & Engineering,Staff,2,1.0,0,0.0,0
DTAA/WLB0169,2010-05-13,IT & Engineering,Staff,2,0.0,0,0.0,0
DTAA/JIP0187,2010-05-13,IT & Engineering,Staff,2,1.0,0,0.0,0
DTAA/CKR0296,2010-05-13,IT & Engineering,Staff,2,1.0,0,0.0,0
DTAA/BAE0444,2010-05-13,IT & Engineering,Staff,2,0.0,0,0.0,0
DTAA/RJW0590,2010-05-13,IT & Engineering,Staff,2,0.0,0,0.0,0
DTAA/PFF0657,2010-05-13,IT & Engineering,Staff,2,1.0,0,0.0,0
DTAA/PCS0097,2010-05-13,IT & Engineering,Staff,2,0.0,0,0.0,0
DTAA/MSK0862,2010-05-13,IT & Engineering,Staff,2,0.0,0,0.0,0
DTAA/BSG0869,2010-05-13,IT & Engineering,Staff,2,0.0,0,0.0,0
DTAA/MSM0226,2010-05-13,IT & Engineering,Staff,3,0.0,0,0.0,0
DTAA/VBW0447,2010-05-13,IT & Engineering,Staff,2,0.0,0,0.0,0
DTAA/EBS0287,2010-05-13,IT & Engineering,Staff,3,0.0,0,0.0,0
DTAA/GEC0077,2010-05-13,IT & Engineering,Staff,2,0.0,0,0.0,0
DTAA/KBC0788,2010-05-13,IT & Engineering,Staff,2,1.0,0,0.0,0
DTAA/HSD0519,2010-05-13,IT & Engineering,Staff,3,0.0,0,0.0,0
DTAA/HED0802,2010-05-13,IT & Engineering,Staff,3,0.0,0,0.0,0
DTAA/MTM0239,2010-05-13,IT & Engineering,Staff,2,1.0,0,0.0,0
DTAA/DTD0380,2010-05-13,IT & Engineering,Staff,3,0.0,0,0.0,0
DTAA/KMG0002,2010-05-13,IT & Engineering,Staff,2,1.0,0,0.0,0
DTAA/GTR0327,2010-05-13,IT & Engineering,Staff,2,1.0,0,0.0,0
DTAA/MCF0985,2010-05-13,IT & Engineering,Staff,3,0.0,0,0.0,0
DTAA/JIH0640,2010-05-13,IT & Engineering,Staff,2,0.0,0,0.0,0
DTAA/BGF0236,2010-05-13,IT & Engineering,Staff,3,0.0,0,0.0,0
DTAA/RLS0966,2010-05-13,IT & Engineering,Staff,2,0.0,0,0.0,0
DTAA/UBH0964,2010-05-13,IT & Engineering,Staff,3,1.0,0,0.0,0
DTAA/JHC0703,2010-05-13,IT & Engineering,Staff,2,1.0,0,0.0,0
DTAA/OHW0215,2010-05-13,IT & Engineering,Staff,2,1.0,0,0.0,0
DTAA/PMG0890,2010-05-13,IT & Engineering,Staff,2,1.0,0,0.0,0
DTAA/EMR0242,2010-05-13,IT & Engineering,Staff,2,0.0,0,0.0,0
DTAA/JBS0654,2010-05-13,IT & Engineering,Staff,2,0.0,0,0.0,0
DTAA/EEK0031,2010-05-13,IT & Engineering,Staff,2,0.0,0,0.0,0
DTAA/SSC0387,2010-05-13,IT & Engineering,Staff,2,1.0,0,0.0,0
DTAA/ARW0541,2010-05-13,IT & Engineering,Staff,2,0.0,0,0.0,0
DTAA/DKR0696,2010-05-13,IT & Engineering,Staff,2,0.0,0,0.0,0
DTAA/THL0671,2010-05-13,IT & Engineering,Staff,2,0.0,0,0.0,0
DTAA/CBP0628,2010-05-14,IT & Engineering,Staff,2,2.0,0,0.0,0
DTAA/MWH0853,2010-05-14,IT & Engineering,Staff,2,1.0,0,0.0,0
DTAA/OTS0256,2010-05-14,IT & Engineering,Staff,2,1.0,0,0.0,0
DTAA/AKA0033,2010-05-14,IT & Engineering,Staff,2,1.0,0,0.0,0
DTAA/MTC0538,2010-05-14,IT & Engineering,Staff,2,1.0,0,0.0,0
DTAA/GJG0820,2010-05-14,IT & Engineering,Staff,2,1.0,0,0.0,0
DTAA/DDJ0535,2010-05-14,IT & Engineering,Staff,2,1.0,0,0.0,0
DTAA/NWT0708,2010-05-14,IT & Engineering,Staff,2,1.0,0,0.0,0
DTAA/PVH0124,2010-05-14,IT & Engineering,Staff,2,1.0,0,0.0,0
DTAA/AKH0067,2010-05-14,IT & Engineering,Staff,2,1.0,0,0.0,0
DTAA/AID0577,2010-05-14,IT & Engineering,Staff,2,1.0,0,0.0,0
DTAA/LND0767,2010-05-14,IT & Engineering,Staff,2,1.0,0,0.0,0
DTAA/JJR0278,2010-05-14,IT & Engineering,Staff,2,1.0,0,0.0,0
DTAA/IMW0965,2010-05-14,IT & Engineering,Staff,2,1.0,0,0.0,0
DTAA/DXM0213,2010-05-14,IT & Engineering,Staff,2,1.0,0,0.0,0
DTAA/MMH0581,2010-05-14,IT & Engineering,Staff,3,2.0,0,0.0,0
DTAA/SWM0768,2010-05-14,IT & Engineering,Staff,2,2.0,0,0.0,0
DTAA/JJB0720,2010-05-14,IT & Engineering,Staff,2,1.0,0,0.0,0
DTAA/HKO0796,2010-05-14,IT & Engineering,Staff,2,1.0,0,0.0,0
DTAA/CAH0921,2010-05-14,IT & Engineering,Staff,2,1.0,0,0.0,0
DTAA/RDP0855,2010-05-14,IT & Engineering,Staff,2,1.0,0,0.0,0
DTAA/AFO0022,2010-05-14,IT & Engineering,Staff,3,1.0,0,0.0,0
DTAA/WTA0867,2010-05-14,IT & Engineering,Staff,2,1.0,0,0.0,0
DTAA/LAL0170,2010-05-14,IT & Engineering,Staff,2,1.0,0,0.0,0
DTAA/EAR0695,2010-05-14,IT & Engineering,Staff,2,1.0,0,0.0,0
DTAA/AFG0122,2010-05-14,IT & Engineering,Staff,4,1.0,0,0.0,0
DTAA/LTM0418,2010-05-14,IT & Engineering,Staff,3,1.0,0,0.0,0
DTAA/JZV0159,2010-05-14,IT & Engineering,Staff,2,2.0,0,0.0,0
DTAA/HAG0649,2010-05-14,IT & Engineering,Staff,3,1.0,0,0.0,0
DTAA/NDH0524,2010-05-14,IT & Engineering,Staff,2,1.0,0,0.0,0
DTAA/AMM0661,2010-05-14,IT & Engineering,Staff,2,1.0,0,0.0,0
DTAA/GBR0420,2010-05-14,IT & Engineering,Staff,2,1.0,0,0.0,0
DTAA/RQH0770,2010-05-14,IT & Engineering,Staff,2,1.0,0,0.0,0
DTAA/KTC0285,2010-05-14,IT & Engineering,Staff,2,2.0,0,0.0,0
DTAA/EKB0587,2010-05-14,IT & Engineering,Staff,2,2.0,0,0.0,0
DTAA/KPB0665,2010-05-14,IT & Engineering,Staff,2,1.0,0,0.0,0
DTAA/XKR0971,2010-05-14,IT & Engineering,Staff,2,2.0,0,0.0,0
DTAA/HCR0525,2010-05-14,IT & Engineering,Staff,2,1.0,0,0.0,0
DTAA/AAC0344,2010-05-14,IT & Engineering,Staff,2,0.0,0,0.0,0
DTAA/AKM0969,2010-05-14,IT & Engineering,Staff,2,0.0,0,0.0,0
DTAA/SDC0032,2010-05-14,IT & Engineering,Staff,6,1.0,0,0.0,0
DTAA/ABL0836,2010-05-14,IT & Engineering,Staff,2,1.0,0,0.0,0
DTAA/DAG0754,2010-05-14,IT & Engineering,Staff,2,0.0,0,0.0,0
DTAA/MDS0742,2010-05-14,IT & Engineering,Staff,2,1.0,0,0.0,0
DTAA/LDB0961,2010-05-14,IT & Engineering,Staff,3,1.0,0,0.0,0
DTAA/KYH0920,2010-05-14,IT & Engineering,Staff,2,0.0,0,0.0,0
DTAA/BAF0379,2010-05-14,IT & Engineering,Staff,2,0.0,0,0.0,0
DTAA/HEG0785,2010-05-14,IT & Engineering,Staff,2,0.0,0,0.0,0
DTAA/CMM0900,2010-05-14,IT & Engineering,Staff,2,0.0,0,0.0,0
DTAA/CBR0104,2010-05-14,IT & Engineering,Staff,3,1.0,0,0.0,0
DTAA/IHD0259,2010-05-14,IT & Engineering,Staff,2,0.0,0,0.0,0
DTAA/KBB0983,2010-05-14,IT & Engineering,Staff,2,1.0,0,0.0,0
DTAA/GNB0481,2010-05-14,IT & Engineering,Staff,2,0.0,0,0.0,0
DTAA/PKM0092,2010-05-14,IT & Engineering,Staff,3,1.0,0,0.0,0
DTAA/SAM0954,2010-05-14,IT & Engineering,Staff,2,0.0,0,0.0,0
DTAA/SER0835,2010-05-14,IT & Engineering,Staff,2,1.0,0,0.0,0
DTAA/IWM0482,2010-05-14,IT & Engineering,Staff,2,0.0,0,0.0,0
DTAA/IGB0310,2010-05-14,IT & Engineering,Staff,2,0.0,0,0.0,0
DTAA/CNS0950,2010-05-14,IT & Engineering,Staff,2,1.0,0,0.0,0
DTAA/AJP0553,2010-05-14,IT & Engineering,Staff,2,1.0,0,0.0,0
DTAA/VNM0127,2010-05-14,IT & Engineering,Staff,2,1.0,0,0.0,0
DTAA/DWF0128,2010-05-14,IT & Engineering,Staff,3,0.0,0,0.0,0
DTAA/CBC0653,2010-05-14,IT & Engineering,Staff,2,1.0,0,0.0,0
DTAA/TER0923,2010-05-14,IT & Engineering,Staff,2,0.0,0,0.0,0
DTAA/LCK0551,2010-05-14,IT & Engineering,Staff,2,1.0,0,0.0,0
DTAA/ICB0779,2010-05-14,IT & Engineering,Staff,2,1.0,0,0.0,0
DTAA/TCH0230,2010-05-14,IT & Engineering,Staff,2,0.0,0,0.0,0
DTAA/RBC0583,2010-05-14,IT & Engineering,Staff,5,1.0,0,0.0,0
DTAA/DGM0240,2010-05-14,IT & Engineering,Staff,3,1.0,0,0.0,0
DTAA/JCS0873,2010-05-17,IT & Engineering,Staff,3,1.0,0,0.0,0
DTAA/TFS0216,2010-05-17,IT & Engineering,Staff,2,1.0,0,0.0,0
DTAA/CSR0189,2010-05-17,IT & Engineering,Staff,2,1.0,0,0.0,0
DTAA/NRM0093,2010-05-17,IT & Engineering,Staff,2,1.0,0,0.0,0
DTAA/LAW0437,2010-05-17,IT & Engineering,Staff,2,1.0,0,0.0,0
DTAA/QAM0113,2010-05-17,IT & Engineering,Staff,2,1.0,0,0.0,0
DTAA/HLA0457,2010-05-17,IT & Engineering,Staff,2,1.0,0,0.0,0
DTAA/MND0675,2010-05-17,IT & Engineering,Staff,2,1.0,0,0.0,0
DTAA/BCR0547,2010-05-17,IT & Engineering,Staff,2,1.0,0,0.0,0
DTAA/NMC0251,2010-05-17,IT & Engineering,Staff,2,1.0,0,0.0,0
DTAA/WGL0515,2010-05-17,IT & Engineering,Staff,2,1.0,0,0.0,0
DTAA/RKC0190,2010-05-17,IT & Engineering,Staff,2,1.0,0,0.0,0
DTAA/LMJ0323,2010-05-17,IT & Engineering,Staff,2,1.0,0,0.0,0
DTAA/CSD0739,2010-05-17,IT & Engineering,Staff,2,1.0,0,0.0,0
DTAA/RVM0826,2010-05-17,IT & Engineering,Staff,2,1.0,0,0.0,0
DTAA/AAA0371,2010-05-17,IT & Engineering,Staff,2,1.0,0,0.0,0
DTAA/ACL0865,2010-05-17,IT & Engineering,Staff,2,1.0,0,0.0,0
DTAA/GDJ0631,2010-05-17,IT & Engineering,Staff,3,1.0,0,0.0,0
DTAA/AMS0897,2010-05-17,IT & Engineering,Staff,3,1.0,0,0.0,0
DTAA/KMC0840,2010-05-17,IT & Engineering,Staff,2,1.0,0,0.0,0
DTAA/EGG0294,2010-05-17,IT & Engineering,Staff,2,2.0,0,0.0,0
DTAA/HER0860,2010-05-17,IT & Engineering,Staff,2,2.0,0,0.0,0
DTAA/MJP0603,2010-05-17,IT & Engineering,Staff,2,1.0,0,0.0,0
DTAA/UMB0449,2010-05-17,IT & Engineering,Staff,2,1.0,0,0.0,0
DTAA/KRC0455,2010-05-17,IT & Engineering,Staff,3,1.0,0,0.0,0
DTAA/LRH0747,2010-05-17,IT & Engineering,Staff,3,1.0,0,0.0,0
DTAA/LAH0710,2010-05-17,IT & Engineering,Staff,2,2.0,0,0.0,0
DTAA/SAS0601,2010-05-17,IT & Engineering,Staff,2,2.0,0,0.0,0
DTAA/NHL0521,2010-05-17,IT & Engineering,Staff,5,0.0,0,0.0,0
DTAA/ASS0824,2010-05-17,IT & Engineering,Staff,2,1.0,0,0.0,0
DTAA/AZS0738,2010-05-17,IT & Engineering,Staff,2,0.0,0,0.0,0
DTAA/KNC0403,2010-05-17,IT & Engineering,Staff,2,0.0,0,0.0,0
DTAA/BMM0247,2010-05-17,IT & Engineering,Staff,4,1.0,0,0.0,0
DTAA/MIC0914,2010-05-17,IT & Engineering,Staff,4,1.0,0,0.0,0
DTAA/ENP0794,2010-05-17,IT & Engineering,Staff,2,1.0,0,0.0,0
DTAA/MOA0526,2010-05-17,IT & Engineering,Staff,2,1.0,0,0.0,0
DTAA/PRB0157,2010-05-17,IT & Engineering,Staff,2,0.0,0,0.0,0
DTAA/NSD0763,2010-05-17,IT & Engineering,Staff,2,0.0,0,0.0,0
DTAA/AJC0203,2010-05-17,IT & Engineering,Staff,2,1.0,0,0.0,0
DTAA/JMM0759,2010-05-17,IT & Engineering,Staff,3,0.0,0,0.0,0
DTAA/NJW0094,2010-05-17,IT & Engineering,Staff,2,1.0,0,0.0,0
DTAA/ACM0061,2010-05-17,IT & Engineering,Staff,2,1.0,0,0.0,0
DTAA/QVM0338,2010-05-17,IT & Engineering,Staff,2,0.0,0,0.0,0
DTAA/DSM0990,2010-05-18,IT & Engineering,Staff,22,11.0,0,0.0,0
DTAA/CDR0453,2010-05-18,IT & Engineering,Staff,2,1.0,0,0.0,0
DTAA/PID0096,2010-05-18,IT & Engineering,Staff,3,1.0,0,0.0,0
DTAA/OXC0609,2010-05-18,IT & Engineering,Staff,2,1.0,0,0.0,0
DTAA/LDM0318,2010-05-18,IT & Engineering,Staff,2,1.0,0,0.0,0
DTAA/SJC0487,2010-05-18,IT & Engineering,Staff,4,2.0,0,0.0,0
DTAA/KDC0928,2010-05-18,IT & Engineering,Staff,2,1.0,0,0.0,0
DTAA/QCD0829,2010-05-18,IT & Engineering,Staff,3,1.0,0,0.0,0
DTAA/TRT0979,2010-05-18,IT & Engineering,Staff,2,1.0,0,0.0,0
DTAA/SCB0529,2010-05-18,IT & Engineering,Staff,2,2.0,0,0.0,0
DTAA/MFN0656,2010-05-18,IT & Engineering,Staff,2,1.0,0,0.0,0
DTAA/SHT0953,2010-05-18,IT & Engineering,Staff,2,1.0,0,0.0,0
DTAA/SMD0773,2010-05-18,IT & Engineering,Staff,2,1.0,0,0.0,0
DTAA/TPC0102,2010-05-18,IT & Engineering,Staff,2,1.0,0,0.0,0
DTAA/IHF0040,2010-05-18,IT & Engineering,Staff,3,1.0,0,0.0,0
DTAA/HDB0655,2010-05-18,IT & Engineering,Staff,2,1.0,0,0.0,0
DTAA/KLS0717,2010-05-18,IT & Engineering,Staff,3,1.0,0,0.0,0
DTAA/BDH0038,2010-05-18,IT & Engineering,Staff,3,1.0,0,0.0,0
DTAA/CEB0718,2010-05-18,IT & Engineering,Staff,2,1.0,0,0.0,0
DTAA/YCB0967,2010-05-18,IT & Engineering,Staff,2,1.0,0,0.0,0
DTAA/WJR0592,2010-05-18,IT & Engineering,Staff,2,1.0,0,0.0,0
DTAA/ARR0878,2010-05-18,IT & Engineering,Staff,2,1.0,0,0.0,0
DTAA/DRO0126,2010-05-18,IT & Engineering,Staff,3,1.0,0,0.0,0
DTAA/JAH0544,2010-05-18,IT & Engineering,Staff,5,2.0,0,0.0,0
DTAA/SHR0025,2010-05-18,IT & Engineering,Staff,3,1.0,0,0.0,0
DTAA/BGV0046,2010-05-18,IT & Engineering,Staff,3,1.0,0,0.0,0
DTAA/APC0769,2010-05-18,IT & Engineering,Staff,2,1.0,0,0.0,0
DTAA/DRD0916,2010-05-18,IT & Engineering,Staff,2,1.0,0,0.0,0
DTAA/END0616,2010-05-18,IT & Engineering,Staff,2,0.0,0,0.0,0
DTAA/VAP0168,2010-05-18,IT & Engineering,Staff,3,1.0,0,0.0,0
DTAA/DDD0915,2010-05-18,IT & Engineering,Staff,3,1.0,0,0.0,0
DTAA/JPP0841,2010-05-18,IT & Engineering,Staff,2,1.0,0,0.0,0
DTAA/MZB0206,2010-05-18,IT & Engineering,Staff,2,0.0,0,0.0,0
DTAA/SLM0589,2010-05-18,IT & Engineering,Staff,2,0.0,0,0.0,0
DTAA/JHD0512,2010-05-18,IT & Engineering,Staff,3,1.0,0,0.0,0
DTAA/WDW0064,2010-05-18,IT & Engineering,Staff,2,0.0,0,0.0,0
DTAA/KPS0299,2010-05-18,IT & Engineering,Staff,2,0.0,0,0.0,0
DTAA/VFS0231,2010-05-18,IT & Engineering,Staff,2,0.0,0,0.0,0
DTAA/ARF0269,2010-05-18,IT & Engineering,Staff,2,0.0,0,0.0,0
DTAA/TIW0195,2010-05-18,IT & Engineering,Staff,2,0.0,0,0.0,0
DTAA/AAK0924,2010-05-18,IT & Engineering,Staff,2,1.0,0,0.0,0
DTAA/QNK0574,2010-05-18,IT & Engineering,Staff,2,1.0,0,0.0,0
DTAA/YLO0362,2010-05-18,IT & Engineering,Staff,2,1.0,0,0.0,0
DTAA/ALL0155,2010-05-18,IT & Engineering,Staff,2,1.0,0,0.0,0
DTAA/BMR0596,2010-05-18,IT & Engineering,Staff,2,1.0,0,0.0,0
DTAA/GJH0384,2010-05-18,IT & Engineering,Staff,2,1.0,0,0.0,0
DTAA/RIM0938,2010-05-18,IT & Engineering,Staff,2,1.0,0,0.0,0
DTAA/BNG0510,2010-05-18,IT & Engineering,Staff,2,1.0,0,0.0,0
DTAA/CRC0996,2010-05-18,IT & Engineering,Staff,7,4.0,0,0.0,0
DTAA/SDL0679,2010-05-18,IT & Engineering,Staff,2,1.0,0,0.0,0
DTAA/MJM0228,2010-05-18,IT & Engineering,Staff,2,1.0,0,0.0,0
DTAA/XRP0435,2010-05-18,IT & Engineering,Staff,2,1.0,0,0.0,0
DTAA/DAO0613,2010-05-19,IT & Engineering,Staff,2,1.0,0,0.0,0
DTAA/DRP0428,2010-05-19,IT & Engineering,Staff,3,1.0,0,0.0,0
DTAA/HSM0389,2010-05-19,IT & Engineering,Staff,2,1.0,0,0.0,0
DTAA/CDZ0056,2010-05-19,IT & Engineering,Staff,5,1.0,0,0.0,0
DTAA/KRD0507,2010-05-19,IT & Engineering,Staff,3,1.0,0,0.0,0
DTAA/NTO0396,2010-05-19,IT & Engineering,Staff,2,1.0,0,0.0,0
DTAA/BIM0736,2010-05-19,IT & Engineering,Staff,2,2.0,0,0.0,0
DTAA/CSB0363,2010-05-19,IT & Engineering,Staff,2,2.0,0,0.0,0
DTAA/SKP0270,2010-05-19,IT & Engineering,Staff,2,1.0,0,0.0,0
DTAA/JMR0955,2010-05-19,IT & Engineering,Staff,2,1.0,0,0.0,0
DTAA/SJC0735,2010-05-19,IT & Engineering,Staff,2,1.0,0,0.0,0
DTAA/YCS0667,2010-05-19,IT & Engineering,Staff,2,1.0,0,0.0,0
DTAA/KIN0073,2010-05-19,IT & Engineering,Staff,2,1.0,0,0.0,0
DTAA/TKG0523,2010-05-19,IT & Engineering,Staff,2,2.0,0,0.0,0
DTAA/BAE0444,2010-05-19,IT & Engineering,Staff,2,1.0,0,0.0,0
DTAA/WLB0169,2010-05-19,IT & Engineering,Staff,3,1.0,0,0.0,0
DTAA/BSG0869,2010-05-19,IT & Engineering,Staff,2,1.0,0,0.0,0
DTAA/RJW0590,2010-05-19,IT & Engineering,Staff,2,1.0,0,0.0,0
DTAA/PCS0097,2010-05-19,IT & Engineering,Staff,2,0.0,0,0.0,0
DTAA/VBW0447,2010-05-19,IT & Engineering,Staff,2,0.0,0,0.0,0
DTAA/JIP0187,2010-05-19,IT & Engineering,Staff,2,1.0,0,0.0,0
DTAA/MSK0862,2010-05-19,IT & Engineering,Staff,2,0.0,0,0.0,0
DTAA/PFF0657,2010-05-19,IT & Engineering,Staff,2,1.0,0,0.0,0
DTAA/CKR0296,2010-05-19,IT & Engineering,Staff,3,1.0,0,0.0,0
DTAA/KBC0788,2010-05-19,IT & Engineering,Staff,2,1.0,0,0.0,0
DTAA/DTD0380,2010-05-19,IT & Engineering,Staff,2,0.0,0,0.0,0
DTAA/MSM0226,2010-05-19,IT & Engineering,Staff,3,0.0,0,0.0,0
DTAA/EMR0242,2010-05-19,IT & Engineering,Staff,2,0.0,0,0.0,0
DTAA/JHC0703,2010-05-19,IT & Engineering,Staff,2,1.0,0,0.0,0
DTAA/GEC0077,2010-05-19,IT & Engineering,Staff,2,0.0,0,0.0,0
DTAA/EBS0287,2010-05-19,IT & Engineering,Staff,3,0.0,0,0.0,0
DTAA/ELD1000,2010-05-19,IT & Engineering,Staff,8,4.0,0,0.0,0
DTAA/MCF0985,2010-05-19,IT & Engineering,Staff,3,0.0,0,0.0,0
DTAA/HSD0519,2010-05-19,IT & Engineering,Staff,4,0.0,0,0.0,0
DTAA/GTR0327,2010-05-19,IT & Engineering,Staff,2,1.0,0,0.0,0
DTAA/HED0802,2010-05-19,IT & Engineering,Staff,2,0.0,0,0.0,0
DTAA/RLS0966,2010-05-19,IT & Engineering,Staff,2,0.0,0,0.0,0
DTAA/MTM0239,2010-05-19,IT & Engineering,Staff,2,1.0,0,0.0,0
DTAA/UBH0964,2010-05-19,IT & Engineering,Staff,3,1.0,0,0.0,0
DTAA/JIH0640,2010-05-19,IT & Engineering,Staff,2,0.0,0,0.0,0
DTAA/OHW0215,2010-05-19,IT & Engineering,Staff,2,1.0,0,0.0,0
DTAA/KMG0002,2010-05-19,IT & Engineering,Staff,2,1.0,0,0.0,0
DTAA/JBS0654,2010-05-19,IT & Engineering,Staff,2,0.0,0,0.0,0
DTAA/ARW0541,2010-05-19,IT & Engineering,Staff,2,0.0,0,0.0,0
DTAA/EEK0031,2010-05-19,IT & Engineering,Staff,2,0.0,0,0.0,0
DTAA/DKR0696,2010-05-19,IT & Engineering,Staff,2,0.0,0,0.0,0
DTAA/PMG0890,2010-05-19,IT & Engineering,Staff,2,1.0,0,0.0,0
DTAA/THL0671,2010-05-19,IT & Engineering,Staff,2,0.0,0,0.0,0
DTAA/SSC0387,2010-05-19,IT & Engineering,Staff,2,1.0,0,0.0,0
DTAA/ARS0993,2010-05-20,IT & Engineering,Staff,10,9.0,0,0.0,0
DTAA/LSV0944,2010-05-20,IT & Engineering,Staff,2,1.0,0,0.0,0
DTAA/BCG0692,2010-05-20,IT & Engineering,Staff,2,1.0,0,0.0,0
DTAA/SBH0674,2010-05-20,IT & Engineering,Staff,3,1.0,0,0.0,0
DTAA/SBM0217,2010-05-20,IT & Engineering,Staff,2,1.0,0,0.0,0
DTAA/CDF0585,2010-05-20,IT & Engineering,Staff,2,1.0,0,0.0,0
DTAA/MST0883,2010-05-20,IT & Engineering,Staff,2,1.0,0,0.0,0
DTAA/HCM0681,2010-05-20,IT & Engineering,Staff,5,1.0,0,0.0,0
DTAA/MWJ0837,2010-05-20,IT & Engineering,Staff,2,1.0,0,0.0,0
DTAA/FFP0721,2010-05-20,IT & Engineering,Staff,3,1.0,0,0.0,0
DTAA/JMC0233,2010-05-20,IT & Engineering,Staff,3,1.0,0,0.0,0
DTAA/WFL0495,2010-05-20,IT & Engineering,Staff,3,1.0,0,0.0,0
DTAA/OSH0281,2010-05-20,IT & Engineering,Staff,2,1.0,0,0.0,0
DTAA/DBG0686,2010-05-20,IT & Engineering,Staff,2,1.0,0,0.0,0
DTAA/AJN0804,2010-05-20,IT & Engineering,Staff,3,2.0,0,0.0,0
DTAA/ROC0257,2010-05-20,IT & Engineering,Staff,2,1.0,0,0.0,0
DTAA/QNC0832,2010-05-20,IT & Engineering,Staff,5,1.0,0,0.0,0
DTAA/AMM0340,2010-05-20,IT & Engineering,Staff,2,2.0,0,0.0,0
DTAA/LJR0772,2010-05-20,IT & Engineering,Staff,2,2.0,0,0.0,0
DTAA/IMB0473,2010-05-20,IT & Engineering,Staff,5,1.0,0,0.0,0
DTAA/RKD0255,2010-05-20,IT & Engineering,Staff,2,1.0,0,0.0,0
DTAA/IAC0264,2010-05-20,IT & Engineering,Staff,2,1.0,0,0.0,0
DTAA/DSH0627,2010-05-20,IT & Engineering,Staff,2,2.0,0,0.0,0
DTAA/FMF0197,2010-05-20,IT & Engineering,Staff,2,2.0,0,0.0,0
DTAA/NWC0765,2010-05-20,IT & Engineering,Staff,2,2.0,0,0.0,0
DTAA/TRP0068,2010-05-20,IT & Engineering,Staff,2,1.0,0,0.0,0
DTAA/VMM0309,2010-05-20,IT & Engineering,Staff,2,1.0,0,0.0,0
DTAA/ECB0185,2010-05-20,IT & Engineering,Staff,2,1.0,0,0.0,0
DTAA/YCV0635,2010-05-20,IT & Engineering,Staff,2,1.0,0,0.0,0
DTAA/IMF0700,2010-05-20,IT & Engineering,Staff,2,2.0,0,0.0,0
DTAA/MXM0271,2010-05-20,IT & Engineering,Staff,3,1.0,0,0.0,0
DTAA/MVP0572,2010-05-20,IT & Engineering,Staff,3,1.0,0,0.0,0
DTAA/LCG0546,2010-05-20,IT & Engineering,Staff,2,1.0,0,0.0,0
DTAA/MPA0136,2010-05-20,IT & Engineering,Staff,2,0.0,0,0.0,0
DTAA/QGF0292,2010-05-20,IT & Engineering,Staff,3,0.0,0,0.0,0
DTAA/SDR0010,2010-05-20,IT & Engineering,Staff,2,0.0,0,0.0,0
DTAA/CSA0071,2010-05-20,IT & Engineering,Staff,2,1.0,0,0.0,0
DTAA/DRO0516,2010-05-20,IT & Engineering,Staff,2,0.0,0,0.0,0
DTAA/VIR0488,2010-05-20,IT & Engineering,Staff,2,0.0,0,0.0,0
DTAA/LGA0042,2010-05-20,IT & Engineering,Staff,2,0.0,0,0.0,0
DTAA/ACR0400,2010-05-20,IT & Engineering,Staff,2,1.0,0,0.0,0
DTAA/BSM0334,2010-05-20,IT & Engineering,Staff,2,1.0,0,0.0,0
DTAA/WDW0198,2010-05-20,IT & Engineering,Staff,2,0.0,0,0.0,0
DTAA/SMW0913,2010-05-20,IT & Engineering,Staff,2,0.0,0,0.0,0
DTAA/EML0060,2010-05-20,IT & Engineering,Staff,2,1.0,0,0.0,0
DTAA/BRB0908,2010-05-20,IT & Engineering,Staff,2,1.0,0,0.0,0
DTAA/VFT0014,2010-05-20,IT & Engineering,Staff,2,1.0,0,0.0,0
DTAA/QZD0164,2010-05-20,IT & Engineering,Staff,3,0.0,0,0.0,0
DTAA/OES0636,2010-05-20,IT & Engineering,Staff,2,1.0,0,0.0,0
DTAA/BMR0412,2010-05-20,IT & Engineering,Staff,3,0.0,0,0.0,0
DTAA/MAH0712,2010-05-20,IT & Engineering,Staff,2,1.0,0,0.0,0
DTAA/KNJ0633,2010-05-20,IT & Engineering,Staff,2,0.0,0,0.0,0
DTAA/DOC0003,2010-05-20,IT & Engineering,Staff,2,0.0,0,0.0,0
DTAA/ECD0029,2010-05-20,IT & Engineering,Staff,2,1.0,0,0.0,0
DTAA/CJG0638,2010-05-20,IT & Engineering,Staff,4,0.0,0,0.0,0
DTAA/CTF0687,2010-05-21,IT & Engineering,Staff,4,3.0,0,0.0,0
DTAA/NHH0566,2010-05-21,IT & Engineering,Staff,3,1.0,0,0.0,0
DTAA/AJS0917,2010-05-21,IT & Engineering,Staff,2,1.0,0,0.0,0
DTAA/KPC0158,2010-05-21,IT & Engineering,Staff,2,1.0,0,0.0,0
DTAA/YCD0922,2010-05-21,IT & Engineering,Staff,2,1.0,0,0.0,0
DTAA/DBM0698,2010-05-21,IT & Engineering,Staff,3,1.0,0,0.0,0
DTAA/DBA0367,2010-05-21,IT & Engineering,Staff,2,1.0,0,0.0,0
DTAA/GMF0571,2010-05-21,IT & Engineering,Staff,3,1.0,0,0.0,0
DTAA/JXG0567,2010-05-21,IT & Engineering,Staff,2,2.0,0,0.0,0
DTAA/LBD0946,2010-05-21,IT & Engineering,Staff,2,1.0,0,0.0,0
DTAA/AGB0091,2010-05-21,IT & Engineering,Staff,2,1.0,0,0.0,0
DTAA/FLC0811,2010-05-21,IT & Engineering,Staff,2,1.0,0,0.0,0
DTAA/ABH0963,2010-05-21,IT & Engineering,Staff,2,1.0,0,0.0,0
DTAA/GTJ0243,2010-05-21,IT & Engineering,Staff,2,1.0,0,0.0,0
DTAA/JRP0458,2010-05-21,IT & Engineering,Staff,2,1.0,0,0.0,0
DTAA/DCC0600,2010-05-21,IT & Engineering,Staff,2,1.0,0,0.0,0
DTAA/ALW0250,2010-05-21,IT & Engineering,Staff,2,1.0,0,0.0,0
DTAA/KGC0456,2010-05-21,IT & Engineering,Staff,2,1.0,0,0.0,0
DTAA/HRK0729,2010-05-21,IT & Engineering,Staff,2,1.0,0,0.0,0
DTAA/EOS0972,2010-05-21,IT & Engineering,Staff,5,1.0,0,0.0,0
DTAA/AIC0321,2010-05-21,IT & Engineering,Staff,2,1.0,0,0.0,0
DTAA/HWG0148,2010-05-21,IT & Engineering,Staff,2,1.0,0,0.0,0
DTAA/MDC0595,2010-05-21,IT & Engineering,Staff,2,1.0,0,0.0,0
DTAA/OJG0866,2010-05-21,IT & Engineering,Staff,2,2.0,0,0.0,0
DTAA/HAS0430,2010-05-21,IT & Engineering,Staff,3,1.0,0,0.0,0
DTAA/BGN0054,2010-05-21,IT & Engineering,Staff,2,1.0,0,0.0,0
DTAA/HNS0858,2010-05-21,IT & Engineering,Staff,3,1.0,0,0.0,0
DTAA/VUF0522,2010-05-21,IT & Engineering,Staff,3,1.0,0,0.0,0
DTAA/LLB0843,2010-05-21,IT & Engineering,Staff,2,0.0,0,0.0,0
DTAA/JLC0711,2010-05-21,IT & Engineering,Staff,3,0.0,0,0.0,0
DTAA/ALK0520,2010-05-21,IT & Engineering,Staff,2,1.0,0,0.0,0
DTAA/ARK0026,2010-05-21,IT & Engineering,Staff,2,1.0,0,0.0,0
DTAA/AGF0088,2010-05-21,IT & Engineering,Staff,2,1.0,0,0.0,0
DTAA/GDG0184,2010-05-21,IT & Engineering,Staff,3,0.0,0,0.0,0
DTAA/CDS0300,2010-05-21,IT & Engineering,Staff,2,0.0,0,0.0,0
DTAA/KNH0719,2010-05-21,IT & Engineering,Staff,2,0.0,0,0.0,0
DTAA/EJB0888,2010-05-21,IT & Engineering,Staff,2,0.0,0,0.0,0
DTAA/ESB0080,2010-05-21,IT & Engineering,Staff,3,1.0,0,0.0,0
DTAA/ASR0539,2010-05-21,IT & Engineering,Staff,2,0.0,0,0.0,0
DTAA/NDH0807,2010-05-21,IT & Engineering,Staff,2,0.0,0,0.0,0
DTAA/CPP0761,2010-05-21,IT & Engineering,Staff,2,1.0,0,0.0,0
DTAA/QLW0941,2010-05-21,IT & Engineering,Staff,3,0.0,0,0.0,0
DTAA/SOM0478,2010-05-21,IT & Engineering,Staff,4,0.0,0,0.0,0
DTAA/SKB0263,2010-05-21,IT & Engineering,Staff,2,0.0,0,0.0,0
DTAA/GLB0715,2010-05-21,IT & Engineering,Staff,3,0.0,0,0.0,0
DTAA/BCH0912,2010-05-21,IT & Engineering,Staff,2,1.0,0,0.0,0
DTAA/WWC0894,2010-05-21,IT & Engineering,Staff,2,0.0,0,0.0,0
DTAA/SSC0047,2010-05-21,IT & Engineering,Staff,3,1.0,0,0.0,0
DTAA/AFD0868,2010-05-21,IT & Engineering,Staff,2,1.0,0,0.0,0
DTAA/ITC0131,2010-05-21,IT & Engineering,Staff,2,0.0,0,0.0,0
DTAA/DIS0382,2010-05-22,IT & Engineering,Staff,2,2.0,0,0.0,0
DTAA/NHH0566,2010-05-22,IT & Engineering,Staff,2,2.0,0,0.0,0
DTAA/EOS0972,2010-05-22,IT & Engineering,Staff,2,2.0,0,0.0,0
DTAA/ARS0993,2010-05-24,IT & Engineering,Staff,14,9.0,0,0.0,0
DTAA/LSV0944,2010-05-24,IT & Engineering,Staff,2,1.0,0,0.0,0
DTAA/BCG0692,2010-05-24,IT & Engineering,Staff,2,1.0,0,0.0,0
DTAA/SBH0674,2010-05-24,IT & Engineering,Staff,5,1.0,0,0.0,0
DTAA/SBM0217,2010-05-24,IT & Engineering,Staff,2,1.0,0,0.0,0
DTAA/WFL0495,2010-05-24,IT & Engineering,Staff,2,1.0,0,0.0,0
DTAA/HCM0681,2010-05-24,IT & Engineering,Staff,3,1.0,0,0.0,0
DTAA/JMC0233,2010-05-24,IT & Engineering,Staff,2,1.0,0,0.0,0
DTAA/DBG0686,2010-05-24,IT & Engineering,Staff,2,1.0,0,0.0,0
DTAA/MWJ0837,2010-05-24,IT & Engineering,Staff,2,1.0,0,0.0,0
DTAA/AJB0370,2010-05-24,IT & Engineering,Staff,3,1.0,0,0.0,0
DTAA/MST0883,2010-05-24,IT & Engineering,Staff,2,1.0,0,0.0,0
DTAA/CDF0585,2010-05-24,IT & Engineering,Staff,2,1.0,0,0.0,0
DTAA/TRP0068,2010-05-24,IT & Engineering,Staff,2,1.0,0,0.0,0
DTAA/FFP0721,2010-05-24,IT & Engineering,Staff,3,1.0,0,0.0,0
DTAA/OSH0281,2010-05-24,IT & Engineering,Staff,2,1.0,0,0.0,0
DTAA/LJR0772,2010-05-24,IT & Engineering,Staff,5,3.0,0,0.0,0
DTAA/IAC0264,2010-05-24,IT & Engineering,Staff,2,1.0,0,0.0,0
DTAA/AMM0340,2010-05-24,IT & Engineering,Staff,3,2.0,0,0.0,0
DTAA/ROC0257,2010-05-24,IT & Engineering,Staff,2,1.0,0,0.0,0
DTAA/AJN0804,2010-05-24,IT & Engineering,Staff,3,2.0,0,0.0,0
DTAA/RKD0255,2010-05-24,IT & Engineering,Staff,2,1.0,0,0.0,0
DTAA/QNC0832,2010-05-24,IT & Engineering,Staff,3,1.0,0,0.0,0
DTAA/IMB0473,2010-05-24,IT & Engineering,Staff,3,1.0,0,0.0,0
DTAA/FMF0197,2010-05-24,IT & Engineering,Staff,2,2.0,0,0.0,0
DTAA/VMM0309,2010-05-24,IT & Engineering,Staff,2,1.0,0,0.0,0
DTAA/YCV0635,2010-05-24,IT & Engineering,Staff,2,1.0,0,0.0,0
DTAA/QGF0292,2010-05-24,IT & Engineering,Staff,3,1.0,0,0.0,0
DTAA/SDR0010,2010-05-24,IT & Engineering,Staff,2,1.0,0,0.0,0
DTAA/MVP0572,2010-05-24,IT & Engineering,Staff,3,1.0,0,0.0,0
DTAA/IMF0700,2010-05-24,IT & Engineering,Staff,2,1.0,0,0.0,0
DTAA/MPA0136,2010-05-24,IT & Engineering,Staff,2,0.0,0,0.0,0
DTAA/ECB0185,2010-05-24,IT & Engineering,Staff,4,0.0,0,0.0,0
DTAA/NWC0765,2010-05-24,IT & Engineering,Staff,2,1.0,0,0.0,0
DTAA/VIR0488,2010-05-24,IT & Engineering,Staff,2,0.0,0,0.0,0
DTAA/DSH0627,2010-05-24,IT & Engineering,Staff,2,1.0,0,0.0,0
DTAA/MXM0271,2010-05-24,IT & Engineering,Staff,3,0.0,0,0.0,0
DTAA/LCG0546,2010-05-24,IT & Engineering,Staff,3,0.0,0,0.0,0
DTAA/DRO0516,2010-05-24,IT & Engineering,Staff,2,0.0,0,0.0,0
DTAA/CSA0071,2010-05-24,IT & Engineering,Staff,2,1.0,0,0.0,0
DTAA/ACR0400,2010-05-24,IT & Engineering,Staff,2,1.0,0,0.0,0
DTAA/LGA0042,2010-05-24,IT & Engineering,Staff,2,0.0,0,0.0,0
DTAA/VFT0014,2010-05-24,IT & Engineering,Staff,2,1.0,0,0.0,0
DTAA/SMW0913,2010-05-24,IT & Engineering,Staff,2,0.0,0,0.0,0
DTAA/WDW0198,2010-05-24,IT & Engineering,Staff,2,0.0,0,0.0,0
DTAA/BSM0334,2010-05-24,IT & Engineering,Staff,2,1.0,0,0.0,0
DTAA/QZD0164,2010-05-24,IT & Engineering,Staff,2,0.0,0,0.0,0
DTAA/OES0636,2010-05-24,IT & Engineering,Staff,2,1.0,0,0.0,0
DTAA/EML0060,2010-05-24,IT & Engineering,Staff,2,1.0,0,0.0,0
DTAA/BRB0908,2010-05-24,IT & Engineering,Staff,2,1.0,0,0.0,0
DTAA/MAH0712,2010-05-24,IT & Engineering,Staff,2,1.0,0,0.0,0
DTAA/BMR0412,2010-05-24,IT & Engineering,Staff,5,0.0,0,0.0,0
DTAA/DOC0003,2010-05-24,IT & Engineering,Staff,2,0.0,0,0.0,0
DTAA/KNJ0633,2010-05-24,IT & Engineering,Staff,2,0.0,0,0.0,0
DTAA/CJG0638,2010-05-24,IT & Engineering,Staff,3,0.0,0,0.0,0
DTAA/ECD0029,2010-05-24,IT & Engineering,Staff,2,1.0,0,0.0,0
DTAA/DSM0990,2010-05-25,IT & Engineering,Staff,8,5.0,0,0.0,0
DTAA/CRC0996,2010-05-25,IT & Engineering,Staff,11,10.0,0,0.0,0
DTAA/CDR0453,2010-05-25,IT & Engineering,Staff,2,1.0,0,0.0,0
DTAA/JNF0543,2010-05-25,IT & Engineering,Staff,3,1.0,0,0.0,0
DTAA/OXC0609,2010-05-25,IT & Engineering,Staff,2,1.0,0,0.0,0
DTAA/PID0096,2010-05-25,IT & Engineering,Staff,3,1.0,0,0.0,0
DTAA/LDM0318,2010-05-25,IT & Engineering,Staff,2,1.0,0,0.0,0
DTAA/KDC0928,2010-05-25,IT & Engineering,Staff,2,1.0,0,0.0,0
DTAA/MIK0034,2010-05-25,IT & Engineering,Staff,5,1.0,0,0.0,0
DTAA/QCD0829,2010-05-25,IT & Engineering,Staff,2,1.0,0,0.0,0
DTAA/TRT0979,2010-05-25,IT & Engineering,Staff,2,1.0,0,0.0,0
DTAA/IHF0040,2010-05-25,IT & Engineering,Staff,2,1.0,0,0.0,0
DTAA/SCB0529,2010-05-25,IT & Engineering,Staff,2,2.0,0,0.0,0
DTAA/MFN0656,2010-05-25,IT & Engineering,Staff,2,1.0,0,0.0,0
DTAA/SHT0953,2010-05-25,IT & Engineering,Staff,2,1.0,0,0.0,0
DTAA/SJC0487,2010-05-25,IT & Engineering,Staff,2,2.0,0,0.0,0
DTAA/YCB0967,2010-05-25,IT & Engineering,Staff,2,1.0,0,0.0,0
DTAA/KLS0717,2010-05-25,IT & Engineering,Staff,3,1.0,0,0.0,0
DTAA/HDB0655,2010-05-25,IT & Engineering,Staff,2,1.0,0,0.0,0
DTAA/CEB0718,2010-05-25,IT & Engineering,Staff,2,1.0,0,0.0,0
DTAA/BDH0038,2010-05-25,IT & Engineering,Staff,2,1.0,0,0.0,0
DTAA/TPC0102,2010-05-25,IT & Engineering,Staff,3,1.0,0,0.0,0
DTAA/DRD0916,2010-05-25,IT & Engineering,Staff,2,1.0,0,0.0,0
DTAA/SMD0773,2010-05-25,IT & Engineering,Staff,2,1.0,0,0.0,0
DTAA/SLM0589,2010-05-25,IT & Engineering,Staff,2,1.0,0,0.0,0
DTAA/JAH0544,2010-05-25,IT & Engineering,Staff,2,1.0,0,0.0,0
DTAA/BGV0046,2010-05-25,IT & Engineering,Staff,2,1.0,0,0.0,0
DTAA/KPS0299,2010-05-25,IT & Engineering,Staff,2,1.0,0,0.0,0
DTAA/WJR0592,2010-05-25,IT & Engineering,Staff,2,1.0,0,0.0,0
DTAA/MZB0206,2010-05-25,IT & Engineering,Staff,2,0.0,0,0.0,0
DTAA/SHR0025,2010-05-25,IT & Engineering,Staff,2,0.0,0,0.0,0
DTAA/DRO0126,2010-05-25,IT & Engineering,Staff,3,0.0,0,0.0,0
DTAA/ARR0878,2010-05-25,IT & Engineering,Staff,2,0.0,0,0.0,0
DTAA/END0616,2010-05-25,IT & Engineering,Staff,2,0.0,0,0.0,0
DTAA/JPP0841,2010-05-25,IT & Engineering,Staff,2,1.0,0,0.0,0
DTAA/VAP0168,2010-05-25,IT & Engineering,Staff,3,1.0,0,0.0,0
DTAA/DDD0915,2010-05-25,IT & Engineering,Staff,2,1.0,0,0.0,0
DTAA/APC0769,2010-05-25,IT & Engineering,Staff,2,0.0,0,0.0,0
DTAA/VFS0231,2010-05-25,IT & Engineering,Staff,2,0.0,0,0.0,0
DTAA/ARF0269,2010-05-25,IT & Engineering,Staff,2,0.0,0,0.0,0
DTAA/QNK0574,2010-05-25,IT & Engineering,Staff,2,1.0,0,0.0,0
DTAA/JHD0512,2010-05-25,IT & Engineering,Staff,2,1.0,0,0.0,0
DTAA/AAK0924,2010-05-25,IT & Engineering,Staff,2,1.0,0,0.0,0
DTAA/WDW0064,2010-05-25,IT & Engineering,Staff,2,0.0,0,0.0,0
DTAA/TIW0195,2010-05-25,IT & Engineering,Staff,2,0.0,0,0.0,0
DTAA/YLO0362,2010-05-25,IT & Engineering,Staff,2,1.0,0,0.0,0
DTAA/GJH0384,2010-05-25,IT & Engineering,Staff,2,1.0,0,0.0,0
DTAA/ALL0155,2010-05-25,IT & Engineering,Staff,2,1.0,0,0.0,0
DTAA/RIM0938,2010-05-25,IT & Engineering,Staff,2,1.0,0,0.0,0
DTAA/BMR0596,2010-05-25,IT & Engineering,Staff,2,1.0,0,0.0,0
DTAA/BNG0510,2010-05-25,IT & Engineering,Staff,2,1.0,0,0.0,0
DTAA/XRP0435,2010-05-25,IT & Engineering,Staff,2,1.0,0,0.0,0
DTAA/SDL0679,2010-05-25,IT & Engineering,Staff,2,1.0,0,0.0,0
DTAA/NHH0566,2010-05-26,IT & Engineering,Staff,3,1.0,0,0.0,0
DTAA/AJS0917,2010-05-26,IT & Engineering,Staff,2,1.0,0,0.0,0
DTAA/YCD0922,2010-05-26,IT & Engineering,Staff,2,1.0,0,0.0,0
DTAA/KPC0158,2010-05-26,IT & Engineering,Staff,2,1.0,0,0.0,0
DTAA/DBA0367,2010-05-26,IT & Engineering,Staff,2,1.0,0,0.0,0
DTAA/DBM0698,2010-05-26,IT & Engineering,Staff,2,1.0,0,0.0,0
DTAA/GMF0571,2010-05-26,IT & Engineering,Staff,2,1.0,0,0.0,0
DTAA/JXG0567,2010-05-26,IT & Engineering,Staff,2,2.0,0,0.0,0
DTAA/ABH0963,2010-05-26,IT & Engineering,Staff,2,1.0,0,0.0,0
DTAA/AGB0091,2010-05-26,IT & Engineering,Staff,2,1.0,0,0.0,0
DTAA/LBD0946,2010-05-26,IT & Engineering,Staff,2,1.0,0,0.0,0
DTAA/FLC0811,2010-05-26,IT & Engineering,Staff,2,1.0,0,0.0,0
DTAA/EOS0972,2010-05-26,IT & Engineering,Staff,3,1.0,0,0.0,0
DTAA/DCC0600,2010-05-26,IT & Engineering,Staff,2,1.0,0,0.0,0
DTAA/ALW0250,2010-05-26,IT & Engineering,Staff,2,1.0,0,0.0,0
DTAA/JRP0458,2010-05-26,IT & Engineering,Staff,2,1.0,0,0.0,0
DTAA/OJG0866,2010-05-26,IT & Engineering,Staff,2,2.0,0,0.0,0
DTAA/GTJ0243,2010-05-26,IT & Engineering,Staff,2,1.0,0,0.0,0
DTAA/KGC0456,2010-05-26,IT & Engineering,Staff,2,1.0,0,0.0,0
DTAA/EJB0888,2010-05-26,IT & Engineering,Staff,2,1.0,0,0.0,0
DTAA/HRK0729,2010-05-26,IT & Engineering,Staff,2,1.0,0,0.0,0
DTAA/VUF0522,2010-05-26,IT & Engineering,Staff,3,2.0,0,0.0,0
DTAA/HWG0148,2010-05-26,IT & Engineering,Staff,3,1.0,0,0.0,0
DTAA/AGF0088,2010-05-26,IT & Engineering,Staff,2,2.0,0,0.0,0
DTAA/KNH0719,2010-05-26,IT & Engineering,Staff,2,1.0,0,0.0,0
DTAA/MDC0595,2010-05-26,IT & Engineering,Staff,2,1.0,0,0.0,0
DTAA/ASR0539,2010-05-26,IT & Engineering,Staff,2,0.0,0,0.0,0
DTAA/DIS0382,2010-05-26,IT & Engineering,Staff,2,0.0,0,0.0,0
DTAA/ALK0520,2010-05-26,IT & Engineering,Staff,5,1.0,0,0.0,0
DTAA/HAS0430,2010-05-26,IT & Engineering,Staff,3,0.0,0,0.0,0
DTAA/HNS0858,2010-05-26,IT & Engineering,Staff,3,0.0,0,0.0,0
DTAA/LLB0843,2010-05-26,IT & Engineering,Staff,3,0.0,0,0.0,0
DTAA/GDG0184,2010-05-26,IT & Engineering,Staff,3,0.0,0,0.0,0
DTAA/JLC0711,2010-05-26,IT & Engineering,Staff,3,0.0,0,0.0,0
DTAA/CDS0300,2010-05-26,IT & Engineering,Staff,2,0.0,0,0.0,0
DTAA/HBL0517,2010-05-26,IT & Engineering,Staff,3,1.0,0,0.0,0
DTAA/AIC0321,2010-05-26,IT & Engineering,Staff,2,0.0,0,0.0,0
DTAA/BGN0054,2010-05-26,IT & Engineering,Staff,2,0.0,0,0.0,0
DTAA/NDH0807,2010-05-26,IT & Engineering,Staff,3,0.0,0,0.0,0
DTAA/CPP0761,2010-05-26,IT & Engineering,Staff,2,1.0,0,0.0,0
DTAA/CHA0174,2010-05-26,IT & Engineering,Staff,3,0.0,0,0.0,0
DTAA/QLW0941,2010-05-26,IT & Engineering,Staff,3,0.0,0,0.0,0
DTAA/CTF0687,2010-05-26,IT & Engineering,Staff,2,1.0,0,0.0,0
DTAA/SOM0478,2010-05-26,IT & Engineering,Staff,4,0.0,0,0.0,0
DTAA/GLB0715,2010-05-26,IT & Engineering,Staff,4,0.0,0,0.0,0
DTAA/SKB0263,2010-05-26,IT & Engineering,Staff,2,0.0,0,0.0,0
DTAA/BCH0912,2010-05-26,IT & Engineering,Staff,2,1.0,0,0.0,0
DTAA/AFD0868,2010-05-26,IT & Engineering,Staff,2,1.0,0,0.0,0
DTAA/WWC0894,2010-05-26,IT & Engineering,Staff,2,1.0,0,0.0,0
DTAA/ODW0839,2010-05-26,IT & Engineering,Staff,2,1.0,0,0.0,0
DTAA/SSC0047,2010-05-26,IT & Engineering,Staff,3,1.0,0,0.0,0
DTAA/ITC0131,2010-05-26,IT & Engineering,Staff,2,0.0,0,0.0,0
DTAA/AKS0283,2010-05-27,IT & Engineering,Staff,5,3.0,0,0.0,0
DTAA/NRS0477,2010-05-27,IT & Engineering,Staff,2,2.0,0,0.0,0
DTAA/YQW0689,2010-05-27,IT & Engineering,Staff,2,1.0,0,0.0,0
DTAA/BCG0303,2010-05-27,IT & Engineering,Staff,2,1.0,0,0.0,0
DTAA/NAC0161,2010-05-27,IT & Engineering,Staff,3,1.0,0,0.0,0
DTAA/RER0237,2010-05-27,IT & Engineering,Staff,3,1.0,0,0.0,0
DTAA/GKC0919,2010-05-27,IT & Engineering,Staff,2,2.0,0,0.0,0
DTAA/ALW0694,2010-05-27,IT & Engineering,Staff,3,1.0,0,0.0,0
DTAA/RDG0350,2010-05-27,IT & Engineering,Staff,2,2.0,0,0.0,0
DTAA/USB0641,2010-05-27,IT & Engineering,Staff,2,2.0,0,0.0,0
DTAA/HKG0503,2010-05-27,IT & Engineering,Staff,2,1.0,0,0.0,0
DTAA/ALC0244,2010-05-27,IT & Engineering,Staff,2,1.0,0,0.0,0
DTAA/BBM0499,2010-05-27,IT & Engineering,Staff,2,1.0,0,0.0,0
DTAA/TZB0870,2010-05-27,IT & Engineering,Staff,2,1.0,0,0.0,0
DTAA/DBF0903,2010-05-27,IT & Engineering,Staff,5,1.0,0,0.0,0
DTAA/CVW0133,2010-05-27,IT & Engineering,Staff,3,2.0,0,0.0,0
DTAA/RXE0207,2010-05-27,IT & Engineering,Staff,3,2.0,0,0.0,0
DTAA/CKB0536,2010-05-27,IT & Engineering,Staff,2,1.0,0,0.0,0
DTAA/EWR0504,2010-05-27,IT & Engineering,Staff,5,1.0,0,0.0,0
DTAA/XCB0445,2010-05-27,IT & Engineering,Staff,2,1.0,0,0.0,0
DTAA/CAO0951,2010-05-27,IT & Engineering,Staff,2,1.0,0,0.0,0
DTAA/BTH0004,2010-05-27,IT & Engineering,Staff,3,2.0,0,0.0,0
DTAA/KEH0055,2010-05-27,IT & Engineering,Staff,2,1.0,0,0.0,0
DTAA/JGB0062,2010-05-27,IT & Engineering,Staff,3,2.0,0,0.0,0
DTAA/DMR0377,2010-05-27,IT & Engineering,Staff,5,1.0,0,0.0,0
DTAA/HCJ0171,2010-05-27,IT & Engineering,Staff,2,1.0,0,0.0,0
DTAA/CNB0615,2010-05-27,IT & Engineering,Staff,2,0.0,0,0.0,0
DTAA/FCT0552,2010-05-27,IT & Engineering,Staff,2,0.0,0,0.0,0
DTAA/DJW0368,2010-05-27,IT & Engineering,Staff,3,0.0,0,0.0,0
DTAA/LVC0027,2010-05-27,IT & Engineering,Staff,2,1.0,0,0.0,0
DTAA/JAC0390,2010-05-27,IT & Engineering,Staff,2,0.0,0,0.0,0
DTAA/JCC0140,2010-05-27,IT & Engineering,Staff,2,1.0,0,0.0,0
DTAA/EAM0745,2010-05-27,IT & Engineering,Staff,2,0.0,0,0.0,0
DTAA/EDG0766,2010-05-27,IT & Engineering,Staff,2,0.0,0,0.0,0
DTAA/IVS0463,2010-05-27,IT & Engineering,Staff,2,0.0,0,0.0,0
DTAA/LQA0232,2010-05-27,IT & Engineering,Staff,3,1.0,0,0.0,0
DTAA/UMK0142,2010-05-27,IT & Engineering,Staff,2,0.0,0,0.0,0
DTAA/LEH0561,2010-05-27,IT & Engineering,Staff,2,0.0,0,0.0,0
DTAA/AJS0978,2010-05-27,IT & Engineering,Staff,2,0.0,0,0.0,0
DTAA/ARG0405,2010-05-27,IT & Engineering,Staff,2,1.0,0,0.0,0
DTAA/SSB0151,2010-05-27,IT & Engineering,Staff,2,0.0,0,0.0,0
DTAA/EEB0134,2010-05-27,IT & Engineering,Staff,3,0.0,0,0.0,0
DTAA/JWW0076,2010-05-27,IT & Engineering,Staff,2,0.0,0,0.0,0
DTAA/LJB0492,2010-05-27,IT & Engineering,Staff,2,0.0,0,0.0,0
DTAA/DME0620,2010-05-27,IT & Engineering,Staff,2,1.0,0,0.0,0
DTAA/FAF0578,2010-05-27,IT & Engineering,Staff,2,1.0,0,0.0,0
DTAA/VJD0704,2010-05-27,IT & Engineering,Staff,2,0.0,0,0.0,0
DTAA/LYC0672,2010-05-27,IT & Engineering,Staff,2,0.0,0,0.0,0
DTAA/ANC0012,2010-05-27,IT & Engineering,Staff,3,1.0,0,0.0,0
DTAA/GHS0664,2010-05-27,IT & Engineering,Staff,2,1.0,0,0.0,0
DTAA/JMA0875,2010-05-27,IT & Engineering,Staff,2,0.0,0,0.0,0
DTAA/AGG0562,2010-05-27,IT & Engineering,Staff,2,0.0,0,0.0,0
DTAA/PCO0684,2010-05-27,IT & Engineering,Staff,2,0.0,0,0.0,0
DTAA/ONQ0625,2010-05-27,IT & Engineering,Staff,2,0.0,0,0.0,0
DTAA/NJC0459,2010-05-27,IT & Engineering,Staff,2,0.0,0,0.0,0
DTAA/REK0484,2010-05-27,IT & Engineering,Staff,2,1.0,0,0.0,0
DTAA/UCM0106,2010-05-27,IT & Engineering,Staff,2,1.0,0,0.0,0
DTAA/LTB0150,2010-05-27,IT & Engineering,Staff,2,1.0,0,0.0,0
DTAA/CRC0996,2010-05-28,IT & Engineering,Staff,12,7.0,0,0.0,0
DTAA/CDR0453,2010-05-28,IT & Engineering,Staff,2,1.0,0,0.0,0
DTAA/JNF0543,2010-05-28,IT & Engineering,Staff,3,1.0,0,0.0,0
DTAA/OXC0609,2010-05-28,IT & Engineering,Staff,2,1.0,0,0.0,0
DTAA/PID0096,2010-05-28,IT & Engineering,Staff,3,1.0,0,0.0,0
DTAA/LDM0318,2010-05-28,IT & Engineering,Staff,2,1.0,0,0.0,0
DTAA/IHF0040,2010-05-28,IT & Engineering,Staff,3,1.0,0,0.0,0
DTAA/KDC0928,2010-05-28,IT & Engineering,Staff,2,1.0,0,0.0,0
DTAA/SJC0487,2010-05-28,IT & Engineering,Staff,2,2.0,0,0.0,0
DTAA/QCD0829,2010-05-28,IT & Engineering,Staff,3,1.0,0,0.0,0
DTAA/SCB0529,2010-05-28,IT & Engineering,Staff,2,2.0,0,0.0,0
DTAA/TRT0979,2010-05-28,IT & Engineering,Staff,2,1.0,0,0.0,0
DTAA/MFN0656,2010-05-28,IT & Engineering,Staff,2,1.0,0,0.0,0
DTAA/SHT0953,2010-05-28,IT & Engineering,Staff,2,1.0,0,0.0,0
DTAA/MIK0034,2010-05-28,IT & Engineering,Staff,3,1.0,0,0.0,0
DTAA/TPC0102,2010-05-28,IT & Engineering,Staff,3,1.0,0,0.0,0
DTAA/HDB0655,2010-05-28,IT & Engineering,Staff,2,1.0,0,0.0,0
DTAA/SMD0773,2010-05-28,IT & Engineering,Staff,2,1.0,0,0.0,0
DTAA/BDH0038,2010-05-28,IT & Engineering,Staff,5,1.0,0,0.0,0
DTAA/CEB0718,2010-05-28,IT & Engineering,Staff,2,1.0,0,0.0,0
DTAA/YCB0967,2010-05-28,IT & Engineering,Staff,2,1.0,0,0.0,0
DTAA/ARR0878,2010-05-28,IT & Engineering,Staff,2,1.0,0,0.0,0
DTAA/VAP0168,2010-05-28,IT & Engineering,Staff,3,2.0,0,0.0,0
DTAA/KLS0717,2010-05-28,IT & Engineering,Staff,3,1.0,0,0.0,0
DTAA/VFS0231,2010-05-28,IT & Engineering,Staff,2,1.0,0,0.0,0
DTAA/DDD0915,2010-05-28,IT & Engineering,Staff,3,2.0,0,0.0,0
DTAA/AFH0331,2010-05-28,IT & Engineering,Staff,3,2.0,0,0.0,0
DTAA/ARF0269,2010-05-28,IT & Engineering,Staff,2,1.0,0,0.0,0
DTAA/END0616,2010-05-28,IT & Engineering,Staff,2,1.0,0,0.0,0
DTAA/JAH0544,2010-05-28,IT & Engineering,Staff,3,1.0,0,0.0,0
DTAA/SHR0025,2010-05-28,IT & Engineering,Staff,3,0.0,0,0.0,0
DTAA/WJR0592,2010-05-28,IT & Engineering,Staff,2,0.0,0,0.0,0
DTAA/JPP0841,2010-05-28,IT & Engineering,Staff,2,1.0,0,0.0,0
DTAA/SLM0589,2010-05-28,IT & Engineering,Staff,2,0.0,0,0.0,0
DTAA/DRO0126,2010-05-28,IT & Engineering,Staff,3,0.0,0,0.0,0
DTAA/JHD0512,2010-05-28,IT & Engineering,Staff,3,1.0,0,0.0,0
DTAA/BGV0046,2010-05-28,IT & Engineering,Staff,5,0.0,0,0.0,0
DTAA/APC0769,2010-05-28,IT & Engineering,Staff,2,0.0,0,0.0,0
DTAA/DRD0916,2010-05-28,IT & Engineering,Staff,2,0.0,0,0.0,0
DTAA/KPS0299,2010-05-28,IT & Engineering,Staff,2,0.0,0,0.0,0
DTAA/MZB0206,2010-05-28,IT & Engineering,Staff,2,0.0,0,0.0,0
DTAA/WDW0064,2010-05-28,IT & Engineering,Staff,2,0.0,0,0.0,0
DTAA/TIW0195,2010-05-28,IT & Engineering,Staff,2,0.0,0,0.0,0
DTAA/QNK0574,2010-05-28,IT & Engineering,Staff,2,1.0,0,0.0,0
DTAA/AAK0924,2010-05-28,IT & Engineering,Staff,2,1.0,0,0.0,0
DTAA/ALL0155,2010-05-28,IT & Engineering,Staff,2,1.0,0,0.0,0
DTAA/YLO0362,2010-05-28,IT & Engineering,Staff,2,1.0,0,0.0,0
DTAA/DSM0990,2010-05-28,IT & Engineering,Staff,4,3.0,0,0.0,0
DTAA/DFW0798,2010-05-28,IT & Engineering,Staff,3,0.0,0,0.0,0
DTAA/BMR0596,2010-05-28,IT & Engineering,Staff,2,1.0,0,0.0,0
DTAA/RIM0938,2010-05-28,IT & Engineering,Staff,2,1.0,0,0.0,0
DTAA/GJH0384,2010-05-28,IT & Engineering,Staff,2,1.0,0,0.0,0
DTAA/SDL0679,2010-05-28,IT & Engineering,Staff,2,1.0,0,0.0,0
DTAA/BNG0510,2010-05-28,IT & Engineering,Staff,2,1.0,0,0.0,0
DTAA/MJM0228,2010-05-28,IT & Engineering,Staff,2,1.0,0,0.0,0
DTAA/XRP0435,2010-05-28,IT & Engineering,Staff,2,1.0,0,0.0,0
DTAA/CDZ0056,2010-05-29,IT & Engineering,Staff,2,2.0,0,0.0,0
DTAA/CBP0628,2010-05-03,IT & Engineering,Staff,2,2.0,0,0.0,0
DTAA/OTS0256,2010-05-03,IT & Engineering,Staff,2,1.0,0,0.0,0
DTAA/MWH0853,2010-05-03,IT & Engineering,Staff,2,1.0,0,0.0,0
DTAA/AKA0033,2010-05-03,IT & Engineering,Staff,2,1.0,0,0.0,0
DTAA/GJG0820,2010-05-03,IT & Engineering,Staff,2,1.0,0,0.0,0
DTAA/MTC0538,2010-05-03,IT & Engineering,Staff,2,1.0,0,0.0,0
DTAA/DDJ0535,2010-05-03,IT & Engineering,Staff,2,1.0,0,0.0,0
DTAA/JJB0720,2010-05-03,IT & Engineering,Staff,2,1.0,0,0.0,0
DTAA/NWT0708,2010-05-03,IT & Engineering,Staff,2,1.0,0,0.0,0
DTAA/IMW0965,2010-05-03,IT & Engineering,Staff,2,1.0,0,0.0,0
DTAA/MMH0581,2010-05-03,IT & Engineering,Staff,3,2.0,0,0.0,0
DTAA/RDP0855,2010-05-03,IT & Engineering,Staff,2,1.0,0,0.0,0
DTAA/PVH0124,2010-05-03,IT & Engineering,Staff,2,1.0,0,0.0,0
DTAA/AID0577,2010-05-03,IT & Engineering,Staff,2,1.0,0,0.0,0
DTAA/LND0767,2010-05-03,IT & Engineering,Staff,2,1.0,0,0.0,0
DTAA/LAL0170,2010-05-03,IT & Engineering,Staff,2,1.0,0,0.0,0
DTAA/AFO0022,2010-05-03,IT & Engineering,Staff,3,1.0,0,0.0,0
DTAA/AFG0122,2010-05-03,IT & Engineering,Staff,2,1.0,0,0.0,0
DTAA/AKH0067,2010-05-03,IT & Engineering,Staff,2,1.0,0,0.0,0
DTAA/DXM0213,2010-05-03,IT & Engineering,Staff,2,1.0,0,0.0,0
DTAA/SWM0768,2010-05-03,IT & Engineering,Staff,2,2.0,0,0.0,0
DTAA/CAH0921,2010-05-03,IT & Engineering,Staff,2,1.0,0,0.0,0
DTAA/NDH0524,2010-05-03,IT & Engineering,Staff,2,1.0,0,0.0,0
DTAA/EAR0695,2010-05-03,IT & Engineering,Staff,2,1.0,0,0.0,0
DTAA/AMM0661,2010-05-03,IT & Engineering,Staff,2,1.0,0,0.0,0
DTAA/RQH0770,2010-05-03,IT & Engineering,Staff,2,1.0,0,0.0,0
DTAA/KTC0285,2010-05-03,IT & Engineering,Staff,2,2.0,0,0.0,0
DTAA/JZV0159,2010-05-03,IT & Engineering,Staff,2,2.0,0,0.0,0
DTAA/GBR0420,2010-05-03,IT & Engineering,Staff,3,1.0,0,0.0,0
DTAA/ABL0836,2010-05-03,IT & Engineering,Staff,2,2.0,0,0.0,0
DTAA/HKO0796,2010-05-03,IT & Engineering,Staff,2,1.0,0,0.0,0
DTAA/KPB0665,2010-05-03,IT & Engineering,Staff,2,1.0,0,0.0,0
DTAA/HCR0525,2010-05-03,IT & Engineering,Staff,2,1.0,0,0.0,0
DTAA/LTM0418,2010-05-03,IT & Engineering,Staff,5,1.0,0,0.0,0
DTAA/AKM0969,2010-05-03,IT & Engineering,Staff,2,1.0,0,0.0,0
DTAA/AAC0344,2010-05-03,IT & Engineering,Staff,2,1.0,0,0.0,0
DTAA/LDB0961,2010-05-03,IT & Engineering,Staff,3,1.0,0,0.0,0
DTAA/MDS0742,2010-05-03,IT & Engineering,Staff,2,1.0,0,0.0,0
DTAA/DAG0754,2010-05-03,IT & Engineering,Staff,3,0.0,0,0.0,0
DTAA/SDC0032,2010-05-03,IT & Engineering,Staff,3,0.0,0,0.0,0
DTAA/HAG0649,2010-05-03,IT & Engineering,Staff,3,0.0,0,0.0,0
DTAA/CBR0104,2010-05-03,IT & Engineering,Staff,3,1.0,0,0.0,0
DTAA/EKB0587,2010-05-03,IT & Engineering,Staff,2,1.0,0,0.0,0
DTAA/KYH0920,2010-05-03,IT & Engineering,Staff,2,0.0,0,0.0,0
DTAA/IHD0259,2010-05-03,IT & Engineering,Staff,2,0.0,0,0.0,0
DTAA/CMM0900,2010-05-03,IT & Engineering,Staff,2,0.0,0,0.0,0
DTAA/SER0835,2010-05-03,IT & Engineering,Staff,2,1.0,0,0.0,0
DTAA/HEG0785,2010-05-03,IT & Engineering,Staff,2,0.0,0,0.0,0
DTAA/SAM0954,2010-05-03,IT & Engineering,Staff,4,0.0,0,0.0,0
DTAA/BAF0379,2010-05-03,IT & Engineering,Staff,4,0.0,0,0.0,0
DTAA/IGB0310,2010-05-03,IT & Engineering,Staff,2,0.0,0,0.0,0
DTAA/KBB0983,2010-05-03,IT & Engineering,Staff,2,1.0,0,0.0,0
DTAA/PKM0092,2010-05-03,IT & Engineering,Staff,3,1.0,0,0.0,0
DTAA/IWM0482,2010-05-03,IT & Engineering,Staff,2,0.0,0,0.0,0
DTAA/VNM0127,2010-05-03,IT & Engineering,Staff,2,1.0,0,0.0,0
DTAA/GNB0481,2010-05-03,IT & Engineering,Staff,2,0.0,0,0.0,0
DTAA/AJP0553,2010-05-03,IT & Engineering,Staff,2,1.0,0,0.0,0
DTAA/CBC0653,2010-05-03,IT & Engineering,Staff,2,1.0,0,0.0,0
DTAA/TER0923,2010-05-03,IT & Engineering,Staff,2,0.0,0,0.0,0
DTAA/DWF0128,2010-05-03,IT & Engineering,Staff,3,1.0,0,0.0,0
DTAA/CNS0950,2010-05-03,IT & Engineering,Staff,2,1.0,0,0.0,0
DTAA/ICB0779,2010-05-03,IT & Engineering,Staff,2,1.0,0,0.0,0
DTAA/DGM0240,2010-05-03,IT & Engineering,Staff,3,1.0,0,0.0,0
DTAA/LCK0551,2010-05-03,IT & Engineering,Staff,2,1.0,0,0.0,0
DTAA/TCH0230,2010-05-03,IT & Engineering,Staff,2,0.0,0,0.0,0
DTAA/RBC0583,2010-05-03,IT & Engineering,Staff,3,1.0,0,0.0,0
DTAA/KEE0997,2010-05-04,IT & Engineering,Staff,18,9.0,0,0.0,0
DTAA/XHN0227,2010-05-04,IT & Engineering,Staff,2,1.0,0,0.0,0
DTAA/BCV0109,2010-05-04,IT & Engineering,Staff,2,1.0,0,0.0,0
DTAA/CZB0163,2010-05-04,IT & Engineering,Staff,2,1.0,0,0.0,0
DTAA/PUH0847,2010-05-04,IT & Engineering,Staff,2,1.0,0,0.0,0
DTAA/NKM0018,2010-05-04,IT & Engineering,Staff,3,1.0,0,0.0,0
DTAA/MEV0886,2010-05-04,IT & Engineering,Staff,5,1.0,0,0.0,0
DTAA/JSH0598,2010-05-04,IT & Engineering,Staff,2,1.0,0,0.0,0
DTAA/OZD0789,2010-05-04,IT & Engineering,Staff,2,1.0,0,0.0,0
DTAA/NBB0501,2010-05-04,IT & Engineering,Staff,2,1.0,0,0.0,0
DTAA/ROM0419,2010-05-04,IT & Engineering,Staff,2,1.0,0,0.0,0
DTAA/OUS0565,2010-05-04,IT & Engineering,Staff,3,1.0,0,0.0,0
DTAA/CBR0439,2010-05-04,IT & Engineering,Staff,2,2.0,0,0.0,0
DTAA/DAR0341,2010-05-04,IT & Engineering,Staff,2,1.0,0,0.0,0
DTAA/BKM0116,2010-05-04,IT & Engineering,Staff,3,1.0,0,0.0,0
DTAA/WCB0440,2010-05-04,IT & Engineering,Staff,2,1.0,0,0.0,0
DTAA/SKH0467,2010-05-04,IT & Engineering,Staff,5,1.0,0,0.0,0
DTAA/YVF0045,2010-05-04,IT & Engineering,Staff,3,1.0,0,0.0,0
DTAA/BYB0347,2010-05-04,IT & Engineering,Staff,3,1.0,0,0.0,0
DTAA/IVF0777,2010-05-04,IT & Engineering,Staff,2,1.0,0,0.0,0
DTAA/MLC0238,2010-05-04,IT & Engineering,Staff,2,1.0,0,0.0,0
DTAA/FES0933,2010-05-04,IT & Engineering,Staff,2,1.0,0,0.0,0
DTAA/PVW0713,2010-05-04,IT & Engineering,Staff,2,2.0,0,0.0,0
DTAA/JSH0326,2010-05-04,IT & Engineering,Staff,3,1.0,0,0.0,0
DTAA/EDH0146,2010-05-04,IT & Engineering,Staff,2,2.0,0,0.0,0
DTAA/GYT0279,2010-05-04,IT & Engineering,Staff,2,1.0,0,0.0,0
DTAA/ELA0741,2010-05-04,IT & Engineering,Staff,3,1.0,0,0.0,0
DTAA/KFF0225,2010-05-04,IT & Engineering,Staff,2,2.0,0,0.0,0
DTAA/BAH0774,2010-05-04,IT & Engineering,Staff,2,0.0,0,0.0,0
DTAA/LMH0690,2010-05-04,IT & Engineering,Staff,2,1.0,0,0.0,0
DTAA/KSO0749,2010-05-04,IT & Engineering,Staff,2,0.0,0,0.0,0
DTAA/DSB0887,2010-05-04,IT & Engineering,Staff,2,1.0,0,0.0,0
DTAA/PIG0194,2010-05-04,IT & Engineering,Staff,2,0.0,0,0.0,0
DTAA/BBH0313,2010-05-04,IT & Engineering,Staff,2,0.0,0,0.0,0
DTAA/ARR0977,2010-05-04,IT & Engineering,Staff,3,1.0,0,0.0,0
DTAA/KCN0107,2010-05-04,IT & Engineering,Staff,2,1.0,0,0.0,0
DTAA/HIB0604,2010-05-04,IT & Engineering,Staff,2,1.0,0,0.0,0
DTAA/ZKN0548,2010-05-04,IT & Engineering,Staff,2,1.0,0,0.0,0
DTAA/HDR0823,2010-05-04,IT & Engineering,Staff,3,1.0,0,0.0,0
DTAA/MBR0166,2010-05-04,IT & Engineering,Staff,3,0.0,0,0.0,0
DTAA/MSP0078,2010-05-04,IT & Engineering,Staff,2,1.0,0,0.0,0
DTAA/JQH0724,2010-05-04,IT & Engineering,Staff,2,1.0,0,0.0,0
DTAA/LJU0036,2010-05-04,IT & Engineering,Staff,2,0.0,0,0.0,0
DTAA/AAK0658,2010-05-04,IT & Engineering,Staff,2,0.0,0,0.0,0
DTAA/CDE0193,2010-05-04,IT & Engineering,Staff,3,1.0,0,0.0,0
DTAA/KKC0575,2010-05-04,IT & Engineering,Staff,2,0.0,0,0.0,0
DTAA/BMS0001,2010-05-04,IT & Engineering,Staff,2,0.0,0,0.0,0
DTAA/RSG0385,2010-05-04,IT & Engineering,Staff,2,0.0,0,0.0,0
DTAA/BMK0943,2010-05-04,IT & Engineering,Staff,2,1.0,0,0.0,0
DTAA/JLL0930,2010-05-04,IT & Engineering,Staff,2,1.0,0,0.0,0
DTAA/XQW0354,2010-05-04,IT & Engineering,Staff,2,0.0,0,0.0,0
DTAA/PML0209,2010-05-04,IT & Engineering,Staff,2,1.0,0,0.0,0
DTAA/WKH0407,2010-05-04,IT & Engineering,Staff,2,1.0,0,0.0,0
DTAA/VDP0070,2010-05-04,IT & Engineering,Staff,2,0.0,0,0.0,0
DTAA/JLM0053,2010-05-05,IT & Engineering,Staff,3,0.0,2,0.0,30000000
DTAA/TLB0017,2010-05-05,IT & Engineering,Staff,2,0.0,2,0.0,30000000
DTAA/SCW0707,2010-05-05,IT & Engineering,Staff,5,0.0,2,0.0,30000000
DTAA/ACH0803,2010-05-05,IT & Engineering,Staff,4,1.0,2,0.0,30000000
DTAA/CVW0133,2010-05-06,IT & Engineering,Staff,3,2.0,2,2.0,30000000
DTAA/DBF0903,2010-05-06,IT & Engineering,Staff,5,1.0,2,0.0,30000000
DTAA/RXE0207,2010-05-06,IT & Engineering,Staff,3,1.0,2,0.0,30000000
DTAA/SJH0588,2010-05-06,IT & Engineering,Staff,3,1.0,2,2.0,30000000
DTAA/ARR0977,2010-05-07,IT & Engineering,Staff,3,2.0,2,0.0,30000000
DTAA/JZO0727,2010-05-07,IT & Engineering,Staff,3,1.0,2,0.0,30000000
DTAA/ELA0741,2010-05-07,IT & Engineering,Staff,3,1.0,1,0.0,15000000
DTAA/RCW0436,2010-05-07,IT & Engineering,Staff,2,0.0,2,0.0,30000000
DTAA/SPK0818,2010-05-07,IT & Engineering,Staff,3,0.0,2,0.0,30000000
DTAA/EDH0146,2010-05-07,IT & Engineering,Staff,5,1.0,2,0.0,30000000
DTAA/DAV0579,2010-05-07,IT & Engineering,Staff,3,0.0,2,0.0,30000000
DTAA/STF0145,2010-05-07,IT & Engineering,Staff,3,0.0,2,0.0,30000000
DTAA/LBB0095,2010-05-07,IT & Engineering,Staff,2,1.0,2,0.0,30000000
DTAA/AJC0266,2010-05-07,IT & Engineering,Staff,3,0.0,2,0.0,30000000
DTAA/VMA0051,2010-05-07,IT & Engineering,Staff,3,0.0,2,0.0,30000000
DTAA/HSD0519,2010-05-10,IT & Engineering,Staff,5,0.0,2,0.0,30000000
DTAA/BGF0236,2010-05-10,IT & Engineering,Staff,3,0.0,1,0.0,15000000
DTAA/DIS0382,2010-05-11,IT & Engineering,Staff,6,1.0,2,0.0,30000000
DTAA/SLC0778,2010-05-11,IT & Engineering,Staff,3,1.0,1,0.0,15000000
DTAA/HBL0517,2010-05-11,IT & Engineering,Staff,3,2.0,2,0.0,30000000
DTAA/AQG0678,2010-05-11,IT & Engineering,Staff,3,0.0,2,0.0,30000000
DTAA/RHP0688,2010-05-11,IT & Engineering,Staff,3,0.0,2,0.0,30000000
DTAA/WDW0485,2010-05-11,IT & Engineering,Staff,3,0.0,2,0.0,30000000
DTAA/CPP0761,2010-05-11,IT & Engineering,Staff,2,1.0,2,0.0,30000000
DTAA/CHA0174,2010-05-11,IT & Engineering,Staff,5,0.0,2,0.0,30000000
DTAA/AJB0016,2010-05-11,IT & Engineering,Staff,3,1.0,2,0.0,30000000
DTAA/ODW0839,2010-05-11,IT & Engineering,Staff,2,1.0,2,0.0,30000000
DTAA/ELA0741,2010-05-12,IT & Engineering,Staff,3,1.0,2,0.0,30000000
DTAA/SPK0818,2010-05-12,IT & Engineering,Staff,3,1.0,2,0.0,30000000
DTAA/JZO0727,2010-05-12,IT & Engineering,Staff,2,0.0,2,0.0,30000000
DTAA/DAV0579,2010-05-12,IT & Engineering,Staff,3,0.0,2,0.0,30000000
DTAA/STF0145,2010-05-12,IT & Engineering,Staff,3,0.0,2,0.0,30000000
DTAA/AJC0266,2010-05-12,IT & Engineering,Staff,5,0.0,2,0.0,30000000
DTAA/HIB0604,2010-05-12,IT & Engineering,Staff,2,1.0,2,0.0,30000000
DTAA/XQW0354,2010-05-12,IT & Engineering,Staff,3,0.0,2,0.0,30000000
DTAA/AJP0553,2010-05-13,IT & Engineering,Staff,4,3.0,2,2.0,30000000
DTAA/AMA0191,2010-05-13,IT & Engineering,Staff,3,2.0,2,0.0,30000000
DTAA/KSB0673,2010-05-13,IT & Engineering,Staff,2,1.0,2,0.0,30000000
DTAA/NNB0443,2010-05-13,IT & Engineering,Staff,3,1.0,2,0.0,30000000
DTAA/LTM0418,2010-05-13,IT & Engineering,Staff,5,1.0,2,0.0,30000000
DTAA/LCK0666,2010-05-13,IT & Engineering,Staff,3,2.0,2,1.0,30000000
DTAA/SDC0032,2010-05-13,IT & Engineering,Staff,3,1.0,2,0.0,30000000
DTAA/LID0942,2010-05-13,IT & Engineering,Staff,3,0.0,2,0.0,30000000
DTAA/ABB0272,2010-05-13,IT & Engineering,Staff,5,1.0,2,0.0,30000000
DTAA/PIP0746,2010-05-13,IT & Engineering,Staff,3,1.0,2,1.0,30000000
DTAA/CDZ0056,2010-05-14,IT & Engineering,Staff,2,1.0,2,0.0,30000000
DTAA/HSD0519,2010-05-14,IT & Engineering,Staff,3,0.0,2,0.0,30000000
DTAA/BGF0236,2010-05-14,IT & Engineering,Staff,3,0.0,2,0.0,30000000
DTAA/EBP0037,2010-05-17,IT & Engineering,Staff,2,1.0,2,0.0,30000000
DTAA/JNF0543,2010-05-17,IT & Engineering,Staff,3,1.0,2,0.0,30000000
DTAA/MIK0034,2010-05-17,IT & Engineering,Staff,2,1.0,2,1.0,30000000
DTAA/VCG0663,2010-05-17,IT & Engineering,Staff,2,1.0,1,0.0,15000000
DTAA/SHR0025,2010-05-17,IT & Engineering,Staff,3,1.0,2,0.0,30000000
DTAA/AFH0331,2010-05-17,IT & Engineering,Staff,3,1.0,2,1.0,30000000
DTAA/DFW0798,2010-05-17,IT & Engineering,Staff,2,0.0,2,0.0,30000000
DTAA/MJM0228,2010-05-17,IT & Engineering,Staff,2,1.0,2,0.0,30000000
DTAA/OYR0801,2010-05-18,IT & Engineering,Staff,3,2.0,1,0.0,15000000
DTAA/LRH0747,2010-05-18,IT & Engineering,Staff,5,1.0,2,0.0,30000000
DTAA/MMH0612,2010-05-18,IT & Engineering,Staff,3,0.0,1,0.0,15000000
DTAA/MIC0914,2010-05-18,IT & Engineering,Staff,3,1.0,2,1.0,30000000
DTAA/BAF0379,2010-05-19,IT & Engineering,Staff,4,2.0,2,0.0,30000000
DTAA/AMA0191,2010-05-19,IT & Engineering,Staff,2,2.0,2,0.0,30000000
DTAA/JJR0278,2010-05-19,IT & Engineering,Staff,3,1.0,2,1.0,30000000
DTAA/KSB0673,2010-05-19,IT & Engineering,Staff,3,1.0,2,0.0,30000000
DTAA/NNB0443,2010-05-19,IT & Engineering,Staff,3,1.0,2,0.0,30000000
DTAA/ABB0272,2010-05-19,IT & Engineering,Staff,3,2.0,2,0.0,30000000
DTAA/LTM0418,2010-05-19,IT & Engineering,Staff,4,1.0,2,0.0,30000000
DTAA/SDC0032,2010-05-19,IT & Engineering,Staff,3,1.0,2,0.0,30000000
DTAA/XKR0971,2010-05-19,IT & Engineering,Staff,2,2.0,2,1.0,30000000
DTAA/LCK0666,2010-05-19,IT & Engineering,Staff,2,1.0,2,0.0,30000000
DTAA/PIP0746,2010-05-19,IT & Engineering,Staff,3,1.0,2,0.0,30000000
DTAA/VNM0127,2010-05-19,IT & Engineering,Staff,2,1.0,2,0.0,30000000
DTAA/TAO0639,2010-05-19,IT & Engineering,Staff,2,1.0,2,0.0,30000000
DTAA/MQL0135,2010-05-20,IT & Engineering,Staff,5,3.0,2,0.0,30000000
DTAA/CJW0317,2010-05-20,IT & Engineering,Staff,2,2.0,2,0.0,30000000
DTAA/JAM0392,2010-05-20,IT & Engineering,Staff,2,1.0,2,0.0,30000000
DTAA/YCB0005,2010-05-20,IT & Engineering,Staff,3,1.0,2,0.0,30000000
DTAA/NSC0842,2010-05-20,IT & Engineering,Staff,5,1.0,2,0.0,30000000
DTAA/MMF0289,2010-05-20,IT & Engineering,Staff,3,2.0,2,0.0,30000000
DTAA/CAW0976,2010-05-20,IT & Engineering,Staff,3,1.0,2,0.0,30000000
DTAA/MAG0290,2010-05-20,IT & Engineering,Staff,2,0.0,2,0.0,30000000
DTAA/PXB0069,2010-05-20,IT & Engineering,Staff,3,1.0,1,0.0,15000000
DTAA/GVH0277,2010-05-20,IT & Engineering,Staff,2,0.0,1,0.0,15000000
DTAA/CCB0496,2010-05-21,IT & Engineering,Staff,3,1.0,1,0.0,15000000
DTAA/SKW0871,2010-05-21,IT & Engineering,Staff,3,1.0,2,0.0,30000000
DTAA/JLC0744,2010-05-21,IT & Engineering,Staff,2,0.0,2,0.0,30000000
DTAA/NSP0910,2010-05-21,IT & Engineering,Staff,2,0.0,2,0.0,30000000
DTAA/BPC0533,2010-05-21,IT & Engineering,Staff,3,1.0,2,0.0,30000000
DTAA/IKH0904,2010-05-21,IT & Engineering,Staff,3,0.0,1,0.0,15000000
DTAA/IKH0904,2010-05-22,IT & Engineering,Staff,2,2.0,2,2.0,30000000
DTAA/JAM0392,2010-05-24,IT & Engineering,Staff,3,1.0,2,1.0,30000000
DTAA/CJW0317,2010-05-24,IT & Engineering,Staff,3,2.0,2,0.0,30000000
DTAA/YCB0005,2010-05-24,IT & Engineering,Staff,3,1.0,1,0.0,15000000
DTAA/MQL0135,2010-05-24,IT & Engineering,Staff,5,1.0,2,0.0,30000000
DTAA/MMF0289,2010-05-24,IT & Engineering,Staff,2,1.0,1,0.0,15000000
DTAA/ECM0214,2010-05-24,IT & Engineering,Staff,5,1.0,2,0.0,30000000
DTAA/NSC0842,2010-05-24,IT & Engineering,Staff,3,0.0,2,0.0,30000000
DTAA/CAW0976,2010-05-24,IT & Engineering,Staff,2,0.0,1,0.0,15000000
DTAA/PXB0069,2010-05-24,IT & Engineering,Staff,3,1.0,2,0.0,30000000
DTAA/GVH0277,2010-05-24,IT & Engineering,Staff,2,0.0,2,0.0,30000000
DTAA/JCS0873,2010-05-25,IT & Engineering,Staff,3,1.0,1,0.0,15000000
DTAA/OYR0801,2010-05-25,IT & Engineering,Staff,3,2.0,2,0.0,30000000
DTAA/MIC0914,2010-05-25,IT & Engineering,Staff,3,1.0,2,1.0,30000000
DTAA/MMH0612,2010-05-25,IT & Engineering,Staff,5,0.0,2,0.0,30000000
DTAA/IRC0991,2010-05-26,IT & Engineering,Staff,11,3.0,2,0.0,30000000
DTAA/KAD0059,2010-05-26,IT & Engineering,Staff,5,3.0,2,2.0,30000000
DTAA/CCB0496,2010-05-26,IT & Engineering,Staff,3,1.0,2,0.0,30000000
DTAA/WOT0549,2010-05-26,IT & Engineering,Staff,3,1.0,2,0.0,30000000
DTAA/NSP0910,2010-05-26,IT & Engineering,Staff,4,0.0,2,0.0,30000000
DTAA/BCJ0800,2010-05-26,IT & Engineering,Staff,2,1.0,2,0.0,30000000
DTAA/KGS0398,2010-05-26,IT & Engineering,Staff,2,1.0,1,1.0,15000000
DTAA/BPC0533,2010-05-26,IT & Engineering,Staff,2,1.0,2,0.0,30000000
DTAA/IKH0904,2010-05-26,IT & Engineering,Staff,3,0.0,2,0.0,30000000
DTAA/BJC0569,2010-05-27,IT & Engineering,Staff,3,1.0,2,0.0,30000000
DTAA/EDH0146,2010-05-27,IT & Engineering,Staff,5,2.0,2,0.0,30000000
DTAA/RCW0436,2010-05-27,IT & Engineering,Staff,2,0.0,2,0.0,30000000
DTAA/DAV0579,2010-05-27,IT & Engineering,Staff,2,0.0,2,0.0,30000000
DTAA/SPK0818,2010-05-27,IT & Engineering,Staff,2,0.0,2,0.0,30000000
DTAA/HDR0823,2010-05-27,IT & Engineering,Staff,5,1.0,2,0.0,30000000
DTAA/STF0145,2010-05-27,IT & Engineering,Staff,3,0.0,2,0.0,30000000
DTAA/LBB0095,2010-05-27,IT & Engineering,Staff,2,1.0,2,0.0,30000000
DTAA/AJC0266,2010-05-27,IT & Engineering,Staff,3,0.0,2,0.0,30000000
DTAA/VMA0051,2010-05-27,IT & Engineering,Staff,3,0.0,2,0.0,30000000
DTAA/JCS0873,2010-05-28,IT & Engineering,Staff,5,3.0,4,2.0,60000000
DTAA/GNH0394,2010-05-28,IT & Engineering,Staff,3,1.0,2,0.0,30000000
DTAA/OYR0801,2010-05-28,IT & Engineering,Staff,3,2.0,2,0.0,30000000
DTAA/LRH0747,2010-05-28,IT & Engineering,Staff,3,1.0,2,0.0,30000000
DTAA/MMH0612,2010-05-28,IT & Engineering,Staff,3,0.0,2,0.0,30000000
DTAA/EMZ0196,2010-05-03,IT & Engineering,Staff,3,1.0,2,0.0,30000000
DTAA/BGF0236,2010-05-03,IT & Engineering,Staff,3,0.0,2,0.0,30000000
DTAA/SEF0446,2010-05-04,IT & Engineering,Staff,3,1.0,2,0.0,30000000
DTAA/BNW0850,2010-05-04,IT & Engineering,Staff,2,2.0,2,0.0,30000000
DTAA/AFR0646,2010-05-04,IT & Engineering,Staff,2,1.0,2,0.0,30000000
DTAA/WJG0153,2010-05-04,IT & Engineering,Staff,2,0.0,1,0.0,15000000
DTAA/RHP0688,2010-05-05,IT & Engineering,Staff,3,0.0,2,0.0,30000000
DTAA/ESB0080,2010-05-05,IT & Engineering,Staff,5,1.0,2,1.0,30000000
DTAA/WDW0485,2010-05-05,IT & Engineering,Staff,3,0.0,2,0.0,30000000
DTAA/CHA0174,2010-05-05,IT & Engineering,Staff,2,0.0,2,0.0,30000000
DTAA/AJB0016,2010-05-05,IT & Engineering,Staff,5,3.0,2,1.0,30000000
DTAA/ODW0839,2010-05-05,IT & Engineering,Staff,2,1.0,2,0.0,30000000
DTAA/GRG0693,2010-05-05,IT & Engineering,Staff,2,1.0,2,0.0,30000000
DTAA/SLC0778,2010-05-05,IT & Engineering,Staff,3,1.0,2,0.0,30000000
DTAA/ARK0026,2010-05-05,IT & Engineering,Staff,4,1.0,2,1.0,30000000
DTAA/DIS0382,2010-05-05,IT & Engineering,Staff,3,1.0,2,0.0,30000000
DTAA/HBL0517,2010-05-05,IT & Engineering,Staff,3,1.0,2,0.0,30000000
DTAA/AQG0678,2010-05-05,IT & Engineering,Staff,3,1.0,2,0.0,30000000
DTAA/MXM0838,2010-05-06,IT & Engineering,Staff,3,1.0,2,0.0,30000000
DTAA/VFP0669,2010-05-06,IT & Engineering,Staff,3,1.0,2,0.0,30000000
DTAA/JMS0793,2010-05-06,IT & Engineering,Staff,2,1.0,2,0.0,30000000
DTAA/HCR0795,2010-05-07,IT & Engineering,Staff,2,1.0,1,0.0,15000000
DTAA/OJH0425,2010-05-07,IT & Engineering,Staff,2,2.0,2,0.0,30000000
DTAA/MJM0469,2010-05-07,IT & Engineering,Staff,3,1.0,2,0.0,30000000
DTAA/CTH0856,2010-05-07,IT & Engineering,Staff,2,1.0,2,0.0,30000000
DTAA/AFN0918,2010-05-07,IT & Engineering,Staff,2,1.0,2,0.0,30000000
DTAA/HTC0607,2010-05-07,IT & Engineering,Staff,3,0.0,1,0.0,15000000
DTAA/CJW0317,2010-05-10,IT & Engineering,Staff,2,2.0,2,0.0,30000000
DTAA/JAM0392,2010-05-10,IT & Engineering,Staff,2,1.0,2,0.0,30000000
DTAA/YCB0005,2010-05-10,IT & Engineering,Staff,3,1.0,2,0.0,30000000
DTAA/MQL0135,2010-05-10,IT & Engineering,Staff,3,1.0,2,0.0,30000000
DTAA/CYK0330,2010-05-10,IT & Engineering,Staff,3,2.0,2,1.0,30000000
DTAA/MMF0289,2010-05-10,IT & Engineering,Staff,3,1.0,2,0.0,30000000
DTAA/VKB0605,2010-05-10,IT & Engineering,Staff,2,0.0,2,0.0,30000000
DTAA/PXB0069,2010-05-10,IT & Engineering,Staff,2,1.0,2,0.0,30000000
DTAA/MAG0290,2010-05-10,IT & Engineering,Staff,2,0.0,2,0.0,30000000
DTAA/GVH0277,2010-05-10,IT & Engineering,Staff,2,0.0,2,0.0,30000000
DTAA/DDK0417,2010-05-10,IT & Engineering,Staff,5,1.0,2,0.0,30000000
DTAA/ACH0803,2010-05-11,IT & Engineering,Staff,2,1.0,2,0.0,30000000
DTAA/SCW0707,2010-05-11,IT & Engineering,Staff,3,0.0,2,0.0,30000000
DTAA/JLL0301,2010-05-11,IT & Engineering,Staff,2,1.0,2,0.0,30000000
DTAA/JLM0053,2010-05-11,IT & Engineering,Staff,2,0.0,2,0.0,30000000
DTAA/JSB0493,2010-05-11,IT & Engineering,Staff,3,1.0,2,0.0,30000000
DTAA/TLB0017,2010-05-11,IT & Engineering,Staff,2,0.0,2,0.0,30000000
DTAA/WCN0570,2010-05-12,IT & Engineering,Staff,2,2.0,2,0.0,30000000
DTAA/OJH0425,2010-05-12,IT & Engineering,Staff,3,2.0,2,0.0,30000000
DTAA/MJM0469,2010-05-12,IT & Engineering,Staff,3,1.0,2,0.0,30000000
DTAA/HTC0607,2010-05-12,IT & Engineering,Staff,3,1.0,2,0.0,30000000
DTAA/AFN0918,2010-05-12,IT & Engineering,Staff,3,0.0,2,0.0,30000000
DTAA/GRS0372,2010-05-12,IT & Engineering,Staff,4,0.0,2,0.0,30000000
DTAA/QKR0651,2010-05-12,IT & Engineering,Staff,2,1.0,2,0.0,30000000
DTAA/ATJ0284,2010-05-13,IT & Engineering,Staff,2,1.0,2,0.0,30000000
DTAA/YCV0635,2010-05-13,IT & Engineering,Staff,2,1.0,1,0.0,15000000
DTAA/LCG0546,2010-05-13,IT & Engineering,Staff,3,0.0,2,0.0,30000000
DTAA/MZW0111,2010-05-14,IT & Engineering,Staff,2,1.0,2,0.0,30000000
DTAA/JAM0392,2010-05-14,IT & Engineering,Staff,3,1.0,2,0.0,30000000
DTAA/MQL0135,2010-05-14,IT & Engineering,Staff,3,1.0,2,0.0,30000000
DTAA/YCB0005,2010-05-14,IT & Engineering,Staff,2,1.0,2,0.0,30000000
DTAA/SJA0691,2010-05-14,IT & Engineering,Staff,2,1.0,2,0.0,30000000
DTAA/CYK0330,2010-05-14,IT & Engineering,Staff,3,1.0,2,0.0,30000000
DTAA/MMF0289,2010-05-14,IT & Engineering,Staff,2,1.0,2,1.0,30000000
DTAA/VKB0605,2010-05-14,IT & Engineering,Staff,2,0.0,2,0.0,30000000
DTAA/DDK0417,2010-05-14,IT & Engineering,Staff,4,1.0,2,0.0,30000000
DTAA/MAG0290,2010-05-14,IT & Engineering,Staff,2,0.0,2,0.0,30000000
DTAA/PXB0069,2010-05-14,IT & Engineering,Staff,2,1.0,2,0.0,30000000
DTAA/GVH0277,2010-05-14,IT & Engineering,Staff,2,0.0,2,0.0,30000000
DTAA/GSL0697,2010-05-17,IT & Engineering,Staff,2,1.0,2,0.0,30000000
DTAA/MVW0630,2010-05-17,IT & Engineering,Staff,3,1.0,2,0.0,30000000
DTAA/FDP0500,2010-05-17,IT & Engineering,Staff,3,2.0,1,1.0,15000000
DTAA/AZC0030,2010-05-17,IT & Engineering,Staff,2,0.0,2,0.0,30000000
DTAA/LPG0099,2010-05-17,IT & Engineering,Staff,3,0.0,1,0.0,15000000
DTAA/KKW0676,2010-05-17,IT & Engineering,Staff,3,1.0,2,0.0,30000000
DTAA/JSW0180,2010-05-17,IT & Engineering,Staff,3,0.0,2,0.0,30000000
DTAA/SAH0192,2010-05-17,IT & Engineering,Staff,3,0.0,2,0.0,30000000
DTAA/ZKH0388,2010-05-18,IT & Engineering,Staff,2,1.0,2,0.0,30000000
DTAA/EGM0401,2010-05-18,IT & Engineering,Staff,3,2.0,2,0.0,30000000
DTAA/ARM0416,2010-05-18,IT & Engineering,Staff,3,1.0,2,0.0,30000000
DTAA/MCM0346,2010-05-18,IT & Engineering,Staff,3,2.0,2,1.0,30000000
DTAA/RME0699,2010-05-18,IT & Engineering,Staff,2,1.0,2,0.0,30000000
DTAA/HSR0472,2010-05-18,IT & Engineering,Staff,3,0.0,2,0.0,30000000
DTAA/CWG0305,2010-05-18,IT & Engineering,Staff,3,1.0,2,0.0,30000000
DTAA/LJR0772,2010-05-19,IT & Engineering,Staff,4,4.0,2,0.0,30000000
DTAA/FFP0721,2010-05-19,IT & Engineering,Staff,3,1.0,2,0.0,30000000
DTAA/ATJ0284,2010-05-19,IT & Engineering,Staff,2,1.0,1,0.0,15000000
DTAA/EMR0242,2010-05-20,IT & Engineering,Staff,4,2.0,2,0.0,30000000
DTAA/EMZ0196,2010-05-20,IT & Engineering,Staff,3,1.0,2,0.0,30000000
DTAA/BGF0236,2010-05-20,IT & Engineering,Staff,3,0.0,2,0.0,30000000
DTAA/NDS0490,2010-05-21,IT & Engineering,Staff,3,2.0,2,0.0,30000000
DTAA/CSC0297,2010-05-21,IT & Engineering,Staff,2,1.0,2,0.0,30000000
DTAA/WMJ0364,2010-05-21,IT & Engineering,Staff,3,1.0,2,0.0,30000000
DTAA/CAC0854,2010-05-21,IT & Engineering,Staff,3,1.0,2,2.0,30000000
DTAA/RBC0879,2010-05-21,IT & Engineering,Staff,3,1.0,2,0.0,30000000
DTAA/DBB0235,2010-05-21,IT & Engineering,Staff,3,1.0,2,0.0,30000000
DTAA/BGF0236,2010-05-24,IT & Engineering,Staff,3,0.0,2,0.0,30000000
DTAA/RES0962,2010-05-25,IT & Engineering,Staff,2,1.0,2,0.0,30000000
DTAA/MCM0346,2010-05-25,IT & Engineering,Staff,3,2.0,2,0.0,30000000
DTAA/RME0699,2010-05-25,IT & Engineering,Staff,3,2.0,2,0.0,30000000
DTAA/CWG0305,2010-05-25,IT & Engineering,Staff,2,1.0,2,2.0,30000000
DTAA/HDR0261,2010-05-26,IT & Engineering,Staff,3,2.0,2,0.0,30000000
DTAA/WMJ0364,2010-05-26,IT & Engineering,Staff,3,1.0,1,0.0,15000000
DTAA/CAC0854,2010-05-26,IT & Engineering,Staff,2,2.0,2,1.0,30000000
DTAA/CCG0876,2010-05-26,IT & Engineering,Staff,3,0.0,2,0.0,30000000
DTAA/RBC0879,2010-05-26,IT & Engineering,Staff,3,1.0,2,0.0,30000000
DTAA/NDS0490,2010-05-26,IT & Engineering,Staff,2,1.0,1,0.0,15000000
DTAA/OJH0425,2010-05-27,IT & Engineering,Staff,5,2.0,2,0.0,30000000
DTAA/MJM0469,2010-05-27,IT & Engineering,Staff,3,1.0,2,0.0,30000000
DTAA/HTC0607,2010-05-27,IT & Engineering,Staff,3,0.0,2,0.0,30000000
DTAA/AFN0918,2010-05-27,IT & Engineering,Staff,3,0.0,2,0.0,30000000
DTAA/QKR0651,2010-05-27,IT & Engineering,Staff,2,1.0,2,2.0,30000000
DTAA/EGM0401,2010-05-28,IT & Engineering,Staff,3,1.0,2,0.0,30000000
DTAA/MCM0346,2010-05-28,IT & Engineering,Staff,4,2.0,2,0.0,30000000
DTAA/HSR0472,2010-05-28,IT & Engineering,Staff,3,0.0,2,0.0,30000000
DTAA/CJW0317,2010-05-03,IT & Engineering,Staff,3,2.0,2,0.0,30000000
DTAA/JAM0392,2010-05-03,IT & Engineering,Staff,3,1.0,2,0.0,30000000
DTAA/MQL0135,2010-05-03,IT & Engineering,Staff,3,1.0,2,0.0,30000000
DTAA/YCB0005,2010-05-03,IT & Engineering,Staff,2,1.0,2,0.0,30000000
DTAA/MMF0289,2010-05-03,IT & Engineering,Staff,3,2.0,2,0.0,30000000
DTAA/CYK0330,2010-05-03,IT & Engineering,Staff,3,1.0,2,0.0,30000000
DTAA/HNF0812,2010-05-03,IT & Engineering,Staff,3,0.0,2,0.0,30000000
DTAA/MAG0290,2010-05-03,IT & Engineering,Staff,2,0.0,2,0.0,30000000
DTAA/PXB0069,2010-05-03,IT & Engineering,Staff,3,1.0,2,0.0,30000000
DTAA/GVH0277,2010-05-03,IT & Engineering,Staff,2,0.0,2,0.0,30000000
DTAA/HTS0265,2010-05-04,IT & Engineering,Staff,4,2.0,4,2.0,60000000
DTAA/MXM0838,2010-05-04,IT & Engineering,Staff,3,1.0,2,0.0,30000000
DTAA/AJA0220,2010-05-04,IT & Engineering,Staff,3,1.0,2,0.0,30000000
DTAA/JMS0793,2010-05-04,IT & Engineering,Staff,2,1.0,2,1.0,30000000
DTAA/VFP0669,2010-05-04,IT & Engineering,Staff,4,1.0,1,0.0,15000000
DTAA/HCG0731,2010-05-04,IT & Engineering,Staff,3,1.0,2,1.0,30000000
DTAA/TNB0740,2010-05-04,IT & Engineering,Staff,2,0.0,2,0.0,30000000
DTAA/MJK0212,2010-05-05,IT & Engineering,Staff,2,0.0,0,0.0,0
DTAA/BJM0311,2010-05-05,IT & Engineering,Staff,2,1.0,0,0.0,0
DTAA/CAW0976,2010-05-05,IT & Engineering,Staff,3,0.0,0,0.0,0
DTAA/ECM0214,2010-05-05,IT & Engineering,Staff,3,0.0,0,0.0,0
DTAA/XGB0052,2010-05-05,IT & Engineering,Staff,2,1.0,0,0.0,0
DTAA/RDG0335,2010-05-05,IT & Engineering,Staff,2,0.0,0,0.0,0
DTAA/VKB0605,2010-05-05,IT & Engineering,Staff,2,0.0,0,0.0,0
DTAA/LRS0325,2010-05-05,IT & Engineering,Staff,2,0.0,0,0.0,0
DTAA/BQW0149,2010-05-05,IT & Engineering,Staff,2,1.0,0,0.0,0
DTAA/MAG0290,2010-05-05,IT & Engineering,Staff,2,0.0,0,0.0,0
DTAA/MJF0892,2010-05-05,IT & Engineering,Staff,5,0.0,0,0.0,0
DTAA/BJM0992,2010-05-05,IT & Engineering,Staff,20,10.0,0,0.0,0
DTAA/JKW0464,2010-05-05,IT & Engineering,Staff,2,1.0,0,0.0,0
DTAA/KVH0355,2010-05-05,IT & Engineering,Staff,3,0.0,0,0.0,0
DTAA/GVH0277,2010-05-05,IT & Engineering,Staff,2,0.0,0,0.0,0
DTAA/GWS0381,2010-05-05,IT & Engineering,Staff,2,1.0,0,0.0,0
DTAA/DCM0725,2010-05-05,IT & Engineering,Staff,2,0.0,0,0.0,0
DTAA/BXY0648,2010-05-05,IT & Engineering,Staff,2,0.0,0,0.0,0
DTAA/AMD0432,2010-05-05,IT & Engineering,Staff,2,0.0,0,0.0,0
DTAA/ADR0219,2010-05-05,IT & Engineering,Staff,2,0.0,0,0.0,0
DTAA/CAH0610,2010-05-05,IT & Engineering,Staff,2,1.0,0,0.0,0
DTAA/CLS0819,2010-05-05,IT & Engineering,Staff,2,0.0,0,0.0,0
DTAA/EJS0513,2010-05-05,IT & Engineering,Staff,3,0.0,0,0.0,0
DTAA/RXM0204,2010-05-05,IT & Engineering,Staff,3,1.0,0,0.0,0
DTAA/CLN0999,2010-05-05,IT & Engineering,Staff,8,5.0,0,0.0,0
DTAA/ZRR0705,2010-05-05,IT & Engineering,Staff,2,1.0,0,0.0,0
DTAA/MCF0427,2010-05-05,IT & Engineering,Staff,2,1.0,0,0.0,0
DTAA/BWS0872,2010-05-05,IT & Engineering,Staff,4,1.0,0,0.0,0
DTAA/ULB0178,2010-05-05,IT & Engineering,Staff,3,1.0,0,0.0,0
DTAA/PJS0809,2010-05-05,IT & Engineering,Staff,2,1.0,0,0.0,0
DTAA/LCG0011,2010-05-05,IT & Engineering,Staff,2,1.0,0,0.0,0
DTAA/HJK0057,2010-05-05,IT & Engineering,Staff,3,1.0,0,0.0,0
DTAA/AUM0365,2010-05-05,IT & Engineering,Staff,3,1.0,0,0.0,0
DTAA/SML0086,2010-05-05,IT & Engineering,Staff,3,1.0,0,0.0,0
DTAA/KDL0806,2010-05-05,IT & Engineering,Staff,3,1.0,0,0.0,0
DTAA/JHA0404,2010-05-05,IT & Engineering,Staff,3,1.0,0,0.0,0
DTAA/CAR0015,2010-05-05,IT & Engineering,Staff,3,1.0,0,0.0,0
DTAA/HJP0784,2010-05-05,IT & Engineering,Staff,3,2.0,0,0.0,0
DTAA/GRC0474,2010-05-05,IT & Engineering,Staff,3,1.0,0,0.0,0
DTAA/CCM0827,2010-05-05,IT & Engineering,Staff,3,2.0,0,0.0,0
DTAA/NSC0842,2010-05-05,IT & Engineering,Staff,3,0.0,0,0.0,0
DTAA/BCM0558,2010-05-05,IT & Engineering,Staff,3,1.0,0,0.0,0
DTAA/MCR0375,2010-05-05,IT & Engineering,Staff,3,1.0,0,0.0,0
DTAA/CYK0330,2010-05-05,IT & Engineering,Staff,3,1.0,0,0.0,0
DTAA/KKT0039,2010-05-05,IT & Engineering,Staff,3,1.0,0,0.0,0
DTAA/BNM0353,2010-05-05,IT & Engineering,Staff,3,1.0,0,0.0,0
DTAA/HIP0929,2010-05-05,IT & Engineering,Staff,2,1.0,0,0.0,0
DTAA/KJG0378,2010-05-05,IT & Engineering,Staff,2,1.0,0,0.0,0
DTAA/EDC0357,2010-05-05,IT & Engineering,Staff,2,1.0,0,0.0,0
DTAA/DEP0563,2010-05-05,IT & Engineering,Staff,2,1.0,0,0.0,0
DTAA/RLE0844,2010-05-05,IT & Engineering,Staff,2,1.0,0,0.0,0
DTAA/MNB0956,2010-05-05,IT & Engineering,Staff,2,1.0,0,0.0,0
DTAA/BZM0434,2010-05-05,IT & Engineering,Staff,2,0.0,0,0.0,0
DTAA/TCR0218,2010-05-05,IT & Engineering,Staff,2,0.0,0,0.0,0
DTAA/KTM0960,2010-05-05,IT & Engineering,Staff,2,0.0,0,0.0,0
DTAA/AHD0147,2010-05-05,IT & Engineering,Staff,2,1.0,0,0.0,0
DTAA/SAO0167,2010-05-05,IT & Engineering,Staff,2,0.0,0,0.0,0
DTAA/CDK0329,2010-05-05,IT & Engineering,Staff,2,1.0,0,0.0,0
DTAA/CAV0757,2010-05-05,IT & Engineering,Staff,2,1.0,0,0.0,0
DTAA/DST0857,2010-05-05,IT & Engineering,Staff,2,1.0,0,0.0,0
DTAA/NIC0901,2010-05-05,IT & Engineering,Staff,2,0.0,0,0.0,0
DTAA/YSH0268,2010-05-05,IT & Engineering,Staff,2,2.0,0,0.0,0
DTAA/OBF0564,2010-05-05,IT & Engineering,Staff,2,2.0,0,0.0,0
DTAA/DAW0123,2010-05-05,IT & Engineering,Staff,2,2.0,0,0.0,0
DTAA/SSH0085,2010-05-05,IT & Engineering,Staff,2,2.0,0,0.0,0
DTAA/MAM0947,2010-05-05,IT & Engineering,Staff,2,2.0,0,0.0,0
DTAA/RLW0861,2010-05-05,IT & Engineering,Staff,2,1.0,0,0.0,0
DTAA/CBB0075,2010-05-05,IT & Engineering,Staff,2,2.0,0,0.0,0
DTAA/JTT0989,2010-05-06,IT & Engineering,Staff,20,9.0,0,0.0,0
DTAA/COS0121,2010-05-06,IT & Engineering,Staff,4,2.0,0,0.0,0
DTAA/ACD0647,2010-05-06,IT & Engineering,Staff,2,1.0,0,0.0,0
DTAA/ZKH0388,2010-05-06,IT & Engineering,Staff,4,1.0,0,0.0,0
DTAA/JBA0373,2010-05-06,IT & Engineering,Staff,5,2.0,0,0.0,0
DTAA/CNT0514,2010-05-06,IT & Engineering,Staff,2,1.0,0,0.0,0
DTAA/DST0527,2010-05-06,IT & Engineering,Staff,2,1.0,0,0.0,0
DTAA/BFO0974,2010-05-06,IT & Engineering,Staff,2,1.0,0,0.0,0
DTAA/STC0066,2010-05-06,IT & Engineering,Staff,2,1.0,0,0.0,0
DTAA/CMF0339,2010-05-06,IT & Engineering,Staff,3,1.0,0,0.0,0
DTAA/RLC0442,2010-05-06,IT & Engineering,Staff,2,1.0,0,0.0,0
DTAA/DDW0643,2010-05-06,IT & Engineering,Staff,3,1.0,0,0.0,0
DTAA/JFA0081,2010-05-06,IT & Engineering,Staff,2,1.0,0,0.0,0
DTAA/MSV0506,2010-05-06,IT & Engineering,Staff,2,1.0,0,0.0,0
DTAA/DWB0426,2010-05-06,IT & Engineering,Staff,2,1.0,0,0.0,0
DTAA/OHA0451,2010-05-06,IT & Engineering,Staff,2,1.0,0,0.0,0
DTAA/RBB0229,2010-05-06,IT & Engineering,Staff,2,2.0,0,0.0,0
DTAA/IAH0822,2010-05-06,IT & Engineering,Staff,3,1.0,0,0.0,0
DTAA/CTR0537,2010-05-06,IT & Engineering,Staff,3,1.0,0,0.0,0
DTAA/MCM0346,2010-05-06,IT & Engineering,Staff,4,3.0,0,0.0,0
DTAA/RZW0369,2010-05-06,IT & Engineering,Staff,2,2.0,0,0.0,0
DTAA/MGB0728,2010-05-06,IT & Engineering,Staff,2,1.0,0,0.0,0
DTAA/TUA0298,2010-05-06,IT & Engineering,Staff,2,1.0,0,0.0,0
DTAA/ARM0416,2010-05-06,IT & Engineering,Staff,3,1.0,0,0.0,0
DTAA/ASC0132,2010-05-06,IT & Engineering,Staff,2,1.0,0,0.0,0
DTAA/LBC0422,2010-05-06,IT & Engineering,Staff,2,1.0,0,0.0,0
DTAA/BPB0808,2010-05-06,IT & Engineering,Staff,2,1.0,0,0.0,0
DTAA/JDR0685,2010-05-06,IT & Engineering,Staff,2,1.0,0,0.0,0
DTAA/DAW0199,2010-05-06,IT & Engineering,Staff,2,1.0,0,0.0,0
DTAA/JSE0020,2010-05-06,IT & Engineering,Staff,5,1.0,0,0.0,0
DTAA/SMC0139,2010-05-06,IT & Engineering,Staff,2,2.0,0,0.0,0
DTAA/GHB0863,2010-05-06,IT & Engineering,Staff,3,1.0,0,0.0,0
DTAA/AAS0709,2010-05-06,IT & Engineering,Staff,2,1.0,0,0.0,0
DTAA/GKJ0573,2010-05-06,IT & Engineering,Staff,2,0.0,0,0.0,0
DTAA/JBS0483,2010-05-06,IT & Engineering,Staff,3,0.0,0,0.0,0
DTAA/MKG0273,2010-05-06,IT & Engineering,Staff,2,0.0,0,0.0,0
DTAA/SRN0275,2010-05-06,IT & Engineering,Staff,2,1.0,0,0.0,0
DTAA/ECB0494,2010-05-06,IT & Engineering,Staff,2,0.0,0,0.0,0
DTAA/SLG0008,2010-05-06,IT & Engineering,Staff,2,1.0,0,0.0,0
DTAA/MRM0205,2010-05-06,IT & Engineering,Staff,2,0.0,0,0.0,0
DTAA/BCB0013,2010-05-06,IT & Engineering,Staff,2,0.0,0,0.0,0
DTAA/UJC0849,2010-05-06,IT & Engineering,Staff,2,1.0,0,0.0,0
DTAA/LLK0316,2010-05-06,IT & Engineering,Staff,2,0.0,0,0.0,0
DTAA/OBD0786,2010-05-06,IT & Engineering,Staff,3,0.0,0,0.0,0
DTAA/DOO0986,2010-05-06,IT & Engineering,Staff,2,0.0,0,0.0,0
DTAA/LKY0181,2010-05-06,IT & Engineering,Staff,4,1.0,0,0.0,0
DTAA/PMB0702,2010-05-06,IT & Engineering,Staff,3,1.0,0,0.0,0
DTAA/JCG0817,2010-05-06,IT & Engineering,Staff,2,1.0,0,0.0,0
DTAA/BKH0156,2010-05-06,IT & Engineering,Staff,2,0.0,0,0.0,0
DTAA/NGC0624,2010-05-06,IT & Engineering,Staff,3,1.0,0,0.0,0
DTAA/LAM0952,2010-05-06,IT & Engineering,Staff,2,1.0,0,0.0,0
DTAA/CWG0305,2010-05-06,IT & Engineering,Staff,3,1.0,0,0.0,0
DTAA/CRM0058,2010-05-06,IT & Engineering,Staff,2,1.0,0,0.0,0
DTAA/JCC0998,2010-05-07,IT & Engineering,Staff,16,9.0,0,0.0,0
DTAA/MBZ0932,2010-05-07,IT & Engineering,Staff,2,1.0,0,0.0,0
DTAA/LCL0792,2010-05-07,IT & Engineering,Staff,2,1.0,0,0.0,0
DTAA/TRB0414,2010-05-07,IT & Engineering,Staff,3,1.0,0,0.0,0
DTAA/TQC0249,2010-05-07,IT & Engineering,Staff,2,1.0,0,0.0,0
DTAA/OKG0160,2010-05-07,IT & Engineering,Staff,2,1.0,0,0.0,0
DTAA/EFS0114,2010-05-07,IT & Engineering,Staff,2,2.0,0,0.0,0
DTAA/HPF0958,2010-05-07,IT & Engineering,Staff,2,1.0,0,0.0,0
DTAA/TLV0936,2010-05-07,IT & Engineering,Staff,2,1.0,0,0.0,0
DTAA/RBY0065,2010-05-07,IT & Engineering,Staff,2,1.0,0,0.0,0
DTAA/NWG0682,2010-05-07,IT & Engineering,Staff,2,1.0,0,0.0,0
DTAA/CKW0622,2010-05-07,IT & Engineering,Staff,2,1.0,0,0.0,0
DTAA/CCB0366,2010-05-07,IT & Engineering,Staff,2,2.0,0,0.0,0
DTAA/CGM0343,2010-05-07,IT & Engineering,Staff,3,2.0,0,0.0,0
DTAA/SSW0815,2010-05-07,IT & Engineering,Staff,2,1.0,0,0.0,0
DTAA/CPS0559,2010-05-07,IT & Engineering,Staff,3,1.0,0,0.0,0
DTAA/ALN0201,2010-05-07,IT & Engineering,Staff,2,2.0,0,0.0,0
DTAA/TKH0211,2010-05-07,IT & Engineering,Staff,3,2.0,0,0.0,0
DTAA/CLK0383,2010-05-07,IT & Engineering,Staff,3,1.0,0,0.0,0
DTAA/MHM0988,2010-05-07,IT & Engineering,Staff,2,1.0,0,0.0,0
DTAA/ZCH0336,2010-05-07,IT & Engineering,Staff,2,1.0,0,0.0,0
DTAA/UBB0186,2010-05-07,IT & Engineering,Staff,2,1.0,0,0.0,0
DTAA/PKM0411,2010-05-07,IT & Engineering,Staff,2,2.0,0,0.0,0
DTAA/TGC0670,2010-05-07,IT & Engineering,Staff,3,1.0,0,0.0,0
DTAA/MVL0885,2010-05-07,IT & Engineering,Staff,2,1.0,0,0.0,0
DTAA/UAD0165,2010-05-07,IT & Engineering,Staff,2,2.0,0,0.0,0
DTAA/TEG0502,2010-05-07,IT & Engineering,Staff,2,1.0,0,0.0,0
DTAA/TLB0831,2010-05-07,IT & Engineering,Staff,2,1.0,0,0.0,0
DTAA/SAP0304,2010-05-07,IT & Engineering,Staff,3,1.0,0,0.0,0
DTAA/AOC0511,2010-05-07,IT & Engineering,Staff,2,1.0,0,0.0,0
DTAA/CBH0762,2010-05-07,IT & Engineering,Staff,2,1.0,0,0.0,0
DTAA/BLS0098,2010-05-07,IT & Engineering,Staff,2,2.0,0,0.0,0
DTAA/NCW0246,2010-05-07,IT & Engineering,Staff,2,1.0,0,0.0,0
DTAA/ZAB0889,2010-05-07,IT & Engineering,Staff,4,2.0,0,0.0,0
DTAA/AZC0030,2010-05-07,IT & Engineering,Staff,2,1.0,0,0.0,0
DTAA/IMD0776,2010-05-07,IT & Engineering,Staff,2,1.0,0,0.0,0
DTAA/ENB0293,2010-05-07,IT & Engineering,Staff,2,0.0,0,0.0,0
DTAA/QGM0222,2010-05-07,IT & Engineering,Staff,2,0.0,0,0.0,0
DTAA/ASV0049,2010-05-07,IT & Engineering,Staff,3,1.0,0,0.0,0
DTAA/LDG0406,2010-05-07,IT & Engineering,Staff,3,0.0,0,0.0,0
DTAA/JDM0940,2010-05-07,IT & Engineering,Staff,2,1.0,0,0.0,0
DTAA/ZBH0980,2010-05-07,IT & Engineering,Staff,2,0.0,0,0.0,0
DTAA/ECT0491,2010-05-07,IT & Engineering,Staff,2,0.0,0,0.0,0
DTAA/WCM0391,2010-05-07,IT & Engineering,Staff,2,1.0,0,0.0,0
DTAA/NHL0253,2010-05-07,IT & Engineering,Staff,2,0.0,0,0.0,0
DTAA/DFZ0063,2010-05-07,IT & Engineering,Staff,3,0.0,0,0.0,0
DTAA/JSW0180,2010-05-07,IT & Engineering,Staff,3,0.0,0,0.0,0
DTAA/SVM0756,2010-05-07,IT & Engineering,Staff,2,0.0,0,0.0,0
DTAA/QOH0361,2010-05-07,IT & Engineering,Staff,3,0.0,0,0.0,0
DTAA/CRJ0934,2010-05-07,IT & Engineering,Staff,2,0.0,0,0.0,0
DTAA/BHH0460,2010-05-07,IT & Engineering,Staff,2,1.0,0,0.0,0
DTAA/JBL0450,2010-05-07,IT & Engineering,Staff,2,1.0,0,0.0,0
DTAA/GML0105,2010-05-07,IT & Engineering,Staff,3,1.0,0,0.0,0
DTAA/NHH0566,2010-05-10,IT & Engineering,Staff,3,1.0,0,0.0,0
DTAA/AJS0917,2010-05-10,IT & Engineering,Staff,2,1.0,0,0.0,0
DTAA/KPC0158,2010-05-10,IT & Engineering,Staff,2,1.0,0,0.0,0
DTAA/YCD0922,2010-05-10,IT & Engineering,Staff,2,1.0,0,0.0,0
DTAA/DBA0367,2010-05-10,IT & Engineering,Staff,2,1.0,0,0.0,0
DTAA/DBM0698,2010-05-10,IT & Engineering,Staff,3,1.0,0,0.0,0
DTAA/LBD0946,2010-05-10,IT & Engineering,Staff,2,1.0,0,0.0,0
DTAA/GMF0571,2010-05-10,IT & Engineering,Staff,3,1.0,0,0.0,0
DTAA/AGB0091,2010-05-10,IT & Engineering,Staff,2,1.0,0,0.0,0
DTAA/ABH0963,2010-05-10,IT & Engineering,Staff,2,1.0,0,0.0,0
DTAA/FLC0811,2010-05-10,IT & Engineering,Staff,2,1.0,0,0.0,0
DTAA/GTJ0243,2010-05-10,IT & Engineering,Staff,2,1.0,0,0.0,0
DTAA/KGC0456,2010-05-10,IT & Engineering,Staff,2,1.0,0,0.0,0
DTAA/EOS0972,2010-05-10,IT & Engineering,Staff,3,1.0,0,0.0,0
DTAA/HRK0729,2010-05-10,IT & Engineering,Staff,2,1.0,0,0.0,0
DTAA/JXG0567,2010-05-10,IT & Engineering,Staff,2,2.0,0,0.0,0
DTAA/OJG0866,2010-05-10,IT & Engineering,Staff,2,2.0,0,0.0,0
DTAA/ALW0250,2010-05-10,IT & Engineering,Staff,2,1.0,0,0.0,0
DTAA/JRP0458,2010-05-10,IT & Engineering,Staff,2,1.0,0,0.0,0
DTAA/HAS0430,2010-05-10,IT & Engineering,Staff,3,1.0,0,0.0,0
DTAA/AIC0321,2010-05-10,IT & Engineering,Staff,2,1.0,0,0.0,0
DTAA/EJB0888,2010-05-10,IT & Engineering,Staff,2,1.0,0,0.0,0
DTAA/HNS0858,2010-05-10,IT & Engineering,Staff,3,1.0,0,0.0,0
DTAA/HWG0148,2010-05-10,IT & Engineering,Staff,2,1.0,0,0.0,0
DTAA/ASR0539,2010-05-10,IT & Engineering,Staff,2,1.0,0,0.0,0
DTAA/CDS0300,2010-05-10,IT & Engineering,Staff,2,1.0,0,0.0,0
DTAA/VUF0522,2010-05-10,IT & Engineering,Staff,3,1.0,0,0.0,0
DTAA/BGN0054,2010-05-10,IT & Engineering,Staff,2,1.0,0,0.0,0
DTAA/ALK0520,2010-05-10,IT & Engineering,Staff,3,2.0,0,0.0,0
DTAA/GDG0184,2010-05-10,IT & Engineering,Staff,3,1.0,0,0.0,0
DTAA/JLC0711,2010-05-10,IT & Engineering,Staff,3,0.0,0,0.0,0
DTAA/ESB0080,2010-05-10,IT & Engineering,Staff,3,1.0,0,0.0,0
DTAA/KNH0719,2010-05-10,IT & Engineering,Staff,2,0.0,0,0.0,0
DTAA/AGF0088,2010-05-10,IT & Engineering,Staff,2,1.0,0,0.0,0
DTAA/MDC0595,2010-05-10,IT & Engineering,Staff,2,0.0,0,0.0,0
DTAA/RHP0688,2010-05-10,IT & Engineering,Staff,3,0.0,0,0.0,0
DTAA/LLB0843,2010-05-10,IT & Engineering,Staff,3,0.0,0,0.0,0
DTAA/CHA0174,2010-05-10,IT & Engineering,Staff,5,0.0,0,0.0,0
DTAA/QLW0941,2010-05-10,IT & Engineering,Staff,5,0.0,0,0.0,0
DTAA/NDH0807,2010-05-10,IT & Engineering,Staff,2,0.0,0,0.0,0
DTAA/CPP0761,2010-05-10,IT & Engineering,Staff,2,1.0,0,0.0,0
DTAA/SOM0478,2010-05-10,IT & Engineering,Staff,2,0.0,0,0.0,0
DTAA/SKB0263,2010-05-10,IT & Engineering,Staff,2,0.0,0,0.0,0
DTAA/BCH0912,2010-05-10,IT & Engineering,Staff,2,1.0,0,0.0,0
DTAA/GLB0715,2010-05-10,IT & Engineering,Staff,5,0.0,0,0.0,0
DTAA/CTF0687,2010-05-10,IT & Engineering,Staff,2,1.0,0,0.0,0
DTAA/SSC0047,2010-05-10,IT & Engineering,Staff,3,1.0,0,0.0,0
DTAA/WWC0894,2010-05-10,IT & Engineering,Staff,2,1.0,0,0.0,0
DTAA/AFD0868,2010-05-10,IT & Engineering,Staff,2,1.0,0,0.0,0
DTAA/ITC0131,2010-05-10,IT & Engineering,Staff,2,0.0,0,0.0,0
DTAA/ODW0839,2010-05-10,IT & Engineering,Staff,2,1.0,0,0.0,0
DTAA/ELD1000,2010-05-11,IT & Engineering,Staff,18,12.0,0,0.0,0
DTAA/DAO0613,2010-05-11,IT & Engineering,Staff,4,1.0,0,0.0,0
DTAA/DRP0428,2010-05-11,IT & Engineering,Staff,3,1.0,0,0.0,0
DTAA/KRD0507,2010-05-11,IT & Engineering,Staff,3,1.0,0,0.0,0
DTAA/SKP0270,2010-05-11,IT & Engineering,Staff,2,1.0,0,0.0,0
DTAA/NTO0396,2010-05-11,IT & Engineering,Staff,2,1.0,0,0.0,0
DTAA/HSM0389,2010-05-11,IT & Engineering,Staff,3,1.0,0,0.0,0
DTAA/CSB0363,2010-05-11,IT & Engineering,Staff,2,2.0,0,0.0,0
DTAA/SJC0735,2010-05-11,IT & Engineering,Staff,2,1.0,0,0.0,0
DTAA/JMR0955,2010-05-11,IT & Engineering,Staff,2,1.0,0,0.0,0
DTAA/BIM0736,2010-05-11,IT & Engineering,Staff,2,2.0,0,0.0,0
DTAA/BAE0444,2010-05-11,IT & Engineering,Staff,2,1.0,0,0.0,0
DTAA/KIN0073,2010-05-11,IT & Engineering,Staff,2,1.0,0,0.0,0
DTAA/MSK0862,2010-05-11,IT & Engineering,Staff,2,1.0,0,0.0,0
DTAA/JIP0187,2010-05-11,IT & Engineering,Staff,2,2.0,0,0.0,0
DTAA/RJW0590,2010-05-11,IT & Engineering,Staff,2,1.0,0,0.0,0
DTAA/WLB0169,2010-05-11,IT & Engineering,Staff,2,0.0,0,0.0,0
DTAA/BSG0869,2010-05-11,IT & Engineering,Staff,2,0.0,0,0.0,0
DTAA/EMZ0196,2010-05-11,IT & Engineering,Staff,2,0.0,0,0.0,0
DTAA/YCS0667,2010-05-11,IT & Engineering,Staff,2,0.0,0,0.0,0
DTAA/PCS0097,2010-05-11,IT & Engineering,Staff,2,0.0,0,0.0,0
DTAA/TKG0523,2010-05-11,IT & Engineering,Staff,2,1.0,0,0.0,0
DTAA/DTD0380,2010-05-11,IT & Engineering,Staff,3,0.0,0,0.0,0
DTAA/VBW0447,2010-05-11,IT & Engineering,Staff,2,0.0,0,0.0,0
DTAA/CKR0296,2010-05-11,IT & Engineering,Staff,3,1.0,0,0.0,0
DTAA/KBC0788,2010-05-11,IT & Engineering,Staff,2,1.0,0,0.0,0
DTAA/EBS0287,2010-05-11,IT & Engineering,Staff,3,0.0,0,0.0,0
DTAA/PFF0657,2010-05-11,IT & Engineering,Staff,2,1.0,0,0.0,0
DTAA/HED0802,2010-05-11,IT & Engineering,Staff,5,0.0,0,0.0,0
DTAA/GEC0077,2010-05-11,IT & Engineering,Staff,2,0.0,0,0.0,0
DTAA/MCF0985,2010-05-11,IT & Engineering,Staff,3,0.0,0,0.0,0
DTAA/MSM0226,2010-05-11,IT & Engineering,Staff,3,0.0,0,0.0,0
DTAA/JHC0703,2010-05-11,IT & Engineering,Staff,2,1.0,0,0.0,0
DTAA/GTR0327,2010-05-11,IT & Engineering,Staff,2,1.0,0,0.0,0
DTAA/MTM0239,2010-05-11,IT & Engineering,Staff,2,1.0,0,0.0,0
DTAA/KMG0002,2010-05-11,IT & Engineering,Staff,2,1.0,0,0.0,0
DTAA/UBH0964,2010-05-11,IT & Engineering,Staff,3,1.0,0,0.0,0
DTAA/RLS0966,2010-05-11,IT & Engineering,Staff,2,0.0,0,0.0,0
DTAA/OHW0215,2010-05-11,IT & Engineering,Staff,2,1.0,0,0.0,0
DTAA/JBS0654,2010-05-11,IT & Engineering,Staff,2,0.0,0,0.0,0
DTAA/JIH0640,2010-05-11,IT & Engineering,Staff,2,0.0,0,0.0,0
DTAA/PMG0890,2010-05-11,IT & Engineering,Staff,2,1.0,0,0.0,0
DTAA/ARW0541,2010-05-11,IT & Engineering,Staff,2,0.0,0,0.0,0
DTAA/EEK0031,2010-05-11,IT & Engineering,Staff,2,0.0,0,0.0,0
DTAA/SSC0387,2010-05-11,IT & Engineering,Staff,2,1.0,0,0.0,0
DTAA/THL0671,2010-05-11,IT & Engineering,Staff,2,0.0,0,0.0,0
DTAA/DKR0696,2010-05-11,IT & Engineering,Staff,2,0.0,0,0.0,0
DTAA/JCC0998,2010-05-12,IT & Engineering,Staff,26,11.0,0,0.0,0
DTAA/RBY0065,2010-05-12,IT & Engineering,Staff,4,3.0,0,0.0,0
DTAA/SAH0192,2010-05-12,IT & Engineering,Staff,5,2.0,0,0.0,0
DTAA/MBZ0932,2010-05-12,IT & Engineering,Staff,2,1.0,0,0.0,0
DTAA/LCL0792,2010-05-12,IT & Engineering,Staff,2,1.0,0,0.0,0
DTAA/TRB0414,2010-05-12,IT & Engineering,Staff,3,1.0,0,0.0,0
DTAA/EFS0114,2010-05-12,IT & Engineering,Staff,2,2.0,0,0.0,0
DTAA/TQC0249,2010-05-12,IT & Engineering,Staff,2,1.0,0,0.0,0
DTAA/HPF0958,2010-05-12,IT & Engineering,Staff,2,1.0,0,0.0,0
DTAA/OKG0160,2010-05-12,IT & Engineering,Staff,3,1.0,0,0.0,0
DTAA/TLV0936,2010-05-12,IT & Engineering,Staff,2,1.0,0,0.0,0
DTAA/NWG0682,2010-05-12,IT & Engineering,Staff,2,1.0,0,0.0,0
DTAA/SSW0815,2010-05-12,IT & Engineering,Staff,2,1.0,0,0.0,0
DTAA/CLK0383,2010-05-12,IT & Engineering,Staff,3,1.0,0,0.0,0
DTAA/CKW0622,2010-05-12,IT & Engineering,Staff,2,1.0,0,0.0,0
DTAA/CPS0559,2010-05-12,IT & Engineering,Staff,3,1.0,0,0.0,0
DTAA/TKH0211,2010-05-12,IT & Engineering,Staff,2,2.0,0,0.0,0
DTAA/ALN0201,2010-05-12,IT & Engineering,Staff,2,2.0,0,0.0,0
DTAA/MVL0885,2010-05-12,IT & Engineering,Staff,2,1.0,0,0.0,0
DTAA/MHM0988,2010-05-12,IT & Engineering,Staff,2,1.0,0,0.0,0
DTAA/CCB0366,2010-05-12,IT & Engineering,Staff,2,2.0,0,0.0,0
DTAA/UBB0186,2010-05-12,IT & Engineering,Staff,2,1.0,0,0.0,0
DTAA/TGC0670,2010-05-12,IT & Engineering,Staff,3,1.0,0,0.0,0
DTAA/UAD0165,2010-05-12,IT & Engineering,Staff,2,2.0,0,0.0,0
DTAA/PKM0411,2010-05-12,IT & Engineering,Staff,2,2.0,0,0.0,0
DTAA/FDP0500,2010-05-12,IT & Engineering,Staff,5,2.0,0,0.0,0
DTAA/SAP0304,2010-05-12,IT & Engineering,Staff,2,1.0,0,0.0,0
DTAA/ZAB0889,2010-05-12,IT & Engineering,Staff,3,1.0,0,0.0,0
DTAA/ZCH0336,2010-05-12,IT & Engineering,Staff,2,1.0,0,0.0,0
DTAA/AZC0030,2010-05-12,IT & Engineering,Staff,2,1.0,0,0.0,0
DTAA/AOC0511,2010-05-12,IT & Engineering,Staff,2,1.0,0,0.0,0
DTAA/CBH0762,2010-05-12,IT & Engineering,Staff,2,1.0,0,0.0,0
DTAA/BLS0098,2010-05-12,IT & Engineering,Staff,2,0.0,0,0.0,0
DTAA/NCW0246,2010-05-12,IT & Engineering,Staff,3,0.0,0,0.0,0
DTAA/IMD0776,2010-05-12,IT & Engineering,Staff,2,0.0,0,0.0,0
DTAA/TLB0831,2010-05-12,IT & Engineering,Staff,2,0.0,0,0.0,0
DTAA/ZBH0980,2010-05-12,IT & Engineering,Staff,2,0.0,0,0.0,0
DTAA/QGM0222,2010-05-12,IT & Engineering,Staff,2,0.0,0,0.0,0
DTAA/TEG0502,2010-05-12,IT & Engineering,Staff,2,0.0,0,0.0,0
DTAA/ENB0293,2010-05-12,IT & Engineering,Staff,2,0.0,0,0.0,0
DTAA/ASV0049,2010-05-12,IT & Engineering,Staff,3,1.0,0,0.0,0
DTAA/LDG0406,2010-05-12,IT & Engineering,Staff,3,0.0,0,0.0,0
DTAA/WCM0391,2010-05-12,IT & Engineering,Staff,2,1.0,0,0.0,0
DTAA/ECT0491,2010-05-12,IT & Engineering,Staff,2,0.0,0,0.0,0
DTAA/JDM0940,2010-05-12,IT & Engineering,Staff,2,1.0,0,0.0,0
DTAA/BHH0460,2010-05-12,IT & Engineering,Staff,2,1.0,0,0.0,0
DTAA/QOH0361,2010-05-12,IT & Engineering,Staff,3,0.0,0,0.0,0
DTAA/SVM0756,2010-05-12,IT & Engineering,Staff,2,0.0,0,0.0,0
DTAA/CRJ0934,2010-05-12,IT & Engineering,Staff,2,0.0,0,0.0,0
DTAA/JBL0450,2010-05-12,IT & Engineering,Staff,2,1.0,0,0.0,0
DTAA/GML0105,2010-05-12,IT & Engineering,Staff,5,1.0,0,0.0,0
DTAA/OLR0984,2010-05-13,IT & Engineering,Staff,2,1.0,0,0.0,0
DTAA/IGC0415,2010-05-13,IT & Engineering,Staff,2,1.0,0,0.0,0
DTAA/SJH0907,2010-05-13,IT & Engineering,Staff,2,1.0,0,0.0,0
DTAA/SXH0895,2010-05-13,IT & Engineering,Staff,2,1.0,0,0.0,0
DTAA/FKR0550,2010-05-13,IT & Engineering,Staff,3,1.0,0,0.0,0
DTAA/SGS0352,2010-05-13,IT & Engineering,Staff,2,1.0,0,0.0,0
DTAA/HTG0554,2010-05-13,IT & Engineering,Staff,2,2.0,0,0.0,0
DTAA/NQC0925,2010-05-13,IT & Engineering,Staff,2,1.0,0,0.0,0
DTAA/KBP0188,2010-05-13,IT & Engineering,Staff,2,1.0,0,0.0,0
DTAA/BFO0438,2010-05-13,IT & Engineering,Staff,2,1.0,0,0.0,0
DTAA/CGM0319,2010-05-13,IT & Engineering,Staff,3,1.0,0,0.0,0
DTAA/AEC0750,2010-05-13,IT & Engineering,Staff,2,1.0,0,0.0,0
DTAA/KCH0987,2010-05-13,IT & Engineering,Staff,2,1.0,0,0.0,0
DTAA/ANS0172,2010-05-13,IT & Engineering,Staff,2,2.0,0,0.0,0
DTAA/PJL0320,2010-05-13,IT & Engineering,Staff,3,2.0,0,0.0,0
DTAA/CCB0496,2010-05-13,IT & Engineering,Staff,3,1.0,0,0.0,0
DTAA/JMP0200,2010-05-13,IT & Engineering,Staff,2,1.0,0,0.0,0
DTAA/BFV0911,2010-05-13,IT & Engineering,Staff,2,1.0,0,0.0,0
DTAA/ASP0799,2010-05-13,IT & Engineering,Staff,2,1.0,0,0.0,0
DTAA/SHS0608,2010-05-13,IT & Engineering,Staff,2,1.0,0,0.0,0
DTAA/RCR0864,2010-05-13,IT & Engineering,Staff,2,1.0,0,0.0,0
DTAA/KBC0337,2010-05-13,IT & Engineering,Staff,2,2.0,0,0.0,0
DTAA/FIM0668,2010-05-13,IT & Engineering,Staff,2,1.0,0,0.0,0
DTAA/KAD0059,2010-05-13,IT & Engineering,Staff,3,1.0,0,0.0,0
DTAA/WBW0591,2010-05-13,IT & Engineering,Staff,2,2.0,0,0.0,0
DTAA/TTG0637,2010-05-13,IT & Engineering,Staff,2,2.0,0,0.0,0
DTAA/RLS0935,2010-05-13,IT & Engineering,Staff,2,1.0,0,0.0,0
DTAA/NET0306,2010-05-13,IT & Engineering,Staff,2,1.0,0,0.0,0
DTAA/KJM0614,2010-05-13,IT & Engineering,Staff,3,2.0,0,0.0,0
DTAA/CMU0028,2010-05-13,IT & Engineering,Staff,2,1.0,0,0.0,0
DTAA/HBB0402,2010-05-13,IT & Engineering,Staff,5,1.0,0,0.0,0
DTAA/RJP0345,2010-05-13,IT & Engineering,Staff,3,1.0,0,0.0,0
DTAA/JLV0465,2010-05-13,IT & Engineering,Staff,2,1.0,0,0.0,0
DTAA/CCH0497,2010-05-13,IT & Engineering,Staff,2,2.0,0,0.0,0
DTAA/AMH0101,2010-05-13,IT & Engineering,Staff,2,1.0,0,0.0,0
DTAA/LGV0288,2010-05-13,IT & Engineering,Staff,2,0.0,0,0.0,0
DTAA/JLC0744,2010-05-13,IT & Engineering,Staff,2,1.0,0,0.0,0
DTAA/WSL0470,2010-05-13,IT & Engineering,Staff,2,0.0,0,0.0,0
DTAA/PAC0722,2010-05-13,IT & Engineering,Staff,2,1.0,0,0.0,0
DTAA/AWB0828,2010-05-13,IT & Engineering,Staff,2,0.0,0,0.0,0
DTAA/SGC0118,2010-05-13,IT & Engineering,Staff,2,0.0,0,0.0,0
DTAA/PTH0957,2010-05-13,IT & Engineering,Staff,2,1.0,0,0.0,0
DTAA/MRS0395,2010-05-13,IT & Engineering,Staff,2,0.0,0,0.0,0
DTAA/BPC0533,2010-05-13,IT & Engineering,Staff,3,1.0,0,0.0,0
DTAA/KGS0398,2010-05-13,IT & Engineering,Staff,2,1.0,0,0.0,0
DTAA/PBH0441,2010-05-13,IT & Engineering,Staff,2,1.0,0,0.0,0
DTAA/RAH0968,2010-05-13,IT & Engineering,Staff,2,0.0,0,0.0,0
DTAA/GCH0545,2010-05-13,IT & Engineering,Staff,2,1.0,0,0.0,0
DTAA/TXR0884,2010-05-13,IT & Engineering,Staff,2,1.0,0,0.0,0
DTAA/NJH0593,2010-05-13,IT & Engineering,Staff,2,0.0,0,0.0,0
DTAA/OZM0468,2010-05-13,IT & Engineering,Staff,2,0.0,0,0.0,0
DTAA/FGM0119,2010-05-13,IT & Engineering,Staff,2,0.0,0,0.0,0
DTAA/DAW0221,2010-05-13,IT & Engineering,Staff,2,1.0,0,0.0,0
DTAA/BCS0374,2010-05-13,IT & Engineering,Staff,2,1.0,0,0.0,0
DTAA/SGG0584,2010-05-13,IT & Engineering,Staff,3,1.0,0,0.0,0
DTAA/CRF0074,2010-05-13,IT & Engineering,Staff,3,1.0,0,0.0,0
DTAA/MCC0851,2010-05-13,IT & Engineering,Staff,2,0.0,0,0.0,0
DTAA/HNS0858,2010-05-14,IT & Engineering,Staff,4,3.0,0,0.0,0
DTAA/NHH0566,2010-05-14,IT & Engineering,Staff,5,3.0,0,0.0,0
DTAA/AJS0917,2010-05-14,IT & Engineering,Staff,2,1.0,0,0.0,0
DTAA/KPC0158,2010-05-14,IT & Engineering,Staff,2,1.0,0,0.0,0
DTAA/YCD0922,2010-05-14,IT & Engineering,Staff,2,1.0,0,0.0,0
DTAA/GRG0693,2010-05-14,IT & Engineering,Staff,3,2.0,0,0.0,0
DTAA/DBA0367,2010-05-14,IT & Engineering,Staff,2,1.0,0,0.0,0
DTAA/DBM0698,2010-05-14,IT & Engineering,Staff,3,1.0,0,0.0,0
DTAA/ABH0963,2010-05-14,IT & Engineering,Staff,2,1.0,0,0.0,0
DTAA/FLC0811,2010-05-14,IT & Engineering,Staff,2,1.0,0,0.0,0
DTAA/JXG0567,2010-05-14,IT & Engineering,Staff,2,2.0,0,0.0,0
DTAA/LBD0946,2010-05-14,IT & Engineering,Staff,2,1.0,0,0.0,0
DTAA/AGB0091,2010-05-14,IT & Engineering,Staff,2,1.0,0,0.0,0
DTAA/GTJ0243,2010-05-14,IT & Engineering,Staff,2,1.0,0,0.0,0
DTAA/GMF0571,2010-05-14,IT & Engineering,Staff,2,1.0,0,0.0,0
DTAA/HRK0729,2010-05-14,IT & Engineering,Staff,2,1.0,0,0.0,0
DTAA/EOS0972,2010-05-14,IT & Engineering,Staff,2,1.0,0,0.0,0
DTAA/KGC0456,2010-05-14,IT & Engineering,Staff,2,1.0,0,0.0,0
DTAA/JRP0458,2010-05-14,IT & Engineering,Staff,2,1.0,0,0.0,0
DTAA/OJG0866,2010-05-14,IT & Engineering,Staff,2,2.0,0,0.0,0
DTAA/ALW0250,2010-05-14,IT & Engineering,Staff,2,1.0,0,0.0,0
DTAA/ESB0080,2010-05-14,IT & Engineering,Staff,3,1.0,0,0.0,0
DTAA/DCC0600,2010-05-14,IT & Engineering,Staff,2,1.0,0,0.0,0
DTAA/GDG0184,2010-05-14,IT & Engineering,Staff,3,1.0,0,0.0,0
DTAA/KNH0719,2010-05-14,IT & Engineering,Staff,2,1.0,0,0.0,0
DTAA/HWG0148,2010-05-14,IT & Engineering,Staff,3,1.0,0,0.0,0
DTAA/AGF0088,2010-05-14,IT & Engineering,Staff,2,2.0,0,0.0,0
DTAA/BGN0054,2010-05-14,IT & Engineering,Staff,2,1.0,0,0.0,0
DTAA/ASR0539,2010-05-14,IT & Engineering,Staff,2,1.0,0,0.0,0
DTAA/CDS0300,2010-05-14,IT & Engineering,Staff,2,1.0,0,0.0,0
DTAA/EJB0888,2010-05-14,IT & Engineering,Staff,2,1.0,0,0.0,0
DTAA/ARK0026,2010-05-14,IT & Engineering,Staff,2,2.0,0,0.0,0
DTAA/VUF0522,2010-05-14,IT & Engineering,Staff,3,1.0,0,0.0,0
DTAA/HAS0430,2010-05-14,IT & Engineering,Staff,3,0.0,0,0.0,0
DTAA/AIC0321,2010-05-14,IT & Engineering,Staff,2,0.0,0,0.0,0
DTAA/MDC0595,2010-05-14,IT & Engineering,Staff,2,0.0,0,0.0,0
DTAA/ALK0520,2010-05-14,IT & Engineering,Staff,3,1.0,0,0.0,0
DTAA/LLB0843,2010-05-14,IT & Engineering,Staff,2,0.0,0,0.0,0
DTAA/JLC0711,2010-05-14,IT & Engineering,Staff,3,0.0,0,0.0,0
DTAA/RHP0688,2010-05-14,IT & Engineering,Staff,2,0.0,0,0.0,0
DTAA/NDH0807,2010-05-14,IT & Engineering,Staff,3,0.0,0,0.0,0
DTAA/WDW0485,2010-05-14,IT & Engineering,Staff,2,0.0,0,0.0,0
DTAA/SOM0478,2010-05-14,IT & Engineering,Staff,4,0.0,0,0.0,0
DTAA/QLW0941,2010-05-14,IT & Engineering,Staff,3,0.0,0,0.0,0
DTAA/CTF0687,2010-05-14,IT & Engineering,Staff,2,1.0,0,0.0,0
DTAA/GLB0715,2010-05-14,IT & Engineering,Staff,3,0.0,0,0.0,0
DTAA/SKB0263,2010-05-14,IT & Engineering,Staff,2,0.0,0,0.0,0
DTAA/BCH0912,2010-05-14,IT & Engineering,Staff,2,1.0,0,0.0,0
DTAA/AFD0868,2010-05-14,IT & Engineering,Staff,2,1.0,0,0.0,0
DTAA/SSC0047,2010-05-14,IT & Engineering,Staff,3,1.0,0,0.0,0
DTAA/WWC0894,2010-05-14,IT & Engineering,Staff,2,0.0,0,0.0,0
DTAA/ITC0131,2010-05-14,IT & Engineering,Staff,2,0.0,0,0.0,0
DTAA/CGM0994,2010-05-17,IT & Engineering,Staff,14,8.0,0,0.0,0
DTAA/MCH0530,2010-05-17,IT & Engineering,Staff,5,1.0,0,0.0,0
DTAA/KRC0021,2010-05-17,IT & Engineering,Staff,3,1.0,0,0.0,0
DTAA/AMA0606,2010-05-17,IT & Engineering,Staff,2,1.0,0,0.0,0
DTAA/PRR0982,2010-05-17,IT & Engineering,Staff,2,1.0,0,0.0,0
DTAA/HCR0795,2010-05-17,IT & Engineering,Staff,2,1.0,0,0.0,0
DTAA/CPM0959,2010-05-17,IT & Engineering,Staff,2,1.0,0,0.0,0
DTAA/HOO0224,2010-05-17,IT & Engineering,Staff,2,1.0,0,0.0,0
DTAA/JCT0410,2010-05-17,IT & Engineering,Staff,3,1.0,0,0.0,0
DTAA/CHS0324,2010-05-17,IT & Engineering,Staff,2,1.0,0,0.0,0
DTAA/DCB0462,2010-05-17,IT & Engineering,Staff,2,2.0,0,0.0,0
DTAA/WCN0570,2010-05-17,IT & Engineering,Staff,2,2.0,0,0.0,0
DTAA/SJB0751,2010-05-17,IT & Engineering,Staff,2,1.0,0,0.0,0
DTAA/RJP0286,2010-05-17,IT & Engineering,Staff,2,2.0,0,0.0,0
DTAA/FCG0115,2010-05-17,IT & Engineering,Staff,2,1.0,0,0.0,0
DTAA/BLB0079,2010-05-17,IT & Engineering,Staff,3,1.0,0,0.0,0
DTAA/JCL0752,2010-05-17,IT & Engineering,Staff,2,1.0,0,0.0,0
DTAA/IIR0475,2010-05-17,IT & Engineering,Staff,3,1.0,0,0.0,0
DTAA/MED0748,2010-05-17,IT & Engineering,Staff,2,1.0,0,0.0,0
DTAA/RKC0733,2010-05-17,IT & Engineering,Staff,2,2.0,0,0.0,0
DTAA/HRT0737,2010-05-17,IT & Engineering,Staff,2,1.0,0,0.0,0
DTAA/PRB0568,2010-05-17,IT & Engineering,Staff,2,1.0,0,0.0,0
DTAA/IAG0152,2010-05-17,IT & Engineering,Staff,2,2.0,0,0.0,0
DTAA/JDM0083,2010-05-17,IT & Engineering,Staff,2,1.0,0,0.0,0
DTAA/SND0611,2010-05-17,IT & Engineering,Staff,2,2.0,0,0.0,0
DTAA/HTC0607,2010-05-17,IT & Engineering,Staff,3,1.0,0,0.0,0
DTAA/EDR0642,2010-05-17,IT & Engineering,Staff,2,0.0,0,0.0,0
DTAA/AFN0918,2010-05-17,IT & Engineering,Staff,3,0.0,0,0.0,0
DTAA/EMM0782,2010-05-17,IT & Engineering,Staff,2,0.0,0,0.0,0
DTAA/XIN0791,2010-05-17,IT & Engineering,Staff,2,1.0,0,0.0,0
DTAA/DNM0143,2010-05-17,IT & Engineering,Staff,2,1.0,0,0.0,0
DTAA/PKH0542,2010-05-17,IT & Engineering,Staff,2,1.0,0,0.0,0
DTAA/SSV0560,2010-05-17,IT & Engineering,Staff,2,1.0,0,0.0,0
DTAA/DJC0162,2010-05-17,IT & Engineering,Staff,2,1.0,0,0.0,0
DTAA/GRS0372,2010-05-17,IT & Engineering,Staff,3,0.0,0,0.0,0
DTAA/HSH0981,2010-05-17,IT & Engineering,Staff,2,1.0,0,0.0,0
DTAA/HNR0891,2010-05-17,IT & Engineering,Staff,3,1.0,0,0.0,0
DTAA/AEW0730,2010-05-17,IT & Engineering,Staff,2,0.0,0,0.0,0
DTAA/DRN0845,2010-05-17,IT & Engineering,Staff,3,1.0,0,0.0,0
DTAA/ARR0758,2010-05-17,IT & Engineering,Staff,2,1.0,0,0.0,0
DTAA/KSP0927,2010-05-17,IT & Engineering,Staff,4,0.0,0,0.0,0
DTAA/SFS0308,2010-05-17,IT & Engineering,Staff,2,1.0,0,0.0,0
DTAA/MKN0234,2010-05-17,IT & Engineering,Staff,2,0.0,0,0.0,0
DTAA/RAC0282,2010-05-17,IT & Engineering,Staff,3,0.0,0,0.0,0
DTAA/AAH0734,2010-05-17,IT & Engineering,Staff,2,0.0,0,0.0,0
DTAA/BTH0358,2010-05-17,IT & Engineering,Staff,2,0.0,0,0.0,0
DTAA/SBK0108,2010-05-17,IT & Engineering,Staff,2,0.0,0,0.0,0
DTAA/THS0006,2010-05-17,IT & Engineering,Staff,2,0.0,0,0.0,0
DTAA/RDT0659,2010-05-17,IT & Engineering,Staff,3,0.0,0,0.0,0
DTAA/ORW0580,2010-05-17,IT & Engineering,Staff,2,1.0,0,0.0,0
DTAA/CGR0202,2010-05-17,IT & Engineering,Staff,2,0.0,0,0.0,0
DTAA/CCA0349,2010-05-17,IT & Engineering,Staff,2,1.0,0,0.0,0
DTAA/KUC0848,2010-05-17,IT & Engineering,Staff,2,1.0,0,0.0,0
DTAA/BCM0899,2010-05-17,IT & Engineering,Staff,2,1.0,0,0.0,0
DTAA/VAH0262,2010-05-17,IT & Engineering,Staff,3,1.0,0,0.0,0
DTAA/RAY0882,2010-05-17,IT & Engineering,Staff,3,0.0,0,0.0,0
DTAA/JGC0775,2010-05-18,IT & Engineering,Staff,5,4.0,0,0.0,0
DTAA/MCR0314,2010-05-18,IT & Engineering,Staff,2,1.0,0,0.0,0
DTAA/OAR0291,2010-05-18,IT & Engineering,Staff,3,1.0,0,0.0,0
DTAA/NJD0267,2010-05-18,IT & Engineering,Staff,2,1.0,0,0.0,0
DTAA/ZBM0626,2010-05-18,IT & Engineering,Staff,2,1.0,0,0.0,0
DTAA/LIB0089,2010-05-18,IT & Engineering,Staff,2,1.0,0,0.0,0
DTAA/MXM0838,2010-05-18,IT & Engineering,Staff,3,1.0,0,0.0,0
DTAA/BML0618,2010-05-18,IT & Engineering,Staff,2,2.0,0,0.0,0
DTAA/AJA0220,2010-05-18,IT & Engineering,Staff,3,1.0,0,0.0,0
DTAA/VFP0669,2010-05-18,IT & Engineering,Staff,3,1.0,0,0.0,0
DTAA/SCJ0498,2010-05-18,IT & Engineering,Staff,3,1.0,0,0.0,0
DTAA/RDH0117,2010-05-18,IT & Engineering,Staff,2,2.0,0,0.0,0
DTAA/BAB0505,2010-05-18,IT & Engineering,Staff,2,1.0,0,0.0,0
DTAA/AJM0302,2010-05-18,IT & Engineering,Staff,2,1.0,0,0.0,0
DTAA/MSH0322,2010-05-18,IT & Engineering,Staff,2,1.0,0,0.0,0
DTAA/ALS0087,2010-05-18,IT & Engineering,Staff,2,1.0,0,0.0,0
DTAA/JHM0408,2010-05-18,IT & Engineering,Staff,3,1.0,0,0.0,0
DTAA/DCF0307,2010-05-18,IT & Engineering,Staff,2,2.0,0,0.0,0
DTAA/CMC0814,2010-05-18,IT & Engineering,Staff,2,2.0,0,0.0,0
DTAA/FNO0471,2010-05-18,IT & Engineering,Staff,2,1.0,0,0.0,0
DTAA/WAH0813,2010-05-18,IT & Engineering,Staff,2,2.0,0,0.0,0
DTAA/ABD0833,2010-05-18,IT & Engineering,Staff,2,1.0,0,0.0,0
DTAA/SCK0576,2010-05-18,IT & Engineering,Staff,2,0.0,0,0.0,0
DTAA/HNK0421,2010-05-18,IT & Engineering,Staff,2,1.0,0,0.0,0
DTAA/BAM0466,2010-05-18,IT & Engineering,Staff,2,1.0,0,0.0,0
DTAA/MDT0356,2010-05-18,IT & Engineering,Staff,3,1.0,0,0.0,0
DTAA/CDS0110,2010-05-18,IT & Engineering,Staff,3,1.0,0,0.0,0
DTAA/BNN0072,2010-05-18,IT & Engineering,Staff,2,1.0,0,0.0,0
DTAA/PCM0846,2010-05-18,IT & Engineering,Staff,5,1.0,0,0.0,0
DTAA/HFC0680,2010-05-18,IT & Engineering,Staff,2,0.0,0,0.0,0
DTAA/CBR0208,2010-05-18,IT & Engineering,Staff,2,0.0,0,0.0,0
DTAA/SDM0333,2010-05-18,IT & Engineering,Staff,2,0.0,0,0.0,0
DTAA/SAS0433,2010-05-18,IT & Engineering,Staff,2,0.0,0,0.0,0
DTAA/MIH0429,2010-05-18,IT & Engineering,Staff,2,1.0,0,0.0,0
DTAA/ZCA0652,2010-05-18,IT & Engineering,Staff,3,0.0,0,0.0,0
DTAA/PAG0557,2010-05-18,IT & Engineering,Staff,2,1.0,0,0.0,0
DTAA/FTB0295,2010-05-18,IT & Engineering,Staff,2,0.0,0,0.0,0
DTAA/AKW0582,2010-05-18,IT & Engineering,Staff,3,0.0,0,0.0,0
DTAA/AEG0905,2010-05-18,IT & Engineering,Staff,2,1.0,0,0.0,0
DTAA/AXB0007,2010-05-18,IT & Engineering,Staff,2,0.0,0,0.0,0
DTAA/OIR0424,2010-05-18,IT & Engineering,Staff,2,1.0,0,0.0,0
DTAA/IMD0280,2010-05-18,IT & Engineering,Staff,2,1.0,0,0.0,0
DTAA/CTH0082,2010-05-18,IT & Engineering,Staff,2,1.0,0,0.0,0
DTAA/CAM0975,2010-05-18,IT & Engineering,Staff,2,0.0,0,0.0,0
DTAA/MBD0602,2010-05-18,IT & Engineering,Staff,2,0.0,0,0.0,0
DTAA/BDI0634,2010-05-18,IT & Engineering,Staff,2,1.0,0,0.0,0
DTAA/LCP0359,2010-05-18,IT & Engineering,Staff,2,1.0,0,0.0,0
DTAA/LAH0397,2010-05-18,IT & Engineering,Staff,2,1.0,0,0.0,0
DTAA/RAA0594,2010-05-18,IT & Engineering,Staff,2,1.0,0,0.0,0
DTAA/NJS0448,2010-05-18,IT & Engineering,Staff,2,1.0,0,0.0,0
DTAA/SIP0805,2010-05-18,IT & Engineering,Staff,2,0.0,0,0.0,0
DTAA/SKL0881,2010-05-18,IT & Engineering,Staff,3,1.0,0,0.0,0
DTAA/BCW0386,2010-05-18,IT & Engineering,Staff,2,0.0,0,0.0,0
DTAA/OLR0984,2010-05-19,IT & Engineering,Staff,2,1.0,0,0.0,0
DTAA/SJH0907,2010-05-19,IT & Engineering,Staff,2,1.0,0,0.0,0
DTAA/NQC0925,2010-05-19,IT & Engineering,Staff,2,1.0,0,0.0,0
DTAA/IGC0415,2010-05-19,IT & Engineering,Staff,2,1.0,0,0.0,0
DTAA/SGS0352,2010-05-19,IT & Engineering,Staff,2,1.0,0,0.0,0
DTAA/SXH0895,2010-05-19,IT & Engineering,Staff,2,1.0,0,0.0,0
DTAA/HTG0554,2010-05-19,IT & Engineering,Staff,2,2.0,0,0.0,0
DTAA/FKR0550,2010-05-19,IT & Engineering,Staff,3,1.0,0,0.0,0
DTAA/BFO0438,2010-05-19,IT & Engineering,Staff,2,1.0,0,0.0,0
DTAA/KCH0987,2010-05-19,IT & Engineering,Staff,2,1.0,0,0.0,0
DTAA/KBP0188,2010-05-19,IT & Engineering,Staff,2,1.0,0,0.0,0
DTAA/AEC0750,2010-05-19,IT & Engineering,Staff,2,1.0,0,0.0,0
DTAA/CGM0319,2010-05-19,IT & Engineering,Staff,3,1.0,0,0.0,0
DTAA/RCR0864,2010-05-19,IT & Engineering,Staff,2,1.0,0,0.0,0
DTAA/BFV0911,2010-05-19,IT & Engineering,Staff,2,1.0,0,0.0,0
DTAA/ANS0172,2010-05-19,IT & Engineering,Staff,2,2.0,0,0.0,0
DTAA/PJL0320,2010-05-19,IT & Engineering,Staff,3,2.0,0,0.0,0
DTAA/FIM0668,2010-05-19,IT & Engineering,Staff,2,1.0,0,0.0,0
DTAA/KBC0337,2010-05-19,IT & Engineering,Staff,2,2.0,0,0.0,0
DTAA/JMP0200,2010-05-19,IT & Engineering,Staff,2,1.0,0,0.0,0
DTAA/KAD0059,2010-05-19,IT & Engineering,Staff,3,1.0,0,0.0,0
DTAA/ASP0799,2010-05-19,IT & Engineering,Staff,2,1.0,0,0.0,0
DTAA/RLS0935,2010-05-19,IT & Engineering,Staff,2,1.0,0,0.0,0
DTAA/SHS0608,2010-05-19,IT & Engineering,Staff,2,1.0,0,0.0,0
DTAA/WBW0591,2010-05-19,IT & Engineering,Staff,2,2.0,0,0.0,0
DTAA/NET0306,2010-05-19,IT & Engineering,Staff,2,1.0,0,0.0,0
DTAA/JLV0465,2010-05-19,IT & Engineering,Staff,2,1.0,0,0.0,0
DTAA/AMH0101,2010-05-19,IT & Engineering,Staff,2,2.0,0,0.0,0
DTAA/HBB0402,2010-05-19,IT & Engineering,Staff,4,1.0,0,0.0,0
DTAA/KJM0614,2010-05-19,IT & Engineering,Staff,3,1.0,0,0.0,0
DTAA/CCH0497,2010-05-19,IT & Engineering,Staff,2,1.0,0,0.0,0
DTAA/LGV0288,2010-05-19,IT & Engineering,Staff,2,0.0,0,0.0,0
DTAA/TTG0637,2010-05-19,IT & Engineering,Staff,2,1.0,0,0.0,0
DTAA/WSL0470,2010-05-19,IT & Engineering,Staff,3,0.0,0,0.0,0
DTAA/CMU0028,2010-05-19,IT & Engineering,Staff,2,0.0,0,0.0,0
DTAA/JLC0744,2010-05-19,IT & Engineering,Staff,2,1.0,0,0.0,0
DTAA/RJP0345,2010-05-19,IT & Engineering,Staff,3,0.0,0,0.0,0
DTAA/SGC0118,2010-05-19,IT & Engineering,Staff,2,0.0,0,0.0,0
DTAA/PAC0722,2010-05-19,IT & Engineering,Staff,2,1.0,0,0.0,0
DTAA/AWB0828,2010-05-19,IT & Engineering,Staff,2,0.0,0,0.0,0
DTAA/PTH0957,2010-05-19,IT & Engineering,Staff,2,1.0,0,0.0,0
DTAA/KGS0398,2010-05-19,IT & Engineering,Staff,3,1.0,0,0.0,0
DTAA/MRS0395,2010-05-19,IT & Engineering,Staff,2,0.0,0,0.0,0
DTAA/GCH0545,2010-05-19,IT & Engineering,Staff,2,1.0,0,0.0,0
DTAA/BPC0533,2010-05-19,IT & Engineering,Staff,3,1.0,0,0.0,0
DTAA/NJH0593,2010-05-19,IT & Engineering,Staff,2,0.0,0,0.0,0
DTAA/OZM0468,2010-05-19,IT & Engineering,Staff,2,0.0,0,0.0,0
DTAA/PBH0441,2010-05-19,IT & Engineering,Staff,2,1.0,0,0.0,0
DTAA/TXR0884,2010-05-19,IT & Engineering,Staff,2,1.0,0,0.0,0
DTAA/RAH0968,2010-05-19,IT & Engineering,Staff,2,0.0,0,0.0,0
DTAA/BCS0374,2010-05-19,IT & Engineering,Staff,2,1.0,0,0.0,0
DTAA/FGM0119,2010-05-19,IT & Engineering,Staff,2,0.0,0,0.0,0
DTAA/MCC0851,2010-05-19,IT & Engineering,Staff,2,0.0,0,0.0,0
DTAA/DAW0221,2010-05-19,IT & Engineering,Staff,2,1.0,0,0.0,0
DTAA/SGG0584,2010-05-19,IT & Engineering,Staff,3,1.0,0,0.0,0
DTAA/CRF0074,2010-05-19,IT & Engineering,Staff,3,1.0,0,0.0,0
DTAA/NLD0701,2010-05-20,IT & Engineering,Staff,2,1.0,0,0.0,0
DTAA/DRH0790,2010-05-20,IT & Engineering,Staff,2,1.0,0,0.0,0
DTAA/RWD0210,2010-05-20,IT & Engineering,Staff,2,1.0,0,0.0,0
DTAA/YJJ0129,2010-05-20,IT & Engineering,Staff,4,3.0,0,0.0,0
DTAA/DSS0112,2010-05-20,IT & Engineering,Staff,3,1.0,0,0.0,0
DTAA/AKP0173,2010-05-20,IT & Engineering,Staff,2,1.0,0,0.0,0
DTAA/SLM0781,2010-05-20,IT & Engineering,Staff,3,2.0,0,0.0,0
DTAA/RCF0540,2010-05-20,IT & Engineering,Staff,2,1.0,0,0.0,0
DTAA/CGT0183,2010-05-20,IT & Engineering,Staff,2,2.0,0,0.0,0
DTAA/LAT0452,2010-05-20,IT & Engineering,Staff,2,2.0,0,0.0,0
DTAA/WFH0909,2010-05-20,IT & Engineering,Staff,2,1.0,0,0.0,0
DTAA/XXD0650,2010-05-20,IT & Engineering,Staff,2,1.0,0,0.0,0
DTAA/KAG0880,2010-05-20,IT & Engineering,Staff,3,1.0,0,0.0,0
DTAA/NJM0476,2010-05-20,IT & Engineering,Staff,2,2.0,0,0.0,0
DTAA/GMS0949,2010-05-20,IT & Engineering,Staff,2,1.0,0,0.0,0
DTAA/JMR0906,2010-05-20,IT & Engineering,Staff,2,1.0,0,0.0,0
DTAA/BIR0534,2010-05-20,IT & Engineering,Staff,3,1.0,0,0.0,0
DTAA/AAR0508,2010-05-20,IT & Engineering,Staff,2,1.0,0,0.0,0
DTAA/SSH0144,2010-05-20,IT & Engineering,Staff,3,1.0,0,0.0,0
DTAA/ARP0948,2010-05-20,IT & Engineering,Staff,2,1.0,0,0.0,0
DTAA/NMR0621,2010-05-20,IT & Engineering,Staff,3,1.0,0,0.0,0
DTAA/BBP0623,2010-05-20,IT & Engineering,Staff,2,1.0,0,0.0,0
DTAA/PRH0825,2010-05-20,IT & Engineering,Staff,2,1.0,0,0.0,0
DTAA/AAC0599,2010-05-20,IT & Engineering,Staff,2,1.0,0,0.0,0
DTAA/HCC0258,2010-05-20,IT & Engineering,Staff,3,2.0,0,0.0,0
DTAA/NNS0898,2010-05-20,IT & Engineering,Staff,2,1.0,0,0.0,0
DTAA/SCW0707,2010-05-20,IT & Engineering,Staff,3,1.0,0,0.0,0
DTAA/KSW0597,2010-05-20,IT & Engineering,Staff,2,1.0,0,0.0,0
DTAA/RIG0024,2010-05-20,IT & Engineering,Staff,2,1.0,0,0.0,0
DTAA/RRL0780,2010-05-20,IT & Engineering,Staff,3,0.0,0,0.0,0
DTAA/SIR0586,2010-05-20,IT & Engineering,Staff,2,0.0,0,0.0,0
DTAA/RSJ0328,2010-05-20,IT & Engineering,Staff,2,0.0,0,0.0,0
DTAA/TJP0714,2010-05-20,IT & Engineering,Staff,5,0.0,0,0.0,0
DTAA/SML0486,2010-05-20,IT & Engineering,Staff,3,1.0,0,0.0,0
DTAA/JXC0393,2010-05-20,IT & Engineering,Staff,3,0.0,0,0.0,0
DTAA/JSB0493,2010-05-20,IT & Engineering,Staff,3,1.0,0,0.0,0
DTAA/SBC0360,2010-05-20,IT & Engineering,Staff,2,0.0,0,0.0,0
DTAA/CGC0877,2010-05-20,IT & Engineering,Staff,2,1.0,0,0.0,0
DTAA/NRH0276,2010-05-20,IT & Engineering,Staff,2,0.0,0,0.0,0
DTAA/MTS0084,2010-05-20,IT & Engineering,Staff,2,1.0,0,0.0,0
DTAA/BAK0787,2010-05-20,IT & Engineering,Staff,2,0.0,0,0.0,0
DTAA/DKB0409,2010-05-20,IT & Engineering,Staff,2,0.0,0,0.0,0
DTAA/ALW0834,2010-05-20,IT & Engineering,Staff,3,0.0,0,0.0,0
DTAA/RJP0874,2010-05-20,IT & Engineering,Staff,2,0.0,0,0.0,0
DTAA/ARB0050,2010-05-20,IT & Engineering,Staff,2,1.0,0,0.0,0
DTAA/ANW0351,2010-05-20,IT & Engineering,Staff,2,0.0,0,0.0,0
DTAA/BZH0120,2010-05-20,IT & Engineering,Staff,2,1.0,0,0.0,0
DTAA/ARC0677,2010-05-20,IT & Engineering,Staff,2,1.0,0,0.0,0
DTAA/RRF0245,2010-05-20,IT & Engineering,Staff,2,1.0,0,0.0,0
DTAA/ABG0179,2010-05-20,IT & Engineering,Staff,2,0.0,0,0.0,0
DTAA/NAT0252,2010-05-20,IT & Engineering,Staff,2,1.0,0,0.0,0
DTAA/WPH0764,2010-05-20,IT & Engineering,Staff,2,1.0,0,0.0,0
DTAA/KMW0755,2010-05-20,IT & Engineering,Staff,2,1.0,0,0.0,0
DTAA/VNM0127,2010-05-21,IT & Engineering,Staff,4,3.0,0,0.0,0
DTAA/CBP0628,2010-05-21,IT & Engineering,Staff,2,2.0,0,0.0,0
DTAA/AKA0033,2010-05-21,IT & Engineering,Staff,2,1.0,0,0.0,0
DTAA/MWH0853,2010-05-21,IT & Engineering,Staff,2,1.0,0,0.0,0
DTAA/OTS0256,2010-05-21,IT & Engineering,Staff,2,1.0,0,0.0,0
DTAA/GJG0820,2010-05-21,IT & Engineering,Staff,2,1.0,0,0.0,0
DTAA/MTC0538,2010-05-21,IT & Engineering,Staff,2,1.0,0,0.0,0
DTAA/LND0767,2010-05-21,IT & Engineering,Staff,2,1.0,0,0.0,0
DTAA/DDJ0535,2010-05-21,IT & Engineering,Staff,2,1.0,0,0.0,0
DTAA/NWT0708,2010-05-21,IT & Engineering,Staff,2,1.0,0,0.0,0
DTAA/JJB0720,2010-05-21,IT & Engineering,Staff,2,1.0,0,0.0,0
DTAA/PVH0124,2010-05-21,IT & Engineering,Staff,2,1.0,0,0.0,0
DTAA/IMW0965,2010-05-21,IT & Engineering,Staff,2,1.0,0,0.0,0
DTAA/SWM0768,2010-05-21,IT & Engineering,Staff,2,2.0,0,0.0,0
DTAA/RDP0855,2010-05-21,IT & Engineering,Staff,2,1.0,0,0.0,0
DTAA/AKH0067,2010-05-21,IT & Engineering,Staff,2,1.0,0,0.0,0
DTAA/MMH0581,2010-05-21,IT & Engineering,Staff,3,2.0,0,0.0,0
DTAA/JJR0278,2010-05-21,IT & Engineering,Staff,3,1.0,0,0.0,0
DTAA/AID0577,2010-05-21,IT & Engineering,Staff,2,1.0,0,0.0,0
DTAA/AFO0022,2010-05-21,IT & Engineering,Staff,5,1.0,0,0.0,0
DTAA/CAH0921,2010-05-21,IT & Engineering,Staff,2,1.0,0,0.0,0
DTAA/DXM0213,2010-05-21,IT & Engineering,Staff,2,1.0,0,0.0,0
DTAA/NDH0524,2010-05-21,IT & Engineering,Staff,2,1.0,0,0.0,0
DTAA/GBR0420,2010-05-21,IT & Engineering,Staff,3,1.0,0,0.0,0
DTAA/AFG0122,2010-05-21,IT & Engineering,Staff,2,1.0,0,0.0,0
DTAA/ERP0254,2010-05-21,IT & Engineering,Staff,2,1.0,0,0.0,0
DTAA/EAR0695,2010-05-21,IT & Engineering,Staff,2,1.0,0,0.0,0
DTAA/HKO0796,2010-05-21,IT & Engineering,Staff,2,1.0,0,0.0,0
DTAA/LAL0170,2010-05-21,IT & Engineering,Staff,2,1.0,0,0.0,0
DTAA/AMM0661,2010-05-21,IT & Engineering,Staff,2,1.0,0,0.0,0
DTAA/ABL0836,2010-05-21,IT & Engineering,Staff,2,2.0,0,0.0,0
DTAA/JZV0159,2010-05-21,IT & Engineering,Staff,2,2.0,0,0.0,0
DTAA/HCR0525,2010-05-21,IT & Engineering,Staff,2,1.0,0,0.0,0
DTAA/KPB0665,2010-05-21,IT & Engineering,Staff,2,1.0,0,0.0,0
DTAA/RQH0770,2010-05-21,IT & Engineering,Staff,3,1.0,0,0.0,0
DTAA/WTA0867,2010-05-21,IT & Engineering,Staff,2,1.0,0,0.0,0
DTAA/KTC0285,2010-05-21,IT & Engineering,Staff,2,2.0,0,0.0,0
DTAA/XKR0971,2010-05-21,IT & Engineering,Staff,2,2.0,0,0.0,0
DTAA/EKB0587,2010-05-21,IT & Engineering,Staff,2,1.0,0,0.0,0
DTAA/LDB0961,2010-05-21,IT & Engineering,Staff,3,1.0,0,0.0,0
DTAA/AKM0969,2010-05-21,IT & Engineering,Staff,2,0.0,0,0.0,0
DTAA/MDS0742,2010-05-21,IT & Engineering,Staff,2,1.0,0,0.0,0
DTAA/SDC0032,2010-05-21,IT & Engineering,Staff,3,0.0,0,0.0,0
DTAA/DAG0754,2010-05-21,IT & Engineering,Staff,3,0.0,0,0.0,0
DTAA/HEG0785,2010-05-21,IT & Engineering,Staff,2,0.0,0,0.0,0
DTAA/HAG0649,2010-05-21,IT & Engineering,Staff,2,0.0,0,0.0,0
DTAA/AAC0344,2010-05-21,IT & Engineering,Staff,2,0.0,0,0.0,0
DTAA/KYH0920,2010-05-21,IT & Engineering,Staff,2,0.0,0,0.0,0
DTAA/CBR0104,2010-05-21,IT & Engineering,Staff,3,1.0,0,0.0,0
DTAA/BAF0379,2010-05-21,IT & Engineering,Staff,2,0.0,0,0.0,0
DTAA/IHD0259,2010-05-21,IT & Engineering,Staff,2,0.0,0,0.0,0
DTAA/CMM0900,2010-05-21,IT & Engineering,Staff,2,0.0,0,0.0,0
DTAA/KBB0983,2010-05-21,IT & Engineering,Staff,2,1.0,0,0.0,0
DTAA/IGB0310,2010-05-21,IT & Engineering,Staff,2,0.0,0,0.0,0
DTAA/PKM0092,2010-05-21,IT & Engineering,Staff,2,1.0,0,0.0,0
DTAA/SAM0954,2010-05-21,IT & Engineering,Staff,2,0.0,0,0.0,0
DTAA/SER0835,2010-05-21,IT & Engineering,Staff,2,1.0,0,0.0,0
DTAA/IWM0482,2010-05-21,IT & Engineering,Staff,2,0.0,0,0.0,0
DTAA/GNB0481,2010-05-21,IT & Engineering,Staff,2,0.0,0,0.0,0
DTAA/DWF0128,2010-05-21,IT & Engineering,Staff,2,1.0,0,0.0,0
DTAA/TER0923,2010-05-21,IT & Engineering,Staff,2,0.0,0,0.0,0
DTAA/CNS0950,2010-05-21,IT & Engineering,Staff,2,1.0,0,0.0,0
DTAA/CBC0653,2010-05-21,IT & Engineering,Staff,2,1.0,0,0.0,0
DTAA/ICB0779,2010-05-21,IT & Engineering,Staff,2,1.0,0,0.0,0
DTAA/TAO0639,2010-05-21,IT & Engineering,Staff,4,1.0,0,0.0,0
DTAA/DGM0240,2010-05-21,IT & Engineering,Staff,3,1.0,0,0.0,0
DTAA/LCK0551,2010-05-21,IT & Engineering,Staff,2,1.0,0,0.0,0
DTAA/RBC0583,2010-05-21,IT & Engineering,Staff,5,1.0,0,0.0,0
DTAA/TCH0230,2010-05-21,IT & Engineering,Staff,2,0.0,0,0.0,0
DTAA/NLD0701,2010-05-24,IT & Engineering,Staff,2,1.0,0,0.0,0
DTAA/DRH0790,2010-05-24,IT & Engineering,Staff,2,1.0,0,0.0,0
DTAA/RWD0210,2010-05-24,IT & Engineering,Staff,2,1.0,0,0.0,0
DTAA/YJJ0129,2010-05-24,IT & Engineering,Staff,2,1.0,0,0.0,0
DTAA/SLM0781,2010-05-24,IT & Engineering,Staff,2,2.0,0,0.0,0
DTAA/AKP0173,2010-05-24,IT & Engineering,Staff,2,1.0,0,0.0,0
DTAA/DSS0112,2010-05-24,IT & Engineering,Staff,3,1.0,0,0.0,0
DTAA/LAT0452,2010-05-24,IT & Engineering,Staff,2,2.0,0,0.0,0
DTAA/CGT0183,2010-05-24,IT & Engineering,Staff,2,2.0,0,0.0,0
DTAA/KAG0880,2010-05-24,IT & Engineering,Staff,3,1.0,0,0.0,0
DTAA/WFH0909,2010-05-24,IT & Engineering,Staff,2,1.0,0,0.0,0
DTAA/XXD0650,2010-05-24,IT & Engineering,Staff,2,1.0,0,0.0,0
DTAA/RCF0540,2010-05-24,IT & Engineering,Staff,2,1.0,0,0.0,0
DTAA/AAR0508,2010-05-24,IT & Engineering,Staff,2,1.0,0,0.0,0
DTAA/JMR0906,2010-05-24,IT & Engineering,Staff,2,1.0,0,0.0,0
DTAA/GMS0949,2010-05-24,IT & Engineering,Staff,2,1.0,0,0.0,0
DTAA/PSP0555,2010-05-24,IT & Engineering,Staff,3,1.0,0,0.0,0
DTAA/BIR0534,2010-05-24,IT & Engineering,Staff,5,1.0,0,0.0,0
DTAA/BBP0623,2010-05-24,IT & Engineering,Staff,2,1.0,0,0.0,0
DTAA/PRH0825,2010-05-24,IT & Engineering,Staff,2,1.0,0,0.0,0
DTAA/AAC0599,2010-05-24,IT & Engineering,Staff,2,1.0,0,0.0,0
DTAA/RSJ0328,2010-05-24,IT & Engineering,Staff,2,1.0,0,0.0,0
DTAA/RRL0780,2010-05-24,IT & Engineering,Staff,3,1.0,0,0.0,0
DTAA/NJM0476,2010-05-24,IT & Engineering,Staff,2,2.0,0,0.0,0
DTAA/SIR0586,2010-05-24,IT & Engineering,Staff,2,1.0,0,0.0,0
DTAA/RIG0024,2010-05-24,IT & Engineering,Staff,2,0.0,0,0.0,0
DTAA/ARP0948,2010-05-24,IT & Engineering,Staff,2,0.0,0,0.0,0
DTAA/KSW0597,2010-05-24,IT & Engineering,Staff,2,1.0,0,0.0,0
DTAA/NNS0898,2010-05-24,IT & Engineering,Staff,2,0.0,0,0.0,0
DTAA/HCC0258,2010-05-24,IT & Engineering,Staff,3,1.0,0,0.0,0
DTAA/SSH0144,2010-05-24,IT & Engineering,Staff,3,0.0,0,0.0,0
DTAA/NMR0621,2010-05-24,IT & Engineering,Staff,3,0.0,0,0.0,0
DTAA/JXC0393,2010-05-24,IT & Engineering,Staff,3,0.0,0,0.0,0
DTAA/SML0486,2010-05-24,IT & Engineering,Staff,3,1.0,0,0.0,0
DTAA/TJP0714,2010-05-24,IT & Engineering,Staff,3,0.0,0,0.0,0
DTAA/AIB0797,2010-05-24,IT & Engineering,Staff,2,1.0,0,0.0,0
DTAA/CGC0877,2010-05-24,IT & Engineering,Staff,2,1.0,0,0.0,0
DTAA/SBC0360,2010-05-24,IT & Engineering,Staff,2,0.0,0,0.0,0
DTAA/ANW0351,2010-05-24,IT & Engineering,Staff,2,0.0,0,0.0,0
DTAA/BZH0120,2010-05-24,IT & Engineering,Staff,2,1.0,0,0.0,0
DTAA/RJP0874,2010-05-24,IT & Engineering,Staff,2,0.0,0,0.0,0
DTAA/NRH0276,2010-05-24,IT & Engineering,Staff,2,0.0,0,0.0,0
DTAA/BAK0787,2010-05-24,IT & Engineering,Staff,2,0.0,0,0.0,0
DTAA/DKB0409,2010-05-24,IT & Engineering,Staff,2,0.0,0,0.0,0
DTAA/MTS0084,2010-05-24,IT & Engineering,Staff,2,1.0,0,0.0,0
DTAA/ARB0050,2010-05-24,IT & Engineering,Staff,2,1.0,0,0.0,0
DTAA/ALW0834,2010-05-24,IT & Engineering,Staff,3,0.0,0,0.0,0
DTAA/ABG0179,2010-05-24,IT & Engineering,Staff,2,0.0,0,0.0,0
DTAA/ARC0677,2010-05-24,IT & Engineering,Staff,5,3.0,0,0.0,0
DTAA/RRF0245,2010-05-24,IT & Engineering,Staff,2,1.0,0,0.0,0
DTAA/WPH0764,2010-05-24,IT & Engineering,Staff,2,1.0,0,0.0,0
DTAA/KMW0755,2010-05-24,IT & Engineering,Staff,2,1.0,0,0.0,0
DTAA/NAT0252,2010-05-24,IT & Engineering,Staff,2,1.0,0,0.0,0
DTAA/PCM0846,2010-05-25,IT & Engineering,Staff,5,3.0,0,0.0,0
DTAA/MCR0314,2010-05-25,IT & Engineering,Staff,2,1.0,0,0.0,0
DTAA/OAR0291,2010-05-25,IT & Engineering,Staff,2,1.0,0,0.0,0
DTAA/ZBM0626,2010-05-25,IT & Engineering,Staff,2,1.0,0,0.0,0
DTAA/NJD0267,2010-05-25,IT & Engineering,Staff,2,1.0,0,0.0,0
DTAA/JGC0775,2010-05-25,IT & Engineering,Staff,3,2.0,0,0.0,0
DTAA/LIB0089,2010-05-25,IT & Engineering,Staff,2,1.0,0,0.0,0
DTAA/BML0618,2010-05-25,IT & Engineering,Staff,2,2.0,0,0.0,0
DTAA/AJA0220,2010-05-25,IT & Engineering,Staff,3,1.0,0,0.0,0
DTAA/AJM0302,2010-05-25,IT & Engineering,Staff,2,1.0,0,0.0,0
DTAA/MSH0322,2010-05-25,IT & Engineering,Staff,2,1.0,0,0.0,0
DTAA/VFP0669,2010-05-25,IT & Engineering,Staff,2,1.0,0,0.0,0
DTAA/RDH0117,2010-05-25,IT & Engineering,Staff,2,2.0,0,0.0,0
DTAA/BAB0505,2010-05-25,IT & Engineering,Staff,2,1.0,0,0.0,0
DTAA/SCJ0498,2010-05-25,IT & Engineering,Staff,2,1.0,0,0.0,0
DTAA/WAH0813,2010-05-25,IT & Engineering,Staff,2,2.0,0,0.0,0
DTAA/ABD0833,2010-05-25,IT & Engineering,Staff,2,1.0,0,0.0,0
DTAA/JHM0408,2010-05-25,IT & Engineering,Staff,3,1.0,0,0.0,0
DTAA/CMC0814,2010-05-25,IT & Engineering,Staff,2,2.0,0,0.0,0
DTAA/ALS0087,2010-05-25,IT & Engineering,Staff,2,1.0,0,0.0,0
DTAA/SCK0576,2010-05-25,IT & Engineering,Staff,2,1.0,0,0.0,0
DTAA/MDT0356,2010-05-25,IT & Engineering,Staff,2,1.0,0,0.0,0
DTAA/HNK0421,2010-05-25,IT & Engineering,Staff,2,1.0,0,0.0,0
DTAA/FNO0471,2010-05-25,IT & Engineering,Staff,2,1.0,0,0.0,0
DTAA/CBR0208,2010-05-25,IT & Engineering,Staff,2,0.0,0,0.0,0
DTAA/DCF0307,2010-05-25,IT & Engineering,Staff,2,1.0,0,0.0,0
DTAA/BAM0466,2010-05-25,IT & Engineering,Staff,2,1.0,0,0.0,0
DTAA/CDS0110,2010-05-25,IT & Engineering,Staff,3,0.0,0,0.0,0
DTAA/BNN0072,2010-05-25,IT & Engineering,Staff,2,1.0,0,0.0,0
DTAA/SDM0333,2010-05-25,IT & Engineering,Staff,2,0.0,0,0.0,0
DTAA/SAS0433,2010-05-25,IT & Engineering,Staff,2,0.0,0,0.0,0
DTAA/HFC0680,2010-05-25,IT & Engineering,Staff,2,0.0,0,0.0,0
DTAA/PAG0557,2010-05-25,IT & Engineering,Staff,2,1.0,0,0.0,0
DTAA/MIH0429,2010-05-25,IT & Engineering,Staff,2,1.0,0,0.0,0
DTAA/OIR0424,2010-05-25,IT & Engineering,Staff,2,1.0,0,0.0,0
DTAA/AKW0582,2010-05-25,IT & Engineering,Staff,3,0.0,0,0.0,0
DTAA/ZCA0652,2010-05-25,IT & Engineering,Staff,3,0.0,0,0.0,0
DTAA/FTB0295,2010-05-25,IT & Engineering,Staff,2,0.0,0,0.0,0
DTAA/AEG0905,2010-05-25,IT & Engineering,Staff,2,1.0,0,0.0,0
DTAA/AXB0007,2010-05-25,IT & Engineering,Staff,2,0.0,0,0.0,0
DTAA/LCP0359,2010-05-25,IT & Engineering,Staff,2,1.0,0,0.0,0
DTAA/CAM0975,2010-05-25,IT & Engineering,Staff,2,0.0,0,0.0,0
DTAA/CTH0082,2010-05-25,IT & Engineering,Staff,2,1.0,0,0.0,0
DTAA/BDI0634,2010-05-25,IT & Engineering,Staff,2,1.0,0,0.0,0
DTAA/IMD0280,2010-05-25,IT & Engineering,Staff,2,1.0,0,0.0,0
DTAA/MBD0602,2010-05-25,IT & Engineering,Staff,2,0.0,0,0.0,0
DTAA/NJS0448,2010-05-25,IT & Engineering,Staff,3,1.0,0,0.0,0
DTAA/RAA0594,2010-05-25,IT & Engineering,Staff,2,0.0,0,0.0,0
DTAA/SIP0805,2010-05-25,IT & Engineering,Staff,2,0.0,0,0.0,0
DTAA/LAH0397,2010-05-25,IT & Engineering,Staff,2,1.0,0,0.0,0
DTAA/SKL0881,2010-05-25,IT & Engineering,Staff,3,1.0,0,0.0,0
DTAA/BCW0386,2010-05-25,IT & Engineering,Staff,2,0.0,0,0.0,0
DTAA/MWH0853,2010-05-26,IT & Engineering,Staff,2,1.0,0,0.0,0
DTAA/CBP0628,2010-05-26,IT & Engineering,Staff,2,2.0,0,0.0,0
DTAA/AKA0033,2010-05-26,IT & Engineering,Staff,2,1.0,0,0.0,0
DTAA/OTS0256,2010-05-26,IT & Engineering,Staff,2,1.0,0,0.0,0
DTAA/GJG0820,2010-05-26,IT & Engineering,Staff,2,1.0,0,0.0,0
DTAA/NWT0708,2010-05-26,IT & Engineering,Staff,2,1.0,0,0.0,0
DTAA/MTC0538,2010-05-26,IT & Engineering,Staff,2,1.0,0,0.0,0
DTAA/DDJ0535,2010-05-26,IT & Engineering,Staff,2,1.0,0,0.0,0
DTAA/AID0577,2010-05-26,IT & Engineering,Staff,2,1.0,0,0.0,0
DTAA/AKH0067,2010-05-26,IT & Engineering,Staff,2,1.0,0,0.0,0
DTAA/JJB0720,2010-05-26,IT & Engineering,Staff,2,1.0,0,0.0,0
DTAA/RDP0855,2010-05-26,IT & Engineering,Staff,2,1.0,0,0.0,0
DTAA/DXM0213,2010-05-26,IT & Engineering,Staff,2,1.0,0,0.0,0
DTAA/SWM0768,2010-05-26,IT & Engineering,Staff,2,2.0,0,0.0,0
DTAA/MMH0581,2010-05-26,IT & Engineering,Staff,3,2.0,0,0.0,0
DTAA/IMW0965,2010-05-26,IT & Engineering,Staff,2,1.0,0,0.0,0
DTAA/LND0767,2010-05-26,IT & Engineering,Staff,2,1.0,0,0.0,0
DTAA/PVH0124,2010-05-26,IT & Engineering,Staff,2,1.0,0,0.0,0
DTAA/WTA0867,2010-05-26,IT & Engineering,Staff,2,1.0,0,0.0,0
DTAA/GBR0420,2010-05-26,IT & Engineering,Staff,3,1.0,0,0.0,0
DTAA/HKO0796,2010-05-26,IT & Engineering,Staff,2,1.0,0,0.0,0
DTAA/ERP0254,2010-05-26,IT & Engineering,Staff,4,1.0,0,0.0,0
DTAA/NDH0524,2010-05-26,IT & Engineering,Staff,2,1.0,0,0.0,0
DTAA/CAH0921,2010-05-26,IT & Engineering,Staff,2,1.0,0,0.0,0
DTAA/AFO0022,2010-05-26,IT & Engineering,Staff,3,1.0,0,0.0,0
DTAA/AMM0661,2010-05-26,IT & Engineering,Staff,2,1.0,0,0.0,0
DTAA/AFG0122,2010-05-26,IT & Engineering,Staff,2,1.0,0,0.0,0
DTAA/EAR0695,2010-05-26,IT & Engineering,Staff,2,1.0,0,0.0,0
DTAA/JZV0159,2010-05-26,IT & Engineering,Staff,2,2.0,0,0.0,0
DTAA/LAL0170,2010-05-26,IT & Engineering,Staff,2,1.0,0,0.0,0
DTAA/KPB0665,2010-05-26,IT & Engineering,Staff,2,1.0,0,0.0,0
DTAA/RQH0770,2010-05-26,IT & Engineering,Staff,2,1.0,0,0.0,0
DTAA/HCR0525,2010-05-26,IT & Engineering,Staff,2,1.0,0,0.0,0
DTAA/KTC0285,2010-05-26,IT & Engineering,Staff,2,2.0,0,0.0,0
DTAA/HAG0649,2010-05-26,IT & Engineering,Staff,3,0.0,0,0.0,0
DTAA/AKM0969,2010-05-26,IT & Engineering,Staff,2,0.0,0,0.0,0
DTAA/EKB0587,2010-05-26,IT & Engineering,Staff,2,1.0,0,0.0,0
DTAA/IHD0259,2010-05-26,IT & Engineering,Staff,2,0.0,0,0.0,0
DTAA/LDB0961,2010-05-26,IT & Engineering,Staff,3,1.0,0,0.0,0
DTAA/ABL0836,2010-05-26,IT & Engineering,Staff,2,1.0,0,0.0,0
DTAA/DAG0754,2010-05-26,IT & Engineering,Staff,2,0.0,0,0.0,0
DTAA/AAC0344,2010-05-26,IT & Engineering,Staff,2,0.0,0,0.0,0
DTAA/CBR0104,2010-05-26,IT & Engineering,Staff,2,1.0,0,0.0,0
DTAA/MDS0742,2010-05-26,IT & Engineering,Staff,2,1.0,0,0.0,0
DTAA/HEG0785,2010-05-26,IT & Engineering,Staff,2,0.0,0,0.0,0
DTAA/CMM0900,2010-05-26,IT & Engineering,Staff,2,0.0,0,0.0,0
DTAA/BAF0379,2010-05-26,IT & Engineering,Staff,2,0.0,0,0.0,0
DTAA/KYH0920,2010-05-26,IT & Engineering,Staff,2,0.0,0,0.0,0
DTAA/SAM0954,2010-05-26,IT & Engineering,Staff,2,0.0,0,0.0,0
DTAA/SER0835,2010-05-26,IT & Engineering,Staff,2,1.0,0,0.0,0
DTAA/KBB0983,2010-05-26,IT & Engineering,Staff,2,1.0,0,0.0,0
DTAA/IWM0482,2010-05-26,IT & Engineering,Staff,2,0.0,0,0.0,0
DTAA/IGB0310,2010-05-26,IT & Engineering,Staff,2,0.0,0,0.0,0
DTAA/GNB0481,2010-05-26,IT & Engineering,Staff,2,0.0,0,0.0,0
DTAA/PKM0092,2010-05-26,IT & Engineering,Staff,3,1.0,0,0.0,0
DTAA/DWF0128,2010-05-26,IT & Engineering,Staff,3,0.0,0,0.0,0
DTAA/CNS0950,2010-05-26,IT & Engineering,Staff,2,1.0,0,0.0,0
DTAA/CBC0653,2010-05-26,IT & Engineering,Staff,2,1.0,0,0.0,0
DTAA/TER0923,2010-05-26,IT & Engineering,Staff,2,0.0,0,0.0,0
DTAA/ICB0779,2010-05-26,IT & Engineering,Staff,2,1.0,0,0.0,0
DTAA/LCK0551,2010-05-26,IT & Engineering,Staff,2,1.0,0,0.0,0
DTAA/DGM0240,2010-05-26,IT & Engineering,Staff,3,1.0,0,0.0,0
DTAA/RBC0583,2010-05-26,IT & Engineering,Staff,3,1.0,0,0.0,0
DTAA/TCH0230,2010-05-26,IT & Engineering,Staff,2,0.0,0,0.0,0
DTAA/JCC0998,2010-05-27,IT & Engineering,Staff,6,5.0,0,0.0,0
DTAA/LCL0792,2010-05-27,IT & Engineering,Staff,2,1.0,0,0.0,0
DTAA/MBZ0932,2010-05-27,IT & Engineering,Staff,2,1.0,0,0.0,0
DTAA/TRB0414,2010-05-27,IT & Engineering,Staff,5,1.0,0,0.0,0
DTAA/TQC0249,2010-05-27,IT & Engineering,Staff,2,1.0,0,0.0,0
DTAA/HPF0958,2010-05-27,IT & Engineering,Staff,2,1.0,0,0.0,0
DTAA/EFS0114,2010-05-27,IT & Engineering,Staff,2,2.0,0,0.0,0
DTAA/SSW0815,2010-05-27,IT & Engineering,Staff,2,1.0,0,0.0,0
DTAA/OKG0160,2010-05-27,IT & Engineering,Staff,3,1.0,0,0.0,0
DTAA/RBY0065,2010-05-27,IT & Engineering,Staff,2,1.0,0,0.0,0
DTAA/TLV0936,2010-05-27,IT & Engineering,Staff,2,1.0,0,0.0,0
DTAA/NWG0682,2010-05-27,IT & Engineering,Staff,2,1.0,0,0.0,0
DTAA/ALN0201,2010-05-27,IT & Engineering,Staff,2,2.0,0,0.0,0
DTAA/CKW0622,2010-05-27,IT & Engineering,Staff,2,1.0,0,0.0,0
DTAA/CCB0366,2010-05-27,IT & Engineering,Staff,2,2.0,0,0.0,0
DTAA/CPS0559,2010-05-27,IT & Engineering,Staff,3,1.0,0,0.0,0
DTAA/AGW0182,2010-05-27,IT & Engineering,Staff,3,1.0,0,0.0,0
DTAA/CLK0383,2010-05-27,IT & Engineering,Staff,5,1.0,0,0.0,0
DTAA/UAD0165,2010-05-27,IT & Engineering,Staff,2,2.0,0,0.0,0
DTAA/MVL0885,2010-05-27,IT & Engineering,Staff,2,1.0,0,0.0,0
DTAA/MHM0988,2010-05-27,IT & Engineering,Staff,2,1.0,0,0.0,0
DTAA/TGC0670,2010-05-27,IT & Engineering,Staff,3,1.0,0,0.0,0
DTAA/UBB0186,2010-05-27,IT & Engineering,Staff,2,1.0,0,0.0,0
DTAA/ZCH0336,2010-05-27,IT & Engineering,Staff,2,1.0,0,0.0,0
DTAA/BLS0098,2010-05-27,IT & Engineering,Staff,2,2.0,0,0.0,0
DTAA/PKM0411,2010-05-27,IT & Engineering,Staff,2,2.0,0,0.0,0
DTAA/IMD0776,2010-05-27,IT & Engineering,Staff,2,1.0,0,0.0,0
DTAA/ZAB0889,2010-05-27,IT & Engineering,Staff,3,2.0,0,0.0,0
DTAA/NCW0246,2010-05-27,IT & Engineering,Staff,3,1.0,0,0.0,0
DTAA/TLB0831,2010-05-27,IT & Engineering,Staff,2,1.0,0,0.0,0
DTAA/AOC0511,2010-05-27,IT & Engineering,Staff,2,0.0,0,0.0,0
DTAA/ENB0293,2010-05-27,IT & Engineering,Staff,2,0.0,0,0.0,0
DTAA/QGM0222,2010-05-27,IT & Engineering,Staff,2,0.0,0,0.0,0
DTAA/WCM0391,2010-05-27,IT & Engineering,Staff,2,1.0,0,0.0,0
DTAA/CBH0762,2010-05-27,IT & Engineering,Staff,2,0.0,0,0.0,0
DTAA/SAP0304,2010-05-27,IT & Engineering,Staff,3,0.0,0,0.0,0
DTAA/TEG0502,2010-05-27,IT & Engineering,Staff,2,0.0,0,0.0,0
DTAA/ZBH0980,2010-05-27,IT & Engineering,Staff,2,0.0,0,0.0,0
DTAA/LPG0099,2010-05-27,IT & Engineering,Staff,5,0.0,0,0.0,0
DTAA/ASV0049,2010-05-27,IT & Engineering,Staff,2,1.0,0,0.0,0
DTAA/ECT0491,2010-05-27,IT & Engineering,Staff,2,0.0,0,0.0,0
DTAA/LDG0406,2010-05-27,IT & Engineering,Staff,2,0.0,0,0.0,0
DTAA/DFZ0063,2010-05-27,IT & Engineering,Staff,3,0.0,0,0.0,0
DTAA/JDM0940,2010-05-27,IT & Engineering,Staff,2,1.0,0,0.0,0
DTAA/SVM0756,2010-05-27,IT & Engineering,Staff,2,0.0,0,0.0,0
DTAA/JSW0180,2010-05-27,IT & Engineering,Staff,2,0.0,0,0.0,0
DTAA/NHL0253,2010-05-27,IT & Engineering,Staff,4,0.0,0,0.0,0
DTAA/QOH0361,2010-05-27,IT & Engineering,Staff,2,0.0,0,0.0,0
DTAA/CRJ0934,2010-05-27,IT & Engineering,Staff,2,0.0,0,0.0,0
DTAA/BHH0460,2010-05-27,IT & Engineering,Staff,2,1.0,0,0.0,0
DTAA/JBL0450,2010-05-27,IT & Engineering,Staff,2,1.0,0,0.0,0
DTAA/GML0105,2010-05-27,IT & Engineering,Staff,3,1.0,0,0.0,0
DTAA/CTH0082,2010-05-28,IT & Engineering,Staff,4,3.0,0,0.0,0
DTAA/MCR0314,2010-05-28,IT & Engineering,Staff,2,1.0,0,0.0,0
DTAA/NJD0267,2010-05-28,IT & Engineering,Staff,2,1.0,0,0.0,0
DTAA/ZBM0626,2010-05-28,IT & Engineering,Staff,2,1.0,0,0.0,0
DTAA/OAR0291,2010-05-28,IT & Engineering,Staff,3,1.0,0,0.0,0
DTAA/LIB0089,2010-05-28,IT & Engineering,Staff,2,1.0,0,0.0,0
DTAA/JGC0775,2010-05-28,IT & Engineering,Staff,3,2.0,0,0.0,0
DTAA/RDH0117,2010-05-28,IT & Engineering,Staff,2,2.0,0,0.0,0
DTAA/BML0618,2010-05-28,IT & Engineering,Staff,2,2.0,0,0.0,0
DTAA/AJM0302,2010-05-28,IT & Engineering,Staff,2,1.0,0,0.0,0
DTAA/JHM0408,2010-05-28,IT & Engineering,Staff,2,1.0,0,0.0,0
DTAA/CMC0814,2010-05-28,IT & Engineering,Staff,2,2.0,0,0.0,0
DTAA/VFP0669,2010-05-28,IT & Engineering,Staff,3,1.0,0,0.0,0
DTAA/BAB0505,2010-05-28,IT & Engineering,Staff,2,1.0,0,0.0,0
DTAA/ABD0833,2010-05-28,IT & Engineering,Staff,2,1.0,0,0.0,0
DTAA/DCF0307,2010-05-28,IT & Engineering,Staff,2,1.0,0,0.0,0
DTAA/MSH0322,2010-05-28,IT & Engineering,Staff,2,1.0,0,0.0,0
DTAA/SCJ0498,2010-05-28,IT & Engineering,Staff,3,1.0,0,0.0,0
DTAA/CDS0110,2010-05-28,IT & Engineering,Staff,3,1.0,0,0.0,0
DTAA/BAM0466,2010-05-28,IT & Engineering,Staff,2,2.0,0,0.0,0
DTAA/FNO0471,2010-05-28,IT & Engineering,Staff,2,1.0,0,0.0,0
DTAA/ALS0087,2010-05-28,IT & Engineering,Staff,2,0.0,0,0.0,0
DTAA/MDT0356,2010-05-28,IT & Engineering,Staff,3,0.0,0,0.0,0
DTAA/HNK0421,2010-05-28,IT & Engineering,Staff,2,0.0,0,0.0,0
DTAA/SDM0333,2010-05-28,IT & Engineering,Staff,2,0.0,0,0.0,0
DTAA/SCK0576,2010-05-28,IT & Engineering,Staff,2,0.0,0,0.0,0
DTAA/WAH0813,2010-05-28,IT & Engineering,Staff,2,0.0,0,0.0,0
DTAA/SAS0433,2010-05-28,IT & Engineering,Staff,2,0.0,0,0.0,0
DTAA/CBR0208,2010-05-28,IT & Engineering,Staff,2,0.0,0,0.0,0
DTAA/HCG0731,2010-05-28,IT & Engineering,Staff,3,1.0,0,0.0,0
DTAA/BNN0072,2010-05-28,IT & Engineering,Staff,2,1.0,0,0.0,0
DTAA/HFC0680,2010-05-28,IT & Engineering,Staff,2,0.0,0,0.0,0
DTAA/MIH0429,2010-05-28,IT & Engineering,Staff,2,1.0,0,0.0,0
DTAA/PCM0846,2010-05-28,IT & Engineering,Staff,5,1.0,0,0.0,0
DTAA/AXB0007,2010-05-28,IT & Engineering,Staff,2,0.0,0,0.0,0
DTAA/OIR0424,2010-05-28,IT & Engineering,Staff,2,1.0,0,0.0,0
DTAA/AEG0905,2010-05-28,IT & Engineering,Staff,2,1.0,0,0.0,0
DTAA/AKW0582,2010-05-28,IT & Engineering,Staff,3,0.0,0,0.0,0
DTAA/PAG0557,2010-05-28,IT & Engineering,Staff,2,1.0,0,0.0,0
DTAA/FTB0295,2010-05-28,IT & Engineering,Staff,2,0.0,0,0.0,0
DTAA/ZCA0652,2010-05-28,IT & Engineering,Staff,3,0.0,0,0.0,0
DTAA/LCP0359,2010-05-28,IT & Engineering,Staff,2,1.0,0,0.0,0
DTAA/IMD0280,2010-05-28,IT & Engineering,Staff,2,1.0,0,0.0,0
DTAA/CAM0975,2010-05-28,IT & Engineering,Staff,2,0.0,0,0.0,0
DTAA/BDI0634,2010-05-28,IT & Engineering,Staff,2,1.0,0,0.0,0
DTAA/RAA0594,2010-05-28,IT & Engineering,Staff,2,1.0,0,0.0,0
DTAA/NJS0448,2010-05-28,IT & Engineering,Staff,3,1.0,0,0.0,0
DTAA/SIP0805,2010-05-28,IT & Engineering,Staff,2,0.0,0,0.0,0
DTAA/MBD0602,2010-05-28,IT & Engineering,Staff,2,0.0,0,0.0,0
DTAA/LAH0397,2010-05-28,IT & Engineering,Staff,2,1.0,0,0.0,0
DTAA/SKL0881,2010-05-28,IT & Engineering,Staff,3,1.0,0,0.0,0
DTAA/BCW0386,2010-05-28,IT & Engineering,Staff,2,0.0,0,0.0,0
DTAA/IRC0991,2010-05-29,IT & Engineering,Staff,1,1.0,0,0.0,0
DTAA/PJL0320,2010-05-29,IT & Engineering,Staff,2,2.0,0,0.0,0
DTAA/NHH0566,2010-05-03,IT & Engineering,Staff,3,1.0,0,0.0,0
DTAA/AJS0917,2010-05-03,IT & Engineering,Staff,2,1.0,0,0.0,0
DTAA/KPC0158,2010-05-03,IT & Engineering,Staff,2,1.0,0,0.0,0
DTAA/YCD0922,2010-05-03,IT & Engineering,Staff,2,1.0,0,0.0,0
DTAA/DBA0367,2010-05-03,IT & Engineering,Staff,2,1.0,0,0.0,0
DTAA/DBM0698,2010-05-03,IT & Engineering,Staff,3,1.0,0,0.0,0
DTAA/GMF0571,2010-05-03,IT & Engineering,Staff,3,1.0,0,0.0,0
DTAA/AGB0091,2010-05-03,IT & Engineering,Staff,2,1.0,0,0.0,0
DTAA/FLC0811,2010-05-03,IT & Engineering,Staff,2,1.0,0,0.0,0
DTAA/ABH0963,2010-05-03,IT & Engineering,Staff,2,1.0,0,0.0,0
DTAA/JXG0567,2010-05-03,IT & Engineering,Staff,2,2.0,0,0.0,0
DTAA/LBD0946,2010-05-03,IT & Engineering,Staff,2,1.0,0,0.0,0
DTAA/GTJ0243,2010-05-03,IT & Engineering,Staff,2,1.0,0,0.0,0
DTAA/HRK0729,2010-05-03,IT & Engineering,Staff,2,1.0,0,0.0,0
DTAA/OJG0866,2010-05-03,IT & Engineering,Staff,2,2.0,0,0.0,0
DTAA/JRP0458,2010-05-03,IT & Engineering,Staff,2,1.0,0,0.0,0
DTAA/EOS0972,2010-05-03,IT & Engineering,Staff,5,1.0,0,0.0,0
DTAA/ASR0539,2010-05-03,IT & Engineering,Staff,2,1.0,0,0.0,0
DTAA/AGF0088,2010-05-03,IT & Engineering,Staff,2,1.0,0,0.0,0
DTAA/HWG0148,2010-05-03,IT & Engineering,Staff,3,1.0,0,0.0,0
DTAA/ALW0250,2010-05-03,IT & Engineering,Staff,2,1.0,0,0.0,0
DTAA/MDC0595,2010-05-03,IT & Engineering,Staff,2,1.0,0,0.0,0
DTAA/KGC0456,2010-05-03,IT & Engineering,Staff,2,1.0,0,0.0,0
DTAA/VUF0522,2010-05-03,IT & Engineering,Staff,3,2.0,0,0.0,0
DTAA/CDS0300,2010-05-03,IT & Engineering,Staff,2,1.0,0,0.0,0
DTAA/ESB0080,2010-05-03,IT & Engineering,Staff,3,2.0,0,0.0,0
DTAA/BGN0054,2010-05-03,IT & Engineering,Staff,2,1.0,0,0.0,0
DTAA/LLB0843,2010-05-03,IT & Engineering,Staff,3,1.0,0,0.0,0
DTAA/HAS0430,2010-05-03,IT & Engineering,Staff,3,1.0,0,0.0,0
DTAA/ALK0520,2010-05-03,IT & Engineering,Staff,3,2.0,0,0.0,0
DTAA/HNS0858,2010-05-03,IT & Engineering,Staff,2,0.0,0,0.0,0
DTAA/AIC0321,2010-05-03,IT & Engineering,Staff,2,0.0,0,0.0,0
DTAA/GDG0184,2010-05-03,IT & Engineering,Staff,2,0.0,0,0.0,0
DTAA/KNH0719,2010-05-03,IT & Engineering,Staff,2,0.0,0,0.0,0
DTAA/EJB0888,2010-05-03,IT & Engineering,Staff,2,0.0,0,0.0,0
DTAA/JLC0711,2010-05-03,IT & Engineering,Staff,3,0.0,0,0.0,0
DTAA/ARK0026,2010-05-03,IT & Engineering,Staff,2,1.0,0,0.0,0
DTAA/NDH0807,2010-05-03,IT & Engineering,Staff,3,0.0,0,0.0,0
DTAA/WDW0485,2010-05-03,IT & Engineering,Staff,3,0.0,0,0.0,0
DTAA/RHP0688,2010-05-03,IT & Engineering,Staff,3,0.0,0,0.0,0
DTAA/QLW0941,2010-05-03,IT & Engineering,Staff,3,0.0,0,0.0,0
DTAA/CTF0687,2010-05-03,IT & Engineering,Staff,2,1.0,0,0.0,0
DTAA/BCH0912,2010-05-03,IT & Engineering,Staff,2,1.0,0,0.0,0
DTAA/GLB0715,2010-05-03,IT & Engineering,Staff,2,0.0,0,0.0,0
DTAA/SSC0047,2010-05-03,IT & Engineering,Staff,3,1.0,0,0.0,0
DTAA/SKB0263,2010-05-03,IT & Engineering,Staff,2,0.0,0,0.0,0
DTAA/WWC0894,2010-05-03,IT & Engineering,Staff,2,1.0,0,0.0,0
DTAA/GRG0693,2010-05-03,IT & Engineering,Staff,2,1.0,0,0.0,0
DTAA/ODW0839,2010-05-03,IT & Engineering,Staff,2,1.0,0,0.0,0
DTAA/AFD0868,2010-05-03,IT & Engineering,Staff,2,1.0,0,0.0,0
DTAA/ITC0131,2010-05-03,IT & Engineering,Staff,2,0.0,0,0.0,0
DTAA/JTT0989,2010-05-04,IT & Engineering,Staff,10,9.0,0,0.0,0
DTAA/ACD0647,2010-05-04,IT & Engineering,Staff,2,1.0,0,0.0,0
DTAA/BFO0974,2010-05-04,IT & Engineering,Staff,2,1.0,0,0.0,0
DTAA/DST0527,2010-05-04,IT & Engineering,Staff,2,1.0,0,0.0,0
DTAA/CNT0514,2010-05-04,IT & Engineering,Staff,2,1.0,0,0.0,0
DTAA/JBA0373,2010-05-04,IT & Engineering,Staff,3,1.0,0,0.0,0
DTAA/EGM0401,2010-05-04,IT & Engineering,Staff,2,1.0,0,0.0,0
DTAA/CMF0339,2010-05-04,IT & Engineering,Staff,4,2.0,0,0.0,0
DTAA/STC0066,2010-05-04,IT & Engineering,Staff,2,1.0,0,0.0,0
DTAA/RLC0442,2010-05-04,IT & Engineering,Staff,2,1.0,0,0.0,0
DTAA/COS0121,2010-05-04,IT & Engineering,Staff,3,1.0,0,0.0,0
DTAA/JFA0081,2010-05-04,IT & Engineering,Staff,2,1.0,0,0.0,0
DTAA/DWB0426,2010-05-04,IT & Engineering,Staff,2,1.0,0,0.0,0
DTAA/MSV0506,2010-05-04,IT & Engineering,Staff,3,1.0,0,0.0,0
DTAA/RBB0229,2010-05-04,IT & Engineering,Staff,2,2.0,0,0.0,0
DTAA/DDW0643,2010-05-04,IT & Engineering,Staff,3,1.0,0,0.0,0
DTAA/BPB0808,2010-05-04,IT & Engineering,Staff,3,1.0,0,0.0,0
DTAA/ASC0132,2010-05-04,IT & Engineering,Staff,2,1.0,0,0.0,0
DTAA/OHA0451,2010-05-04,IT & Engineering,Staff,2,1.0,0,0.0,0
DTAA/MGB0728,2010-05-04,IT & Engineering,Staff,2,1.0,0,0.0,0
DTAA/IAH0822,2010-05-04,IT & Engineering,Staff,3,1.0,0,0.0,0
DTAA/JDR0685,2010-05-04,IT & Engineering,Staff,3,1.0,0,0.0,0
DTAA/SMC0139,2010-05-04,IT & Engineering,Staff,2,2.0,0,0.0,0
DTAA/MKG0273,2010-05-04,IT & Engineering,Staff,2,1.0,0,0.0,0
DTAA/RZW0369,2010-05-04,IT & Engineering,Staff,3,2.0,0,0.0,0
DTAA/TUA0298,2010-05-04,IT & Engineering,Staff,2,1.0,0,0.0,0
DTAA/CTR0537,2010-05-04,IT & Engineering,Staff,3,1.0,0,0.0,0
DTAA/LBC0422,2010-05-04,IT & Engineering,Staff,2,1.0,0,0.0,0
DTAA/JSE0020,2010-05-04,IT & Engineering,Staff,3,1.0,0,0.0,0
DTAA/AAS0709,2010-05-04,IT & Engineering,Staff,2,1.0,0,0.0,0
DTAA/SRN0275,2010-05-04,IT & Engineering,Staff,2,2.0,0,0.0,0
DTAA/JBS0483,2010-05-04,IT & Engineering,Staff,3,1.0,0,0.0,0
DTAA/CHM0645,2010-05-04,IT & Engineering,Staff,2,1.0,0,0.0,0
DTAA/SLG0008,2010-05-04,IT & Engineering,Staff,2,2.0,0,0.0,0
DTAA/MRM0205,2010-05-04,IT & Engineering,Staff,2,0.0,0,0.0,0
DTAA/RME0699,2010-05-04,IT & Engineering,Staff,5,1.0,0,0.0,0
DTAA/ECB0494,2010-05-04,IT & Engineering,Staff,2,0.0,0,0.0,0
DTAA/BCB0013,2010-05-04,IT & Engineering,Staff,2,0.0,0,0.0,0
DTAA/GHB0863,2010-05-04,IT & Engineering,Staff,2,0.0,0,0.0,0
DTAA/DAW0199,2010-05-04,IT & Engineering,Staff,2,0.0,0,0.0,0
DTAA/UJC0849,2010-05-04,IT & Engineering,Staff,2,1.0,0,0.0,0
DTAA/LLK0316,2010-05-04,IT & Engineering,Staff,2,0.0,0,0.0,0
DTAA/ABS0726,2010-05-04,IT & Engineering,Staff,2,1.0,0,0.0,0
DTAA/LKY0181,2010-05-04,IT & Engineering,Staff,3,0.0,0,0.0,0
DTAA/DOO0986,2010-05-04,IT & Engineering,Staff,2,0.0,0,0.0,0
DTAA/OBD0786,2010-05-04,IT & Engineering,Staff,3,0.0,0,0.0,0
DTAA/JCG0817,2010-05-04,IT & Engineering,Staff,2,1.0,0,0.0,0
DTAA/NGC0624,2010-05-04,IT & Engineering,Staff,3,1.0,0,0.0,0
DTAA/LAM0952,2010-05-04,IT & Engineering,Staff,2,0.0,0,0.0,0
DTAA/BKH0156,2010-05-04,IT & Engineering,Staff,2,0.0,0,0.0,0
DTAA/CRM0058,2010-05-04,IT & Engineering,Staff,2,1.0,0,0.0,0
DTAA/CWG0305,2010-05-04,IT & Engineering,Staff,3,1.0,0,0.0,0
DTAA/HSR0472,2010-05-05,IT & Engineering,Staff,3,0.0,2,0.0,30000000
DTAA/MCM0346,2010-05-05,IT & Engineering,Staff,3,2.0,2,0.0,30000000
DTAA/JBS0483,2010-05-05,IT & Engineering,Staff,3,1.0,2,0.0,30000000
DTAA/COS0121,2010-05-05,IT & Engineering,Staff,3,2.0,4,2.0,60000000
DTAA/RLC0442,2010-05-05,IT & Engineering,Staff,4,3.0,2,2.0,30000000
DTAA/RME0699,2010-05-05,IT & Engineering,Staff,2,1.0,2,0.0,30000000
DTAA/CJW0317,2010-05-06,IT & Engineering,Staff,3,2.0,2,1.0,30000000
DTAA/JAM0392,2010-05-06,IT & Engineering,Staff,3,1.0,2,0.0,30000000
DTAA/YCB0005,2010-05-06,IT & Engineering,Staff,3,1.0,2,0.0,30000000
DTAA/MQL0135,2010-05-06,IT & Engineering,Staff,4,1.0,2,0.0,30000000
DTAA/MMF0289,2010-05-06,IT & Engineering,Staff,5,2.0,2,0.0,30000000
DTAA/HNF0812,2010-05-06,IT & Engineering,Staff,3,0.0,2,0.0,30000000
DTAA/DDK0417,2010-05-06,IT & Engineering,Staff,3,1.0,2,1.0,30000000
DTAA/PXB0069,2010-05-06,IT & Engineering,Staff,3,1.0,2,0.0,30000000
DTAA/CLS0819,2010-05-06,IT & Engineering,Staff,2,1.0,2,0.0,30000000
DTAA/AJB0370,2010-05-07,IT & Engineering,Staff,3,1.0,2,0.0,30000000
DTAA/ATJ0284,2010-05-07,IT & Engineering,Staff,2,1.0,2,0.0,30000000
DTAA/HKM0260,2010-05-07,IT & Engineering,Staff,3,1.0,2,0.0,30000000
DTAA/AJA0220,2010-05-10,IT & Engineering,Staff,3,1.0,2,0.0,30000000
DTAA/JMS0793,2010-05-10,IT & Engineering,Staff,2,1.0,1,0.0,15000000
DTAA/MXM0838,2010-05-10,IT & Engineering,Staff,3,1.0,2,0.0,30000000
DTAA/VFP0669,2010-05-10,IT & Engineering,Staff,3,1.0,2,0.0,30000000
DTAA/HCG0731,2010-05-10,IT & Engineering,Staff,2,1.0,2,0.0,30000000
DTAA/TNB0740,2010-05-10,IT & Engineering,Staff,2,0.0,2,0.0,30000000
DTAA/OYR0801,2010-05-11,IT & Engineering,Staff,6,3.0,3,1.0,45000000
DTAA/GNH0394,2010-05-11,IT & Engineering,Staff,3,1.0,2,0.0,30000000
DTAA/LRH0747,2010-05-11,IT & Engineering,Staff,4,0.0,2,0.0,30000000
DTAA/MMH0612,2010-05-11,IT & Engineering,Staff,3,0.0,2,0.0,30000000
DTAA/FFP0721,2010-05-12,IT & Engineering,Staff,2,1.0,2,0.0,30000000
DTAA/ATJ0284,2010-05-12,IT & Engineering,Staff,2,1.0,2,0.0,30000000
DTAA/YCV0635,2010-05-12,IT & Engineering,Staff,2,1.0,2,0.0,30000000
DTAA/LJR0772,2010-05-12,IT & Engineering,Staff,2,2.0,2,1.0,30000000
DTAA/CTH0856,2010-05-13,IT & Engineering,Staff,4,2.0,2,0.0,30000000
DTAA/OJH0425,2010-05-13,IT & Engineering,Staff,5,2.0,2,1.0,30000000
DTAA/MJM0469,2010-05-13,IT & Engineering,Staff,3,1.0,2,0.0,30000000
DTAA/AFN0918,2010-05-13,IT & Engineering,Staff,3,0.0,2,0.0,30000000
DTAA/GRS0372,2010-05-13,IT & Engineering,Staff,3,0.0,2,0.0,30000000
DTAA/QKR0651,2010-05-13,IT & Engineering,Staff,2,1.0,2,0.0,30000000
DTAA/JGC0775,2010-05-14,IT & Engineering,Staff,4,3.0,4,2.0,60000000
DTAA/HCG0731,2010-05-14,IT & Engineering,Staff,5,3.0,4,2.0,60000000
DTAA/VFP0669,2010-05-14,IT & Engineering,Staff,2,1.0,2,0.0,30000000
DTAA/AJA0220,2010-05-14,IT & Engineering,Staff,3,1.0,2,0.0,30000000
DTAA/MXM0838,2010-05-14,IT & Engineering,Staff,3,1.0,2,0.0,30000000
DTAA/JMS0793,2010-05-14,IT & Engineering,Staff,2,1.0,2,0.0,30000000
DTAA/TNB0740,2010-05-14,IT & Engineering,Staff,2,0.0,2,0.0,30000000
DTAA/IRC0991,2010-05-17,IT & Engineering,Staff,21,17.0,2,0.0,30000000
DTAA/SKW0871,2010-05-17,IT & Engineering,Staff,2,1.0,2,0.0,30000000
DTAA/NSP0910,2010-05-17,IT & Engineering,Staff,4,0.0,2,0.0,30000000
DTAA/BCJ0800,2010-05-17,IT & Engineering,Staff,2,1.0,2,0.0,30000000
DTAA/IKH0904,2010-05-17,IT & Engineering,Staff,2,0.0,1,0.0,15000000
DTAA/SLC0778,2010-05-18,IT & Engineering,Staff,2,1.0,2,0.0,30000000
DTAA/AQG0678,2010-05-18,IT & Engineering,Staff,2,1.0,2,0.0,30000000
DTAA/HBL0517,2010-05-18,IT & Engineering,Staff,3,1.0,1,0.0,15000000
DTAA/DIS0382,2010-05-18,IT & Engineering,Staff,3,1.0,2,0.0,30000000
DTAA/ARK0026,2010-05-18,IT & Engineering,Staff,2,1.0,2,0.0,30000000
DTAA/ESB0080,2010-05-18,IT & Engineering,Staff,3,1.0,2,0.0,30000000
DTAA/WDW0485,2010-05-18,IT & Engineering,Staff,5,0.0,1,0.0,15000000
DTAA/RHP0688,2010-05-18,IT & Engineering,Staff,2,0.0,2,0.0,30000000
DTAA/CHA0174,2010-05-18,IT & Engineering,Staff,3,0.0,2,0.0,30000000
DTAA/AJB0016,2010-05-18,IT & Engineering,Staff,3,1.0,2,0.0,30000000
DTAA/ODW0839,2010-05-18,IT & Engineering,Staff,2,1.0,2,0.0,30000000
DTAA/JCT0410,2010-05-19,IT & Engineering,Staff,3,1.0,1,0.0,15000000
DTAA/WCN0570,2010-05-19,IT & Engineering,Staff,2,2.0,2,0.0,30000000
DTAA/OJH0425,2010-05-19,IT & Engineering,Staff,4,2.0,2,0.0,30000000
DTAA/MJM0469,2010-05-19,IT & Engineering,Staff,3,1.0,2,0.0,30000000
DTAA/HTC0607,2010-05-19,IT & Engineering,Staff,5,1.0,2,0.0,30000000
DTAA/AFN0918,2010-05-19,IT & Engineering,Staff,5,1.0,2,0.0,30000000
DTAA/QKR0651,2010-05-19,IT & Engineering,Staff,2,1.0,2,1.0,30000000
DTAA/BNW0850,2010-05-20,IT & Engineering,Staff,2,1.0,2,0.0,30000000
DTAA/AFR0646,2010-05-20,IT & Engineering,Staff,2,1.0,2,0.0,30000000
DTAA/SJH0588,2010-05-20,IT & Engineering,Staff,3,1.0,2,1.0,30000000
DTAA/WJG0153,2010-05-20,IT & Engineering,Staff,3,0.0,2,0.0,30000000
DTAA/EBP0037,2010-05-21,IT & Engineering,Staff,2,1.0,2,0.0,30000000
DTAA/GHC0041,2010-05-21,IT & Engineering,Staff,3,2.0,2,1.0,30000000
DTAA/VCG0663,2010-05-21,IT & Engineering,Staff,3,1.0,2,0.0,30000000
DTAA/AFH0331,2010-05-21,IT & Engineering,Staff,2,2.0,2,0.0,30000000
DTAA/DFW0798,2010-05-21,IT & Engineering,Staff,3,0.0,2,0.0,30000000
DTAA/YQW0689,2010-05-24,IT & Engineering,Staff,3,1.0,2,1.0,30000000
DTAA/BNW0850,2010-05-24,IT & Engineering,Staff,2,2.0,2,0.0,30000000
DTAA/AFR0646,2010-05-24,IT & Engineering,Staff,2,1.0,1,0.0,15000000
DTAA/SJH0588,2010-05-24,IT & Engineering,Staff,3,1.0,2,1.0,30000000
DTAA/WJG0153,2010-05-24,IT & Engineering,Staff,3,0.0,2,0.0,30000000
DTAA/SLC0778,2010-05-25,IT & Engineering,Staff,3,1.0,2,0.0,30000000
DTAA/ARK0026,2010-05-25,IT & Engineering,Staff,2,2.0,2,0.0,30000000
DTAA/HBL0517,2010-05-25,IT & Engineering,Staff,3,1.0,2,0.0,30000000
DTAA/DIS0382,2010-05-25,IT & Engineering,Staff,4,2.0,4,2.0,60000000
DTAA/AQG0678,2010-05-25,IT & Engineering,Staff,3,0.0,2,0.0,30000000
DTAA/RHP0688,2010-05-25,IT & Engineering,Staff,2,0.0,1,0.0,15000000
DTAA/ESB0080,2010-05-25,IT & Engineering,Staff,3,0.0,2,0.0,30000000
DTAA/WDW0485,2010-05-25,IT & Engineering,Staff,2,0.0,2,0.0,30000000
DTAA/SOM0478,2010-05-25,IT & Engineering,Staff,4,0.0,2,0.0,30000000
DTAA/CHA0174,2010-05-25,IT & Engineering,Staff,3,0.0,2,0.0,30000000
DTAA/AJB0016,2010-05-25,IT & Engineering,Staff,2,1.0,2,1.0,30000000
DTAA/ODW0839,2010-05-25,IT & Engineering,Staff,2,1.0,2,0.0,30000000
DTAA/JNF0543,2010-05-26,IT & Engineering,Staff,2,1.0,2,0.0,30000000
DTAA/MIK0034,2010-05-26,IT & Engineering,Staff,5,3.0,2,0.0,30000000
DTAA/AFH0331,2010-05-26,IT & Engineering,Staff,3,2.0,2,0.0,30000000
DTAA/DFW0798,2010-05-26,IT & Engineering,Staff,3,0.0,2,0.0,30000000
DTAA/MJM0228,2010-05-26,IT & Engineering,Staff,2,1.0,2,0.0,30000000
DTAA/AJB0370,2010-05-27,IT & Engineering,Staff,3,1.0,2,0.0,30000000
DTAA/ATJ0284,2010-05-27,IT & Engineering,Staff,2,1.0,2,1.0,30000000
DTAA/SLC0778,2010-05-28,IT & Engineering,Staff,3,1.0,1,0.0,15000000
DTAA/DIS0382,2010-05-28,IT & Engineering,Staff,2,1.0,2,0.0,30000000
DTAA/AQG0678,2010-05-28,IT & Engineering,Staff,3,0.0,2,0.0,30000000
DTAA/HBL0517,2010-05-28,IT & Engineering,Staff,3,1.0,2,0.0,30000000
DTAA/WDW0485,2010-05-28,IT & Engineering,Staff,2,0.0,2,0.0,30000000
DTAA/RHP0688,2010-05-28,IT & Engineering,Staff,3,0.0,2,0.0,30000000
DTAA/CHA0174,2010-05-28,IT & Engineering,Staff,3,0.0,2,0.0,30000000
DTAA/AJB0016,2010-05-28,IT & Engineering,Staff,5,3.0,1,1.0,15000000
DTAA/ODW0839,2010-05-28,IT & Engineering,Staff,2,1.0,2,0.0,30000000
DTAA/HTC0607,2010-05-29,IT & Engineering,Staff,1,1.0,1,1.0,15000000
DTAA/AJA0220,2010-05-03,IT & Engineering,Staff,3,1.0,2,0.0,30000000
DTAA/MXM0838,2010-05-03,IT & Engineering,Staff,3,1.0,2,0.0,30000000
DTAA/JMS0793,2010-05-03,IT & Engineering,Staff,2,1.0,2,0.0,30000000
DTAA/VFP0669,2010-05-03,IT & Engineering,Staff,5,1.0,2,0.0,30000000
DTAA/HCG0731,2010-05-03,IT & Engineering,Staff,3,1.0,2,0.0,30000000
DTAA/TNB0740,2010-05-03,IT & Engineering,Staff,2,0.0,2,0.0,30000000
DTAA/CJW0317,2010-05-04,IT & Engineering,Staff,5,2.0,2,0.0,30000000
DTAA/JAM0392,2010-05-04,IT & Engineering,Staff,3,1.0,2,0.0,30000000
DTAA/MQL0135,2010-05-04,IT & Engineering,Staff,3,1.0,2,0.0,30000000
DTAA/SJA0691,2010-05-04,IT & Engineering,Staff,2,1.0,2,0.0,30000000
DTAA/YCB0005,2010-05-04,IT & Engineering,Staff,3,1.0,2,0.0,30000000
DTAA/MMF0289,2010-05-04,IT & Engineering,Staff,4,1.0,2,0.0,30000000
DTAA/NSC0842,2010-05-04,IT & Engineering,Staff,3,1.0,2,0.0,30000000
DTAA/CAW0976,2010-05-04,IT & Engineering,Staff,3,1.0,2,0.0,30000000
DTAA/HNF0812,2010-05-04,IT & Engineering,Staff,3,0.0,2,0.0,30000000
DTAA/VKB0605,2010-05-04,IT & Engineering,Staff,2,0.0,2,0.0,30000000
DTAA/PXB0069,2010-05-04,IT & Engineering,Staff,3,1.0,2,0.0,30000000
DTAA/DDK0417,2010-05-04,IT & Engineering,Staff,2,1.0,2,0.0,30000000
DTAA/MAG0290,2010-05-04,IT & Engineering,Staff,2,0.0,1,0.0,15000000
DTAA/GVH0277,2010-05-04,IT & Engineering,Staff,2,0.0,2,0.0,30000000
DTAA/DFW0798,2010-05-05,IT & Engineering,Staff,2,0.0,2,0.0,30000000
DTAA/AFH0331,2010-05-05,IT & Engineering,Staff,3,2.0,1,0.0,15000000
DTAA/GHC0041,2010-05-05,IT & Engineering,Staff,3,2.0,2,2.0,30000000
DTAA/AMA0191,2010-05-06,IT & Engineering,Staff,3,2.0,2,0.0,30000000
DTAA/NNB0443,2010-05-06,IT & Engineering,Staff,3,1.0,2,0.0,30000000
DTAA/KSB0673,2010-05-06,IT & Engineering,Staff,3,1.0,2,0.0,30000000
DTAA/ABB0272,2010-05-06,IT & Engineering,Staff,5,1.0,2,0.0,30000000
DTAA/XKR0971,2010-05-06,IT & Engineering,Staff,2,2.0,2,1.0,30000000
DTAA/SDC0032,2010-05-06,IT & Engineering,Staff,3,1.0,2,0.0,30000000
DTAA/LTM0418,2010-05-06,IT & Engineering,Staff,2,0.0,2,0.0,30000000
DTAA/LCK0666,2010-05-06,IT & Engineering,Staff,2,1.0,2,0.0,30000000
DTAA/VNM0127,2010-05-06,IT & Engineering,Staff,2,1.0,2,0.0,30000000
DTAA/BGF0236,2010-05-07,IT & Engineering,Staff,3,0.0,2,0.0,30000000
DTAA/HSD0519,2010-05-07,IT & Engineering,Staff,3,0.0,2,0.0,30000000
DTAA/BJC0569,2010-05-10,IT & Engineering,Staff,2,1.0,2,0.0,30000000
DTAA/PUH0847,2010-05-10,IT & Engineering,Staff,2,1.0,2,0.0,30000000
DTAA/ARR0977,2010-05-10,IT & Engineering,Staff,3,2.0,2,0.0,30000000
DTAA/JZO0727,2010-05-10,IT & Engineering,Staff,3,1.0,2,0.0,30000000
DTAA/SPK0818,2010-05-10,IT & Engineering,Staff,3,1.0,1,0.0,15000000
DTAA/EDH0146,2010-05-10,IT & Engineering,Staff,3,1.0,2,0.0,30000000
DTAA/DAV0579,2010-05-10,IT & Engineering,Staff,3,0.0,2,0.0,30000000
DTAA/AJC0266,2010-05-10,IT & Engineering,Staff,3,0.0,2,0.0,30000000
DTAA/VMA0051,2010-05-10,IT & Engineering,Staff,2,0.0,2,0.0,30000000
DTAA/JBL0450,2010-05-11,IT & Engineering,Staff,4,3.0,2,2.0,30000000
DTAA/AGW0182,2010-05-11,IT & Engineering,Staff,6,2.0,2,0.0,30000000
DTAA/GSL0697,2010-05-11,IT & Engineering,Staff,2,1.0,2,0.0,30000000
DTAA/MVW0630,2010-05-11,IT & Engineering,Staff,3,1.0,2,0.0,30000000
DTAA/FDP0500,2010-05-11,IT & Engineering,Staff,2,2.0,2,1.0,30000000
DTAA/KKW0676,2010-05-11,IT & Engineering,Staff,3,1.0,2,0.0,30000000
DTAA/LPG0099,2010-05-11,IT & Engineering,Staff,4,0.0,2,0.0,30000000
DTAA/NHL0253,2010-05-11,IT & Engineering,Staff,4,1.0,1,1.0,15000000
DTAA/SAH0192,2010-05-11,IT & Engineering,Staff,3,0.0,2,0.0,30000000
DTAA/EMZ0196,2010-05-12,IT & Engineering,Staff,3,1.0,2,0.0,30000000
DTAA/BGF0236,2010-05-12,IT & Engineering,Staff,3,0.0,2,0.0,30000000
DTAA/SJH0588,2010-05-13,IT & Engineering,Staff,5,3.0,2,0.0,30000000
DTAA/AFR0646,2010-05-13,IT & Engineering,Staff,2,1.0,2,0.0,30000000
DTAA/BJC0569,2010-05-14,IT & Engineering,Staff,3,1.0,2,0.0,30000000
DTAA/JZO0727,2010-05-14,IT & Engineering,Staff,4,1.0,2,0.0,30000000
DTAA/DAV0579,2010-05-14,IT & Engineering,Staff,3,0.0,1,0.0,15000000
DTAA/MAB0532,2010-05-14,IT & Engineering,Staff,2,0.0,2,0.0,30000000
DTAA/ARR0977,2010-05-14,IT & Engineering,Staff,3,0.0,2,0.0,30000000
DTAA/EDH0146,2010-05-14,IT & Engineering,Staff,3,1.0,2,0.0,30000000
DTAA/RCW0436,2010-05-14,IT & Engineering,Staff,2,0.0,2,0.0,30000000
DTAA/SPK0818,2010-05-14,IT & Engineering,Staff,3,0.0,1,0.0,15000000
DTAA/AJC0266,2010-05-14,IT & Engineering,Staff,5,0.0,1,0.0,15000000
DTAA/LBB0095,2010-05-14,IT & Engineering,Staff,3,1.0,2,0.0,30000000
DTAA/VMA0051,2010-05-14,IT & Engineering,Staff,3,0.0,1,0.0,15000000
DTAA/ACH0803,2010-05-17,IT & Engineering,Staff,4,1.0,2,0.0,30000000
DTAA/PSP0555,2010-05-17,IT & Engineering,Staff,3,1.0,1,0.0,15000000
DTAA/SCW0707,2010-05-17,IT & Engineering,Staff,2,1.0,2,0.0,30000000
DTAA/KSW0597,2010-05-17,IT & Engineering,Staff,2,1.0,2,1.0,30000000
DTAA/JLL0301,2010-05-17,IT & Engineering,Staff,2,1.0,2,0.0,30000000
DTAA/JLM0053,2010-05-17,IT & Engineering,Staff,3,0.0,2,0.0,30000000
DTAA/TLB0017,2010-05-17,IT & Engineering,Staff,2,0.0,2,0.0,30000000
DTAA/CSC0297,2010-05-18,IT & Engineering,Staff,3,1.0,1,0.0,15000000
DTAA/JAD0531,2010-05-18,IT & Engineering,Staff,2,2.0,1,0.0,15000000
DTAA/WMJ0364,2010-05-18,IT & Engineering,Staff,3,1.0,2,0.0,30000000
DTAA/HDR0261,2010-05-18,IT & Engineering,Staff,3,1.0,1,0.0,15000000
DTAA/CAC0854,2010-05-18,IT & Engineering,Staff,3,1.0,2,0.0,30000000
DTAA/RBC0879,2010-05-18,IT & Engineering,Staff,2,1.0,2,0.0,30000000
DTAA/AKS0283,2010-05-19,IT & Engineering,Staff,5,3.0,2,2.0,30000000
DTAA/CVW0133,2010-05-19,IT & Engineering,Staff,2,2.0,2,1.0,30000000
DTAA/DBF0903,2010-05-19,IT & Engineering,Staff,3,1.0,2,0.0,30000000
DTAA/SJH0588,2010-05-19,IT & Engineering,Staff,3,1.0,2,1.0,30000000
DTAA/OJH0425,2010-05-20,IT & Engineering,Staff,2,2.0,2,0.0,30000000
DTAA/CHS0324,2010-05-20,IT & Engineering,Staff,5,3.0,2,2.0,30000000
DTAA/MJM0469,2010-05-20,IT & Engineering,Staff,3,1.0,1,0.0,15000000
DTAA/AFN0918,2010-05-20,IT & Engineering,Staff,2,1.0,2,0.0,30000000
DTAA/HTC0607,2010-05-20,IT & Engineering,Staff,4,0.0,2,0.0,30000000
DTAA/CTH0856,2010-05-20,IT & Engineering,Staff,2,0.0,2,0.0,30000000
DTAA/GRS0372,2010-05-20,IT & Engineering,Staff,2,0.0,2,0.0,30000000
DTAA/QKR0651,2010-05-20,IT & Engineering,Staff,2,1.0,2,0.0,30000000
DTAA/ZKH0388,2010-05-21,IT & Engineering,Staff,7,2.0,2,0.0,30000000
DTAA/CMF0339,2010-05-21,IT & Engineering,Staff,5,3.0,2,2.0,30000000
DTAA/RES0962,2010-05-21,IT & Engineering,Staff,2,1.0,2,0.0,30000000
DTAA/ARM0416,2010-05-21,IT & Engineering,Staff,3,1.0,2,0.0,30000000
DTAA/JBS0483,2010-05-21,IT & Engineering,Staff,2,1.0,2,0.0,30000000
DTAA/MCM0346,2010-05-21,IT & Engineering,Staff,3,2.0,2,0.0,30000000
DTAA/HSR0472,2010-05-21,IT & Engineering,Staff,3,0.0,2,0.0,30000000
DTAA/COS0121,2010-05-22,IT & Engineering,Staff,1,1.0,2,2.0,30000000
DTAA/HCR0795,2010-05-24,IT & Engineering,Staff,2,1.0,2,0.0,30000000
DTAA/OJH0425,2010-05-24,IT & Engineering,Staff,3,2.0,2,1.0,30000000
DTAA/MJM0469,2010-05-24,IT & Engineering,Staff,3,1.0,2,0.0,30000000
DTAA/CTH0856,2010-05-24,IT & Engineering,Staff,2,1.0,2,0.0,30000000
DTAA/HTC0607,2010-05-24,IT & Engineering,Staff,3,1.0,2,0.0,30000000
DTAA/CSC0297,2010-05-25,IT & Engineering,Staff,2,1.0,2,1.0,30000000
DTAA/CAC0854,2010-05-25,IT & Engineering,Staff,3,2.0,2,0.0,30000000
DTAA/WMJ0364,2010-05-25,IT & Engineering,Staff,3,0.0,2,0.0,30000000
DTAA/RBC0879,2010-05-25,IT & Engineering,Staff,3,1.0,2,1.0,30000000
DTAA/DBB0235,2010-05-25,IT & Engineering,Staff,2,1.0,2,2.0,30000000
DTAA/RLC0442,2010-05-26,IT & Engineering,Staff,4,3.0,2,2.0,30000000
DTAA/ZKH0388,2010-05-26,IT & Engineering,Staff,3,1.0,1,0.0,15000000
DTAA/RES0962,2010-05-26,IT & Engineering,Staff,2,1.0,2,0.0,30000000
DTAA/COS0121,2010-05-26,IT & Engineering,Staff,3,1.0,2,0.0,30000000
DTAA/ARM0416,2010-05-26,IT & Engineering,Staff,3,1.0,1,0.0,15000000
DTAA/CHM0645,2010-05-26,IT & Engineering,Staff,2,0.0,2,0.0,30000000
DTAA/RME0699,2010-05-26,IT & Engineering,Staff,2,0.0,2,0.0,30000000
DTAA/HSR0472,2010-05-26,IT & Engineering,Staff,3,0.0,2,0.0,30000000
DTAA/BGF0236,2010-05-27,IT & Engineering,Staff,3,0.0,2,0.0,30000000
DTAA/EMR0242,2010-05-27,IT & Engineering,Staff,2,0.0,2,0.0,30000000
DTAA/HSD0519,2010-05-27,IT & Engineering,Staff,2,0.0,2,0.0,30000000
DTAA/CSC0297,2010-05-28,IT & Engineering,Staff,3,1.0,2,0.0,30000000
DTAA/RBC0879,2010-05-28,IT & Engineering,Staff,3,1.0,2,0.0,30000000
DTAA/WMJ0364,2010-05-28,IT & Engineering,Staff,3,0.0,2,0.0,30000000
DTAA/FHM0931,2010-05-28,IT & Engineering,Staff,2,1.0,2,0.0,30000000
DTAA/SRN0275,2010-05-01,IT & Engineering,Staff,2,2.0,2,2.0,30000000
DTAA/PUH0847,2010-05-03,IT & Engineering,Staff,2,1.0,2,0.0,30000000
DTAA/EDH0146,2010-05-03,IT & Engineering,Staff,3,2.0,1,0.0,15000000
DTAA/JZO0727,2010-05-03,IT & Engineering,Staff,3,1.0,2,0.0,30000000
DTAA/BYB0347,2010-05-03,IT & Engineering,Staff,3,1.0,2,0.0,30000000
DTAA/ELA0741,2010-05-03,IT & Engineering,Staff,3,1.0,2,0.0,30000000
DTAA/SPK0818,2010-05-03,IT & Engineering,Staff,3,1.0,2,0.0,30000000
DTAA/ARR0977,2010-05-03,IT & Engineering,Staff,2,0.0,2,0.0,30000000
DTAA/DAV0579,2010-05-03,IT & Engineering,Staff,3,0.0,2,0.0,30000000
DTAA/LBB0095,2010-05-03,IT & Engineering,Staff,2,1.0,2,0.0,30000000
DTAA/HIB0604,2010-05-03,IT & Engineering,Staff,2,1.0,2,1.0,30000000
DTAA/AJC0266,2010-05-03,IT & Engineering,Staff,3,0.0,2,0.0,30000000
DTAA/VMA0051,2010-05-03,IT & Engineering,Staff,3,0.0,2,0.0,30000000
DTAA/XQW0354,2010-05-03,IT & Engineering,Staff,3,0.0,1,0.0,15000000
DTAA/AMA0191,2010-05-04,IT & Engineering,Staff,3,2.0,2,0.0,30000000
DTAA/JJR0278,2010-05-04,IT & Engineering,Staff,3,1.0,2,0.0,30000000
DTAA/NNB0443,2010-05-04,IT & Engineering,Staff,2,1.0,2,0.0,30000000
DTAA/KSB0673,2010-05-04,IT & Engineering,Staff,3,1.0,2,0.0,30000000
DTAA/XKR0971,2010-05-04,IT & Engineering,Staff,2,2.0,2,2.0,30000000
DTAA/LID0942,2010-05-04,IT & Engineering,Staff,2,1.0,2,0.0,30000000
DTAA/ABB0272,2010-05-04,IT & Engineering,Staff,3,1.0,2,0.0,30000000
DTAA/LCK0666,2010-05-04,IT & Engineering,Staff,3,1.0,1,0.0,15000000
DTAA/PIP0746,2010-05-04,IT & Engineering,Staff,2,1.0,2,0.0,30000000
DTAA/TAO0639,2010-05-04,IT & Engineering,Staff,2,1.0,2,1.0,30000000
DTAA/MMH0612,2010-05-05,IT & Engineering,Staff,3,0.0,2,0.0,30000000
DTAA/MIC0914,2010-05-05,IT & Engineering,Staff,3,1.0,2,0.0,30000000
DTAA/LRH0747,2010-05-05,IT & Engineering,Staff,5,0.0,2,0.0,30000000
DTAA/OYR0801,2010-05-05,IT & Engineering,Staff,5,3.0,2,2.0,30000000
DTAA/RVS0852,2010-05-05,IT & Engineering,Staff,3,2.0,2,0.0,30000000
DTAA/JCS0873,2010-05-05,IT & Engineering,Staff,3,2.0,2,1.0,30000000
DTAA/EMZ0196,2010-05-06,IT & Engineering,Staff,3,1.0,1,0.0,15000000
DTAA/JJR0278,2010-05-07,IT & Engineering,Staff,3,1.0,2,0.0,30000000
DTAA/AMA0191,2010-05-07,IT & Engineering,Staff,2,2.0,2,2.0,30000000
DTAA/KSB0673,2010-05-07,IT & Engineering,Staff,3,1.0,2,0.0,30000000
DTAA/ERP0254,2010-05-07,IT & Engineering,Staff,2,1.0,2,0.0,30000000
DTAA/RQH0770,2010-05-07,IT & Engineering,Staff,3,1.0,2,0.0,30000000
DTAA/NNB0443,2010-05-07,IT & Engineering,Staff,3,1.0,1,0.0,15000000
DTAA/LID0942,2010-05-07,IT & Engineering,Staff,5,1.0,2,0.0,30000000
DTAA/XKR0971,2010-05-07,IT & Engineering,Staff,2,2.0,2,0.0,30000000
DTAA/ABB0272,2010-05-07,IT & Engineering,Staff,5,2.0,2,0.0,30000000
DTAA/LCK0666,2010-05-07,IT & Engineering,Staff,3,2.0,2,0.0,30000000
DTAA/PIP0746,2010-05-07,IT & Engineering,Staff,3,1.0,1,0.0,15000000
DTAA/TAO0639,2010-05-07,IT & Engineering,Staff,2,1.0,2,2.0,30000000
DTAA/SEF0446,2010-05-10,IT & Engineering,Staff,3,1.0,1,0.0,15000000
DTAA/DBF0903,2010-05-10,IT & Engineering,Staff,3,1.0,2,0.0,30000000
DTAA/HCG0731,2010-05-05,IT & Engineering,Staff,3,1.0,1,0.0,15000000
DTAA/JMS0793,2010-05-05,IT & Engineering,Staff,2,1.0,2,0.0,30000000
DTAA/DIS0382,2010-05-06,IT & Engineering,Staff,5,2.0,2,0.0,30000000
DTAA/CHA0174,2010-05-06,IT & Engineering,Staff,5,2.0,4,2.0,60000000
DTAA/GRG0693,2010-05-06,IT & Engineering,Staff,4,3.0,1,0.0,15000000
DTAA/SLC0778,2010-05-06,IT & Engineering,Staff,2,1.0,2,0.0,30000000
DTAA/AQG0678,2010-05-06,IT & Engineering,Staff,3,1.0,2,0.0,30000000
DTAA/ESB0080,2010-05-06,IT & Engineering,Staff,3,1.0,2,0.0,30000000
DTAA/WDW0485,2010-05-06,IT & Engineering,Staff,3,0.0,2,0.0,30000000
DTAA/ARK0026,2010-05-06,IT & Engineering,Staff,2,1.0,2,0.0,30000000
DTAA/RHP0688,2010-05-06,IT & Engineering,Staff,2,0.0,2,0.0,30000000
DTAA/SOM0478,2010-05-06,IT & Engineering,Staff,4,0.0,2,0.0,30000000
DTAA/AJB0016,2010-05-06,IT & Engineering,Staff,3,1.0,1,0.0,15000000
DTAA/IRC0991,2010-05-07,IT & Engineering,Staff,13,6.0,2,0.0,30000000
DTAA/CCB0496,2010-05-07,IT & Engineering,Staff,3,1.0,2,0.0,30000000
DTAA/WOT0549,2010-05-07,IT & Engineering,Staff,3,1.0,2,0.0,30000000
DTAA/SKW0871,2010-05-07,IT & Engineering,Staff,3,1.0,2,0.0,30000000
DTAA/JLC0744,2010-05-07,IT & Engineering,Staff,2,1.0,2,0.0,30000000
DTAA/NSP0910,2010-05-07,IT & Engineering,Staff,4,0.0,2,0.0,30000000
DTAA/JMM0759,2010-05-08,IT & Engineering,Staff,2,2.0,2,2.0,30000000
DTAA/ZKH0388,2010-05-10,IT & Engineering,Staff,3,1.0,2,0.0,30000000
DTAA/RES0962,2010-05-10,IT & Engineering,Staff,2,1.0,2,0.0,30000000
DTAA/ARM0416,2010-05-10,IT & Engineering,Staff,3,1.0,2,0.0,30000000
DTAA/MCM0346,2010-05-10,IT & Engineering,Staff,3,2.0,2,0.0,30000000
DTAA/GKJ0573,2010-05-10,IT & Engineering,Staff,2,1.0,2,0.0,30000000
DTAA/JBS0483,2010-05-10,IT & Engineering,Staff,2,1.0,2,0.0,30000000
DTAA/RME0699,2010-05-10,IT & Engineering,Staff,5,1.0,2,0.0,30000000
DTAA/CHM0645,2010-05-10,IT & Engineering,Staff,2,0.0,2,0.0,30000000
DTAA/HSR0472,2010-05-10,IT & Engineering,Staff,3,0.0,2,0.0,30000000
DTAA/SEF0446,2010-05-11,IT & Engineering,Staff,3,1.0,2,0.0,30000000
DTAA/YQW0689,2010-05-11,IT & Engineering,Staff,3,1.0,2,0.0,30000000
DTAA/BNW0850,2010-05-11,IT & Engineering,Staff,2,1.0,2,2.0,30000000
DTAA/AFR0646,2010-05-11,IT & Engineering,Staff,2,1.0,2,0.0,30000000
DTAA/WJG0153,2010-05-11,IT & Engineering,Staff,3,0.0,2,0.0,30000000
DTAA/IRC0991,2010-05-12,IT & Engineering,Staff,15,12.0,2,0.0,30000000
DTAA/CCB0496,2010-05-12,IT & Engineering,Staff,3,1.0,1,0.0,15000000
DTAA/NSP0910,2010-05-12,IT & Engineering,Staff,2,0.0,2,0.0,30000000
DTAA/KGS0398,2010-05-12,IT & Engineering,Staff,3,1.0,2,1.0,30000000
DTAA/IKH0904,2010-05-12,IT & Engineering,Staff,3,0.0,2,0.0,30000000
DTAA/GSL0697,2010-05-13,IT & Engineering,Staff,2,1.0,2,0.0,30000000
DTAA/FDP0500,2010-05-13,IT & Engineering,Staff,2,2.0,2,1.0,30000000
DTAA/MVW0630,2010-05-13,IT & Engineering,Staff,3,1.0,2,0.0,30000000
DTAA/AZC0030,2010-05-13,IT & Engineering,Staff,2,1.0,2,0.0,30000000
DTAA/SAH0192,2010-05-13,IT & Engineering,Staff,3,0.0,2,0.0,30000000
DTAA/ZKH0388,2010-05-14,IT & Engineering,Staff,3,1.0,2,0.0,30000000
DTAA/RES0962,2010-05-14,IT & Engineering,Staff,2,1.0,2,0.0,30000000
DTAA/ARM0416,2010-05-14,IT & Engineering,Staff,2,1.0,1,0.0,15000000
DTAA/MCM0346,2010-05-14,IT & Engineering,Staff,3,2.0,2,0.0,30000000
DTAA/RME0699,2010-05-14,IT & Engineering,Staff,2,2.0,2,0.0,30000000
DTAA/JBS0483,2010-05-14,IT & Engineering,Staff,3,1.0,2,0.0,30000000
DTAA/HSR0472,2010-05-14,IT & Engineering,Staff,3,0.0,2,0.0,30000000
DTAA/LKY0181,2010-05-14,IT & Engineering,Staff,4,1.0,1,1.0,15000000
DTAA/LCG0546,2010-05-17,IT & Engineering,Staff,3,1.0,2,0.0,30000000
DTAA/ATJ0284,2010-05-17,IT & Engineering,Staff,2,1.0,2,0.0,30000000
DTAA/HKM0260,2010-05-17,IT & Engineering,Staff,3,1.0,2,1.0,30000000
DTAA/MZW0111,2010-05-18,IT & Engineering,Staff,2,1.0,2,0.0,30000000
DTAA/JAM0392,2010-05-18,IT & Engineering,Staff,3,1.0,2,0.0,30000000
DTAA/SJA0691,2010-05-18,IT & Engineering,Staff,3,1.0,2,0.0,30000000
DTAA/MQL0135,2010-05-18,IT & Engineering,Staff,3,1.0,2,0.0,30000000
DTAA/YCB0005,2010-05-18,IT & Engineering,Staff,2,1.0,2,0.0,30000000
DTAA/ECM0214,2010-05-18,IT & Engineering,Staff,3,1.0,2,0.0,30000000
DTAA/MMF0289,2010-05-18,IT & Engineering,Staff,5,1.0,2,0.0,30000000
DTAA/DDK0417,2010-05-18,IT & Engineering,Staff,3,1.0,2,2.0,30000000
DTAA/PXB0069,2010-05-18,IT & Engineering,Staff,3,1.0,2,0.0,30000000
DTAA/AGW0182,2010-05-19,IT & Engineering,Staff,5,1.0,2,0.0,30000000
DTAA/CGM0343,2010-05-19,IT & Engineering,Staff,2,2.0,2,1.0,30000000
DTAA/MVW0630,2010-05-19,IT & Engineering,Staff,3,1.0,1,0.0,15000000
DTAA/KKW0676,2010-05-19,IT & Engineering,Staff,3,1.0,2,0.0,30000000
DTAA/LPG0099,2010-05-19,IT & Engineering,Staff,3,0.0,2,0.0,30000000
DTAA/ASV0049,2010-05-19,IT & Engineering,Staff,2,1.0,2,2.0,30000000
DTAA/JCS0873,2010-05-20,IT & Engineering,Staff,5,3.0,2,2.0,30000000
DTAA/GNH0394,2010-05-20,IT & Engineering,Staff,3,1.0,2,0.0,30000000
DTAA/BTW0973,2010-05-20,IT & Engineering,Staff,4,2.0,1,1.0,15000000
DTAA/OYR0801,2010-05-20,IT & Engineering,Staff,3,1.0,2,0.0,30000000
DTAA/RVS0852,2010-05-20,IT & Engineering,Staff,3,1.0,2,1.0,30000000
DTAA/LRH0747,2010-05-20,IT & Engineering,Staff,5,0.0,2,0.0,30000000
DTAA/MIC0914,2010-05-20,IT & Engineering,Staff,3,1.0,2,0.0,30000000
DTAA/BJC0569,2010-05-21,IT & Engineering,Staff,3,1.0,2,0.0,30000000
DTAA/SPK0818,2010-05-21,IT & Engineering,Staff,3,1.0,2,0.0,30000000
DTAA/MAB0532,2010-05-21,IT & Engineering,Staff,2,1.0,1,0.0,15000000
DTAA/DAV0579,2010-05-21,IT & Engineering,Staff,3,1.0,2,0.0,30000000
DTAA/JZO0727,2010-05-21,IT & Engineering,Staff,5,0.0,2,0.0,30000000
DTAA/AJC0266,2010-05-21,IT & Engineering,Staff,5,0.0,2,0.0,30000000
DTAA/VMA0051,2010-05-21,IT & Engineering,Staff,3,0.0,2,0.0,30000000
DTAA/GNH0394,2010-05-24,IT & Engineering,Staff,3,1.0,2,0.0,30000000
DTAA/OYR0801,2010-05-24,IT & Engineering,Staff,3,2.0,2,1.0,30000000
DTAA/LRH0747,2010-05-24,IT & Engineering,Staff,5,1.0,2,0.0,30000000
DTAA/RVS0852,2010-05-24,IT & Engineering,Staff,5,2.0,2,0.0,30000000
DTAA/CJW0317,2010-05-25,IT & Engineering,Staff,5,4.0,2,0.0,30000000
DTAA/MZW0111,2010-05-25,IT & Engineering,Staff,2,1.0,2,0.0,30000000
DTAA/JAM0392,2010-05-25,IT & Engineering,Staff,3,1.0,2,0.0,30000000
DTAA/MQL0135,2010-05-25,IT & Engineering,Staff,3,1.0,2,0.0,30000000
DTAA/SJA0691,2010-05-25,IT & Engineering,Staff,2,1.0,2,0.0,30000000
DTAA/YCB0005,2010-05-25,IT & Engineering,Staff,3,1.0,2,0.0,30000000
DTAA/MMF0289,2010-05-25,IT & Engineering,Staff,5,2.0,2,0.0,30000000
DTAA/PXB0069,2010-05-25,IT & Engineering,Staff,2,1.0,2,1.0,30000000
DTAA/BJC0569,2010-05-26,IT & Engineering,Staff,3,1.0,2,0.0,30000000
DTAA/PUH0847,2010-05-26,IT & Engineering,Staff,2,1.0,2,0.0,30000000
DTAA/ARR0977,2010-05-26,IT & Engineering,Staff,2,1.0,2,0.0,30000000
DTAA/ELA0741,2010-05-26,IT & Engineering,Staff,3,1.0,2,0.0,30000000
DTAA/JZO0727,2010-05-26,IT & Engineering,Staff,3,0.0,2,0.0,30000000
DTAA/EDH0146,2010-05-26,IT & Engineering,Staff,2,1.0,2,0.0,30000000
DTAA/DAV0579,2010-05-26,IT & Engineering,Staff,3,0.0,2,0.0,30000000
DTAA/HDR0823,2010-05-26,IT & Engineering,Staff,3,1.0,2,0.0,30000000
DTAA/AJC0266,2010-05-26,IT & Engineering,Staff,4,0.0,2,0.0,30000000
DTAA/FKR0550,2010-05-27,IT & Engineering,Staff,3,1.0,2,0.0,30000000
DTAA/CCB0496,2010-05-27,IT & Engineering,Staff,3,1.0,2,0.0,30000000
DTAA/SKW0871,2010-05-27,IT & Engineering,Staff,3,1.0,2,0.0,30000000
DTAA/JLC0744,2010-05-27,IT & Engineering,Staff,2,2.0,2,0.0,30000000
DTAA/NSP0910,2010-05-27,IT & Engineering,Staff,2,0.0,1,0.0,15000000
DTAA/IKH0904,2010-05-27,IT & Engineering,Staff,3,0.0,2,0.0,30000000
DTAA/MQL0135,2010-05-28,IT & Engineering,Staff,4,2.0,4,2.0,60000000
DTAA/CJW0317,2010-05-28,IT & Engineering,Staff,3,2.0,1,0.0,15000000
DTAA/JAM0392,2010-05-28,IT & Engineering,Staff,3,1.0,2,0.0,30000000
DTAA/YCB0005,2010-05-28,IT & Engineering,Staff,2,1.0,2,0.0,30000000
DTAA/ECM0214,2010-05-28,IT & Engineering,Staff,3,1.0,2,0.0,30000000
DTAA/MMF0289,2010-05-28,IT & Engineering,Staff,3,2.0,2,0.0,30000000
DTAA/PXB0069,2010-05-28,IT & Engineering,Staff,3,1.0,2,0.0,30000000
DTAA/GVH0277,2010-05-28,IT & Engineering,Staff,2,0.0,1,0.0,15000000
DTAA/JBL0450,2010-05-29,IT & Engineering,Staff,1,1.0,2,2.0,30000000
DTAA/RES0962,2010-05-03,IT & Engineering,Staff,2,1.0,2,0.0,30000000
DTAA/MCM0346,2010-05-03,IT & Engineering,Staff,3,2.0,2,0.0,30000000
DTAA/CHM0645,2010-05-03,IT & Engineering,Staff,2,1.0,2,0.0,30000000
DTAA/RME0699,2010-05-03,IT & Engineering,Staff,2,1.0,2,0.0,30000000
DTAA/SLC0778,2010-05-04,IT & Engineering,Staff,2,1.0,2,0.0,30000000
DTAA/AQG0678,2010-05-04,IT & Engineering,Staff,3,1.0,2,0.0,30000000
DTAA/HBL0517,2010-05-04,IT & Engineering,Staff,2,1.0,2,0.0,30000000
DTAA/DIS0382,2010-05-04,IT & Engineering,Staff,2,0.0,2,0.0,30000000
DTAA/WDW0485,2010-05-04,IT & Engineering,Staff,2,0.0,1,0.0,15000000
DTAA/RHP0688,2010-05-04,IT & Engineering,Staff,2,0.0,1,0.0,15000000
DTAA/CPP0761,2010-05-04,IT & Engineering,Staff,2,1.0,2,0.0,30000000
DTAA/CHA0174,2010-05-04,IT & Engineering,Staff,3,0.0,2,0.0,30000000
DTAA/ODW0839,2010-05-04,IT & Engineering,Staff,2,1.0,2,2.0,30000000
DTAA/GRG0693,2010-05-04,IT & Engineering,Staff,2,1.0,2,1.0,30000000
DTAA/KKW0676,2010-05-05,IT & Engineering,Staff,3,1.0,2,0.0,30000000
DTAA/LPG0099,2010-05-05,IT & Engineering,Staff,3,0.0,2,0.0,30000000
DTAA/JSW0180,2010-05-05,IT & Engineering,Staff,2,0.0,2,0.0,30000000
DTAA/MVW0630,2010-05-05,IT & Engineering,Staff,4,1.0,2,0.0,30000000
DTAA/TKH0211,2010-05-05,IT & Engineering,Staff,4,3.0,2,2.0,30000000
DTAA/LCG0546,2010-05-06,IT & Engineering,Staff,3,0.0,2,0.0,30000000
DTAA/MQL0135,2010-05-07,IT & Engineering,Staff,3,1.0,2,0.0,30000000
DTAA/JAM0392,2010-05-07,IT & Engineering,Staff,3,1.0,2,0.0,30000000
DTAA/YCB0005,2010-05-07,IT & Engineering,Staff,3,1.0,1,0.0,15000000
DTAA/ECM0214,2010-05-07,IT & Engineering,Staff,5,1.0,2,0.0,30000000
DTAA/CYK0330,2010-05-07,IT & Engineering,Staff,5,2.0,2,0.0,30000000
DTAA/MMF0289,2010-05-07,IT & Engineering,Staff,3,1.0,2,0.0,30000000
DTAA/PXB0069,2010-05-07,IT & Engineering,Staff,3,1.0,2,1.0,30000000
DTAA/VKB0605,2010-05-07,IT & Engineering,Staff,2,0.0,2,0.0,30000000
DTAA/DDK0417,2010-05-07,IT & Engineering,Staff,3,1.0,1,0.0,15000000
DTAA/MAG0290,2010-05-07,IT & Engineering,Staff,2,0.0,2,0.0,30000000
DTAA/GVH0277,2010-05-07,IT & Engineering,Staff,2,0.0,1,0.0,15000000
DTAA/OJH0425,2010-05-10,IT & Engineering,Staff,5,2.0,2,0.0,30000000
DTAA/MJM0469,2010-05-10,IT & Engineering,Staff,3,1.0,2,0.0,30000000
DTAA/AFN0918,2010-05-10,IT & Engineering,Staff,3,1.0,2,0.0,30000000
DTAA/CTH0856,2010-05-10,IT & Engineering,Staff,2,1.0,2,0.0,30000000
DTAA/HTC0607,2010-05-10,IT & Engineering,Staff,4,0.0,2,0.0,30000000
DTAA/QKR0651,2010-05-10,IT & Engineering,Staff,2,1.0,2,1.0,30000000
DTAA/EBP0037,2010-05-11,IT & Engineering,Staff,2,1.0,2,0.0,30000000
DTAA/JNF0543,2010-05-11,IT & Engineering,Staff,3,1.0,1,0.0,15000000
DTAA/GHC0041,2010-05-11,IT & Engineering,Staff,5,2.0,2,2.0,30000000
DTAA/MIK0034,2010-05-11,IT & Engineering,Staff,3,1.0,2,0.0,30000000
DTAA/VCG0663,2010-05-11,IT & Engineering,Staff,3,1.0,2,0.0,30000000
DTAA/KLS0717,2010-05-11,IT & Engineering,Staff,3,1.0,2,0.0,30000000
DTAA/TPC0102,2010-05-11,IT & Engineering,Staff,4,2.0,1,1.0,15000000
DTAA/AFH0331,2010-05-11,IT & Engineering,Staff,3,1.0,2,0.0,30000000
DTAA/DFW0798,2010-05-11,IT & Engineering,Staff,3,0.0,2,0.0,30000000
DTAA/CJW0317,2010-05-12,IT & Engineering,Staff,2,2.0,2,0.0,30000000
DTAA/JAM0392,2010-05-12,IT & Engineering,Staff,3,1.0,2,0.0,30000000
DTAA/YCB0005,2010-05-12,IT & Engineering,Staff,3,1.0,2,0.0,30000000
DTAA/MQL0135,2010-05-12,IT & Engineering,Staff,3,1.0,2,0.0,30000000
DTAA/MMF0289,2010-05-12,IT & Engineering,Staff,2,1.0,2,1.0,30000000
DTAA/PXB0069,2010-05-12,IT & Engineering,Staff,2,1.0,2,0.0,30000000
DTAA/DDK0417,2010-05-12,IT & Engineering,Staff,5,2.0,2,2.0,30000000
DTAA/MXM0838,2010-05-13,IT & Engineering,Staff,3,1.0,2,0.0,30000000
DTAA/JMS0793,2010-05-13,IT & Engineering,Staff,2,1.0,2,0.0,30000000
DTAA/HCG0731,2010-05-13,IT & Engineering,Staff,3,1.0,2,0.0,30000000
DTAA/KSP0927,2010-05-14,IT & Engineering,Staff,4,2.0,2,2.0,30000000
DTAA/OJH0425,2010-05-14,IT & Engineering,Staff,3,2.0,2,0.0,30000000
DTAA/HCR0795,2010-05-14,IT & Engineering,Staff,2,1.0,2,0.0,30000000
DTAA/MJM0469,2010-05-14,IT & Engineering,Staff,3,1.0,2,0.0,30000000
DTAA/CTH0856,2010-05-14,IT & Engineering,Staff,2,1.0,2,0.0,30000000
DTAA/HTC0607,2010-05-14,IT & Engineering,Staff,3,0.0,2,0.0,30000000
DTAA/SLC0778,2010-05-17,IT & Engineering,Staff,3,1.0,2,0.0,30000000
DTAA/EOS0972,2010-05-17,IT & Engineering,Staff,4,2.0,2,2.0,30000000
DTAA/AQG0678,2010-05-17,IT & Engineering,Staff,3,1.0,2,0.0,30000000
DTAA/HBL0517,2010-05-17,IT & Engineering,Staff,2,2.0,2,0.0,30000000
DTAA/ESB0080,2010-05-17,IT & Engineering,Staff,3,1.0,2,0.0,30000000
DTAA/DIS0382,2010-05-17,IT & Engineering,Staff,3,0.0,2,0.0,30000000
DTAA/WDW0485,2010-05-17,IT & Engineering,Staff,5,0.0,2,0.0,30000000
DTAA/SOM0478,2010-05-17,IT & Engineering,Staff,2,0.0,2,0.0,30000000
DTAA/CHA0174,2010-05-17,IT & Engineering,Staff,2,0.0,2,0.0,30000000
DTAA/AJB0016,2010-05-17,IT & Engineering,Staff,3,1.0,2,2.0,30000000
DTAA/GRG0693,2010-05-17,IT & Engineering,Staff,4,3.0,2,0.0,30000000
DTAA/RAH0968,2010-05-18,IT & Engineering,Staff,4,2.0,2,2.0,30000000
DTAA/IKH0904,2010-05-18,IT & Engineering,Staff,6,2.0,4,2.0,60000000
DTAA/FKR0550,2010-05-18,IT & Engineering,Staff,3,1.0,2,0.0,30000000
DTAA/CCB0496,2010-05-18,IT & Engineering,Staff,3,1.0,2,0.0,30000000
DTAA/WOT0549,2010-05-18,IT & Engineering,Staff,3,1.0,2,0.0,30000000
DTAA/SKW0871,2010-05-18,IT & Engineering,Staff,3,1.0,2,0.0,30000000
DTAA/JLC0744,2010-05-18,IT & Engineering,Staff,2,2.0,2,0.0,30000000
DTAA/NSP0910,2010-05-18,IT & Engineering,Staff,2,0.0,1,0.0,15000000
DTAA/BCJ0800,2010-05-18,IT & Engineering,Staff,2,1.0,2,1.0,30000000
DTAA/BPC0533,2010-05-18,IT & Engineering,Staff,3,1.0,1,1.0,15000000
DTAA/MXM0838,2010-05-19,IT & Engineering,Staff,2,1.0,2,0.0,30000000
DTAA/VFP0669,2010-05-19,IT & Engineering,Staff,3,1.0,2,1.0,30000000
DTAA/JMS0793,2010-05-19,IT & Engineering,Staff,2,1.0,1,1.0,15000000
DTAA/HCG0731,2010-05-19,IT & Engineering,Staff,3,1.0,2,0.0,30000000
DTAA/PUH0847,2010-05-20,IT & Engineering,Staff,2,1.0,2,0.0,30000000
DTAA/BJC0569,2010-05-20,IT & Engineering,Staff,3,1.0,2,1.0,30000000
DTAA/JZO0727,2010-05-20,IT & Engineering,Staff,3,1.0,2,0.0,30000000
DTAA/BYB0347,2010-05-20,IT & Engineering,Staff,3,1.0,2,0.0,30000000
DTAA/DAV0579,2010-05-20,IT & Engineering,Staff,3,0.0,2,0.0,30000000
DTAA/SPK0818,2010-05-20,IT & Engineering,Staff,3,0.0,2,0.0,30000000
DTAA/RCW0436,2010-05-20,IT & Engineering,Staff,2,0.0,1,0.0,15000000
DTAA/AJC0266,2010-05-20,IT & Engineering,Staff,3,0.0,2,0.0,30000000
DTAA/HIB0604,2010-05-20,IT & Engineering,Staff,2,1.0,2,1.0,30000000
DTAA/STF0145,2010-05-20,IT & Engineering,Staff,3,0.0,2,0.0,30000000
DTAA/LBB0095,2010-05-20,IT & Engineering,Staff,2,1.0,1,0.0,15000000
DTAA/VMA0051,2010-05-20,IT & Engineering,Staff,2,0.0,2,0.0,30000000
DTAA/XQW0354,2010-05-20,IT & Engineering,Staff,5,0.0,2,0.0,30000000
DTAA/BTW0973,2010-05-21,IT & Engineering,Staff,4,2.0,1,1.0,15000000
DTAA/GNH0394,2010-05-21,IT & Engineering,Staff,3,1.0,2,0.0,30000000
DTAA/RVS0852,2010-05-21,IT & Engineering,Staff,2,2.0,2,0.0,30000000
DTAA/LRH0747,2010-05-21,IT & Engineering,Staff,2,1.0,2,0.0,30000000
DTAA/OYR0801,2010-05-21,IT & Engineering,Staff,3,2.0,2,0.0,30000000
DTAA/MMH0612,2010-05-21,IT & Engineering,Staff,3,0.0,2,0.0,30000000
DTAA/BJC0569,2010-05-24,IT & Engineering,Staff,3,1.0,2,1.0,30000000
DTAA/SPK0818,2010-05-24,IT & Engineering,Staff,3,0.0,2,0.0,30000000
DTAA/DAV0579,2010-05-24,IT & Engineering,Staff,3,0.0,2,0.0,30000000
DTAA/AJC0266,2010-05-24,IT & Engineering,Staff,2,0.0,2,0.0,30000000
DTAA/STF0145,2010-05-24,IT & Engineering,Staff,3,0.0,2,0.0,30000000
DTAA/VMA0051,2010-05-24,IT & Engineering,Staff,3,0.0,2,0.0,30000000
DTAA/XQW0354,2010-05-24,IT & Engineering,Staff,3,0.0,2,0.0,30000000
DTAA/WOT0549,2010-05-25,IT & Engineering,Staff,3,1.0,2,0.0,30000000
DTAA/SKW0871,2010-05-25,IT & Engineering,Staff,2,1.0,2,0.0,30000000
DTAA/NSP0910,2010-05-25,IT & Engineering,Staff,2,0.0,2,0.0,30000000
DTAA/BCJ0800,2010-05-25,IT & Engineering,Staff,2,1.0,2,0.0,30000000
DTAA/BPC0533,2010-05-25,IT & Engineering,Staff,3,1.0,2,0.0,30000000
DTAA/IKH0904,2010-05-25,IT & Engineering,Staff,7,2.0,1,0.0,15000000
DTAA/OYR0801,2010-05-26,IT & Engineering,Staff,3,1.0,2,0.0,30000000
DTAA/MIC0914,2010-05-26,IT & Engineering,Staff,3,1.0,1,0.0,15000000
DTAA/MMH0612,2010-05-26,IT & Engineering,Staff,2,0.0,2,0.0,30000000
DTAA/CJW0317,2010-05-27,IT & Engineering,Staff,3,2.0,2,0.0,30000000
DTAA/JAM0392,2010-05-27,IT & Engineering,Staff,3,1.0,2,0.0,30000000
DTAA/YCB0005,2010-05-27,IT & Engineering,Staff,3,1.0,2,0.0,30000000
DTAA/CAW0976,2010-05-27,IT & Engineering,Staff,2,1.0,2,0.0,30000000
DTAA/MQL0135,2010-05-27,IT & Engineering,Staff,4,2.0,2,0.0,30000000
DTAA/MMF0289,2010-05-27,IT & Engineering,Staff,5,1.0,2,0.0,30000000
DTAA/NSC0842,2010-05-27,IT & Engineering,Staff,5,1.0,2,0.0,30000000
DTAA/MAG0290,2010-05-27,IT & Engineering,Staff,2,0.0,2,0.0,30000000
DTAA/PXB0069,2010-05-27,IT & Engineering,Staff,2,1.0,2,0.0,30000000
DTAA/DDK0417,2010-05-27,IT & Engineering,Staff,2,1.0,2,0.0,30000000
DTAA/GVH0277,2010-05-27,IT & Engineering,Staff,2,0.0,2,0.0,30000000
DTAA/IRC0991,2010-05-28,IT & Engineering,Staff,17,11.0,2,0.0,30000000
DTAA/CCB0496,2010-05-28,IT & Engineering,Staff,3,1.0,2,0.0,30000000
DTAA/SKW0871,2010-05-28,IT & Engineering,Staff,2,1.0,1,0.0,15000000
DTAA/NSP0910,2010-05-28,IT & Engineering,Staff,2,0.0,2,0.0,30000000
DTAA/IKH0904,2010-05-28,IT & Engineering,Staff,2,0.0,2,0.0,30000000
DTAA/BPC0533,2010-05-28,IT & Engineering,Staff,4,1.0,2,0.0,30000000
DTAA/OJH0425,2010-05-03,IT & Engineering,Staff,3,2.0,2,0.0,30000000
DTAA/JCT0410,2010-05-03,IT & Engineering,Staff,3,1.0,2,0.0,30000000
DTAA/MJM0469,2010-05-03,IT & Engineering,Staff,3,1.0,2,0.0,30000000
DTAA/HTC0607,2010-05-03,IT & Engineering,Staff,3,0.0,2,0.0,30000000
DTAA/CTH0856,2010-05-03,IT & Engineering,Staff,2,0.0,2,0.0,30000000
DTAA/AFN0918,2010-05-03,IT & Engineering,Staff,5,0.0,2,0.0,30000000
DTAA/QKR0651,2010-05-03,IT & Engineering,Staff,2,1.0,2,2.0,30000000
DTAA/DSH0627,2010-05-04,IT & Engineering,Staff,3,3.0,2,2.0,30000000
DTAA/AJB0370,2010-05-04,IT & Engineering,Staff,3,1.0,2,0.0,30000000
DTAA/ATJ0284,2010-05-04,IT & Engineering,Staff,2,1.0,2,0.0,30000000
DTAA/HKM0260,2010-05-04,IT & Engineering,Staff,3,1.0,2,0.0,30000000
DTAA/ECB0185,2010-05-05,IT & Engineering,Staff,2,0.0,0,0.0,0
DTAA/IMF0700,2010-05-05,IT & Engineering,Staff,2,1.0,0,0.0,0
DTAA/LGA0042,2010-05-05,IT & Engineering,Staff,2,0.0,0,0.0,0
DTAA/ACR0400,2010-05-05,IT & Engineering,Staff,2,1.0,0,0.0,0
DTAA/DRO0516,2010-05-05,IT & Engineering,Staff,2,0.0,0,0.0,0
DTAA/SMW0913,2010-05-05,IT & Engineering,Staff,2,0.0,0,0.0,0
DTAA/QZD0164,2010-05-05,IT & Engineering,Staff,3,0.0,0,0.0,0
DTAA/BSM0334,2010-05-05,IT & Engineering,Staff,2,1.0,0,0.0,0
DTAA/WDW0198,2010-05-05,IT & Engineering,Staff,2,0.0,0,0.0,0
DTAA/VFT0014,2010-05-05,IT & Engineering,Staff,2,1.0,0,0.0,0
DTAA/BRB0908,2010-05-05,IT & Engineering,Staff,2,1.0,0,0.0,0
DTAA/EML0060,2010-05-05,IT & Engineering,Staff,2,1.0,0,0.0,0
DTAA/OES0636,2010-05-05,IT & Engineering,Staff,2,1.0,0,0.0,0
DTAA/BMR0412,2010-05-05,IT & Engineering,Staff,3,0.0,0,0.0,0
DTAA/MAH0712,2010-05-05,IT & Engineering,Staff,2,1.0,0,0.0,0
DTAA/VMM0309,2010-05-05,IT & Engineering,Staff,4,0.0,0,0.0,0
DTAA/KNJ0633,2010-05-05,IT & Engineering,Staff,2,0.0,0,0.0,0
DTAA/ECD0029,2010-05-05,IT & Engineering,Staff,2,1.0,0,0.0,0
DTAA/CJG0638,2010-05-05,IT & Engineering,Staff,5,0.0,0,0.0,0
DTAA/HKM0260,2010-05-05,IT & Engineering,Staff,3,1.0,0,0.0,0
DTAA/DOC0003,2010-05-05,IT & Engineering,Staff,2,0.0,0,0.0,0
DTAA/HCM0681,2010-05-05,IT & Engineering,Staff,3,1.0,0,0.0,0
DTAA/SBH0674,2010-05-05,IT & Engineering,Staff,3,1.0,0,0.0,0
DTAA/JMC0233,2010-05-05,IT & Engineering,Staff,3,1.0,0,0.0,0
DTAA/QGF0292,2010-05-05,IT & Engineering,Staff,3,1.0,0,0.0,0
DTAA/WFL0495,2010-05-05,IT & Engineering,Staff,3,1.0,0,0.0,0
DTAA/MVP0572,2010-05-05,IT & Engineering,Staff,3,0.0,0,0.0,0
DTAA/IMB0473,2010-05-05,IT & Engineering,Staff,5,1.0,0,0.0,0
DTAA/QNC0832,2010-05-05,IT & Engineering,Staff,5,1.0,0,0.0,0
DTAA/MXM0271,2010-05-05,IT & Engineering,Staff,3,1.0,0,0.0,0
DTAA/AJN0804,2010-05-05,IT & Engineering,Staff,3,2.0,0,0.0,0
DTAA/AJB0370,2010-05-05,IT & Engineering,Staff,3,1.0,0,0.0,0
DTAA/LSV0944,2010-05-05,IT & Engineering,Staff,2,1.0,0,0.0,0
DTAA/MWJ0837,2010-05-05,IT & Engineering,Staff,2,1.0,0,0.0,0
DTAA/OSH0281,2010-05-05,IT & Engineering,Staff,2,1.0,0,0.0,0
DTAA/BCG0692,2010-05-05,IT & Engineering,Staff,2,1.0,0,0.0,0
DTAA/ARS0993,2010-05-05,IT & Engineering,Staff,16,13.0,0,0.0,0
DTAA/MST0883,2010-05-05,IT & Engineering,Staff,2,1.0,0,0.0,0
DTAA/CDF0585,2010-05-05,IT & Engineering,Staff,2,1.0,0,0.0,0
DTAA/DBG0686,2010-05-05,IT & Engineering,Staff,2,1.0,0,0.0,0
DTAA/ROC0257,2010-05-05,IT & Engineering,Staff,2,1.0,0,0.0,0
DTAA/TRP0068,2010-05-05,IT & Engineering,Staff,2,1.0,0,0.0,0
DTAA/MPA0136,2010-05-05,IT & Engineering,Staff,2,1.0,0,0.0,0
DTAA/VIR0488,2010-05-05,IT & Engineering,Staff,2,0.0,0,0.0,0
DTAA/SDR0010,2010-05-05,IT & Engineering,Staff,2,0.0,0,0.0,0
DTAA/SBM0217,2010-05-05,IT & Engineering,Staff,2,1.0,0,0.0,0
DTAA/IAC0264,2010-05-05,IT & Engineering,Staff,2,1.0,0,0.0,0
DTAA/RKD0255,2010-05-05,IT & Engineering,Staff,2,1.0,0,0.0,0
DTAA/DSH0627,2010-05-05,IT & Engineering,Staff,2,1.0,0,0.0,0
DTAA/CSA0071,2010-05-05,IT & Engineering,Staff,2,1.0,0,0.0,0
DTAA/AMM0340,2010-05-05,IT & Engineering,Staff,2,2.0,0,0.0,0
DTAA/NWC0765,2010-05-05,IT & Engineering,Staff,2,2.0,0,0.0,0
DTAA/FMF0197,2010-05-05,IT & Engineering,Staff,2,2.0,0,0.0,0
DTAA/TKH0211,2010-05-06,IT & Engineering,Staff,4,3.0,0,0.0,0
DTAA/JCC0998,2010-05-06,IT & Engineering,Staff,16,13.0,0,0.0,0
DTAA/MBZ0932,2010-05-06,IT & Engineering,Staff,2,1.0,0,0.0,0
DTAA/LCL0792,2010-05-06,IT & Engineering,Staff,2,1.0,0,0.0,0
DTAA/TRB0414,2010-05-06,IT & Engineering,Staff,3,1.0,0,0.0,0
DTAA/HPF0958,2010-05-06,IT & Engineering,Staff,2,1.0,0,0.0,0
DTAA/TQC0249,2010-05-06,IT & Engineering,Staff,2,1.0,0,0.0,0
DTAA/SSW0815,2010-05-06,IT & Engineering,Staff,2,1.0,0,0.0,0
DTAA/OKG0160,2010-05-06,IT & Engineering,Staff,5,1.0,0,0.0,0
DTAA/GSL0697,2010-05-06,IT & Engineering,Staff,2,1.0,0,0.0,0
DTAA/EFS0114,2010-05-06,IT & Engineering,Staff,2,2.0,0,0.0,0
DTAA/TLV0936,2010-05-06,IT & Engineering,Staff,2,1.0,0,0.0,0
DTAA/RBY0065,2010-05-06,IT & Engineering,Staff,2,1.0,0,0.0,0
DTAA/NWG0682,2010-05-06,IT & Engineering,Staff,2,1.0,0,0.0,0
DTAA/CLK0383,2010-05-06,IT & Engineering,Staff,2,1.0,0,0.0,0
DTAA/CPS0559,2010-05-06,IT & Engineering,Staff,3,1.0,0,0.0,0
DTAA/CCB0366,2010-05-06,IT & Engineering,Staff,2,2.0,0,0.0,0
DTAA/ALN0201,2010-05-06,IT & Engineering,Staff,2,2.0,0,0.0,0
DTAA/UBB0186,2010-05-06,IT & Engineering,Staff,2,1.0,0,0.0,0
DTAA/UAD0165,2010-05-06,IT & Engineering,Staff,2,2.0,0,0.0,0
DTAA/TGC0670,2010-05-06,IT & Engineering,Staff,4,1.0,0,0.0,0
DTAA/CKW0622,2010-05-06,IT & Engineering,Staff,2,1.0,0,0.0,0
DTAA/MVL0885,2010-05-06,IT & Engineering,Staff,2,1.0,0,0.0,0
DTAA/ZCH0336,2010-05-06,IT & Engineering,Staff,2,1.0,0,0.0,0
DTAA/MHM0988,2010-05-06,IT & Engineering,Staff,2,1.0,0,0.0,0
DTAA/PKM0411,2010-05-06,IT & Engineering,Staff,2,2.0,0,0.0,0
DTAA/TEG0502,2010-05-06,IT & Engineering,Staff,2,1.0,0,0.0,0
DTAA/SAP0304,2010-05-06,IT & Engineering,Staff,3,1.0,0,0.0,0
DTAA/CBH0762,2010-05-06,IT & Engineering,Staff,2,1.0,0,0.0,0
DTAA/AOC0511,2010-05-06,IT & Engineering,Staff,2,1.0,0,0.0,0
DTAA/BLS0098,2010-05-06,IT & Engineering,Staff,2,1.0,0,0.0,0
DTAA/IMD0776,2010-05-06,IT & Engineering,Staff,2,1.0,0,0.0,0
DTAA/QGM0222,2010-05-06,IT & Engineering,Staff,2,0.0,0,0.0,0
DTAA/ENB0293,2010-05-06,IT & Engineering,Staff,2,0.0,0,0.0,0
DTAA/ZAB0889,2010-05-06,IT & Engineering,Staff,3,0.0,0,0.0,0
DTAA/TLB0831,2010-05-06,IT & Engineering,Staff,2,0.0,0,0.0,0
DTAA/NCW0246,2010-05-06,IT & Engineering,Staff,3,0.0,0,0.0,0
DTAA/ECT0491,2010-05-06,IT & Engineering,Staff,2,0.0,0,0.0,0
DTAA/LPG0099,2010-05-06,IT & Engineering,Staff,3,0.0,0,0.0,0
DTAA/LDG0406,2010-05-06,IT & Engineering,Staff,3,0.0,0,0.0,0
DTAA/WCM0391,2010-05-06,IT & Engineering,Staff,2,1.0,0,0.0,0
DTAA/ZBH0980,2010-05-06,IT & Engineering,Staff,2,0.0,0,0.0,0
DTAA/KKW0676,2010-05-06,IT & Engineering,Staff,2,1.0,0,0.0,0
DTAA/JSW0180,2010-05-06,IT & Engineering,Staff,3,0.0,0,0.0,0
DTAA/DFZ0063,2010-05-06,IT & Engineering,Staff,2,0.0,0,0.0,0
DTAA/ASV0049,2010-05-06,IT & Engineering,Staff,2,1.0,0,0.0,0
DTAA/SVM0756,2010-05-06,IT & Engineering,Staff,2,0.0,0,0.0,0
DTAA/JDM0940,2010-05-06,IT & Engineering,Staff,2,1.0,0,0.0,0
DTAA/NHL0253,2010-05-06,IT & Engineering,Staff,3,0.0,0,0.0,0
DTAA/QOH0361,2010-05-06,IT & Engineering,Staff,3,0.0,0,0.0,0
DTAA/CRJ0934,2010-05-06,IT & Engineering,Staff,2,0.0,0,0.0,0
DTAA/BHH0460,2010-05-06,IT & Engineering,Staff,2,1.0,0,0.0,0
DTAA/JBL0450,2010-05-06,IT & Engineering,Staff,2,1.0,0,0.0,0
DTAA/GML0105,2010-05-06,IT & Engineering,Staff,3,1.0,0,0.0,0
DTAA/LKY0181,2010-05-07,IT & Engineering,Staff,4,1.0,0,0.0,0
DTAA/JTT0989,2010-05-07,IT & Engineering,Staff,18,14.0,0,0.0,0
DTAA/ACD0647,2010-05-07,IT & Engineering,Staff,2,1.0,0,0.0,0
DTAA/CNT0514,2010-05-07,IT & Engineering,Staff,2,1.0,0,0.0,0
DTAA/DST0527,2010-05-07,IT & Engineering,Staff,2,1.0,0,0.0,0
DTAA/BFO0974,2010-05-07,IT & Engineering,Staff,2,1.0,0,0.0,0
DTAA/JBA0373,2010-05-07,IT & Engineering,Staff,3,1.0,0,0.0,0
DTAA/CMF0339,2010-05-07,IT & Engineering,Staff,3,1.0,0,0.0,0
DTAA/STC0066,2010-05-07,IT & Engineering,Staff,2,1.0,0,0.0,0
DTAA/EGM0401,2010-05-07,IT & Engineering,Staff,3,2.0,0,0.0,0
DTAA/COS0121,2010-05-07,IT & Engineering,Staff,2,1.0,0,0.0,0
DTAA/JFA0081,2010-05-07,IT & Engineering,Staff,2,1.0,0,0.0,0
DTAA/OHA0451,2010-05-07,IT & Engineering,Staff,2,1.0,0,0.0,0
DTAA/RBB0229,2010-05-07,IT & Engineering,Staff,2,2.0,0,0.0,0
DTAA/DDW0643,2010-05-07,IT & Engineering,Staff,3,1.0,0,0.0,0
DTAA/DWB0426,2010-05-07,IT & Engineering,Staff,2,1.0,0,0.0,0
DTAA/RZW0369,2010-05-07,IT & Engineering,Staff,3,2.0,0,0.0,0
DTAA/MSV0506,2010-05-07,IT & Engineering,Staff,4,2.0,0,0.0,0
DTAA/IAH0822,2010-05-07,IT & Engineering,Staff,3,1.0,0,0.0,0
DTAA/BPB0808,2010-05-07,IT & Engineering,Staff,3,1.0,0,0.0,0
DTAA/ASC0132,2010-05-07,IT & Engineering,Staff,2,1.0,0,0.0,0
DTAA/CTR0537,2010-05-07,IT & Engineering,Staff,2,1.0,0,0.0,0
DTAA/MGB0728,2010-05-07,IT & Engineering,Staff,2,1.0,0,0.0,0
DTAA/SLG0008,2010-05-07,IT & Engineering,Staff,2,1.0,0,0.0,0
DTAA/JDR0685,2010-05-07,IT & Engineering,Staff,3,1.0,0,0.0,0
DTAA/JBS0483,2010-05-07,IT & Engineering,Staff,3,1.0,0,0.0,0
DTAA/LBC0422,2010-05-07,IT & Engineering,Staff,2,1.0,0,0.0,0
DTAA/AAS0709,2010-05-07,IT & Engineering,Staff,3,1.0,0,0.0,0
DTAA/GKJ0573,2010-05-07,IT & Engineering,Staff,2,1.0,0,0.0,0
DTAA/TUA0298,2010-05-07,IT & Engineering,Staff,3,1.0,0,0.0,0
DTAA/SMC0139,2010-05-07,IT & Engineering,Staff,2,1.0,0,0.0,0
DTAA/CHM0645,2010-05-07,IT & Engineering,Staff,2,0.0,0,0.0,0
DTAA/SRN0275,2010-05-07,IT & Engineering,Staff,3,1.0,0,0.0,0
DTAA/GHB0863,2010-05-07,IT & Engineering,Staff,5,0.0,0,0.0,0
DTAA/MKG0273,2010-05-07,IT & Engineering,Staff,2,0.0,0,0.0,0
DTAA/MRM0205,2010-05-07,IT & Engineering,Staff,2,0.0,0,0.0,0
DTAA/JSE0020,2010-05-07,IT & Engineering,Staff,3,0.0,0,0.0,0
DTAA/DAW0199,2010-05-07,IT & Engineering,Staff,2,0.0,0,0.0,0
DTAA/UJC0849,2010-05-07,IT & Engineering,Staff,2,1.0,0,0.0,0
DTAA/BCB0013,2010-05-07,IT & Engineering,Staff,2,0.0,0,0.0,0
DTAA/ECB0494,2010-05-07,IT & Engineering,Staff,2,0.0,0,0.0,0
DTAA/ABS0726,2010-05-07,IT & Engineering,Staff,2,1.0,0,0.0,0
DTAA/DOO0986,2010-05-07,IT & Engineering,Staff,2,0.0,0,0.0,0
DTAA/LLK0316,2010-05-07,IT & Engineering,Staff,2,0.0,0,0.0,0
DTAA/OBD0786,2010-05-07,IT & Engineering,Staff,3,0.0,0,0.0,0
DTAA/PMB0702,2010-05-07,IT & Engineering,Staff,3,1.0,0,0.0,0
DTAA/LAM0952,2010-05-07,IT & Engineering,Staff,2,1.0,0,0.0,0
DTAA/CRM0058,2010-05-07,IT & Engineering,Staff,2,1.0,0,0.0,0
DTAA/NGC0624,2010-05-07,IT & Engineering,Staff,3,1.0,0,0.0,0
DTAA/BKH0156,2010-05-07,IT & Engineering,Staff,2,1.0,0,0.0,0
DTAA/CWG0305,2010-05-07,IT & Engineering,Staff,4,2.0,0,0.0,0
DTAA/JCG0817,2010-05-07,IT & Engineering,Staff,2,1.0,0,0.0,0
DTAA/NDS0490,2010-05-08,IT & Engineering,Staff,2,2.0,0,0.0,0
DTAA/IRC0991,2010-05-10,IT & Engineering,Staff,13,7.0,0,0.0,0
DTAA/OLR0984,2010-05-10,IT & Engineering,Staff,2,1.0,0,0.0,0
DTAA/IGC0415,2010-05-10,IT & Engineering,Staff,2,1.0,0,0.0,0
DTAA/SJH0907,2010-05-10,IT & Engineering,Staff,2,1.0,0,0.0,0
DTAA/NQC0925,2010-05-10,IT & Engineering,Staff,2,1.0,0,0.0,0
DTAA/SXH0895,2010-05-10,IT & Engineering,Staff,2,1.0,0,0.0,0
DTAA/FKR0550,2010-05-10,IT & Engineering,Staff,2,1.0,0,0.0,0
DTAA/HTG0554,2010-05-10,IT & Engineering,Staff,2,2.0,0,0.0,0
DTAA/BFO0438,2010-05-10,IT & Engineering,Staff,2,1.0,0,0.0,0
DTAA/KCH0987,2010-05-10,IT & Engineering,Staff,2,1.0,0,0.0,0
DTAA/SGS0352,2010-05-10,IT & Engineering,Staff,2,1.0,0,0.0,0
DTAA/AEC0750,2010-05-10,IT & Engineering,Staff,2,1.0,0,0.0,0
DTAA/KBP0188,2010-05-10,IT & Engineering,Staff,2,1.0,0,0.0,0
DTAA/CGM0319,2010-05-10,IT & Engineering,Staff,3,1.0,0,0.0,0
DTAA/FIM0668,2010-05-10,IT & Engineering,Staff,2,1.0,0,0.0,0
DTAA/PJL0320,2010-05-10,IT & Engineering,Staff,3,2.0,0,0.0,0
DTAA/BFV0911,2010-05-10,IT & Engineering,Staff,2,1.0,0,0.0,0
DTAA/KBC0337,2010-05-10,IT & Engineering,Staff,2,2.0,0,0.0,0
DTAA/JMP0200,2010-05-10,IT & Engineering,Staff,2,1.0,0,0.0,0
DTAA/ANS0172,2010-05-10,IT & Engineering,Staff,2,2.0,0,0.0,0
DTAA/RCR0864,2010-05-10,IT & Engineering,Staff,2,1.0,0,0.0,0
DTAA/RLS0935,2010-05-10,IT & Engineering,Staff,2,1.0,0,0.0,0
DTAA/SHS0608,2010-05-10,IT & Engineering,Staff,2,1.0,0,0.0,0
DTAA/KAD0059,2010-05-10,IT & Engineering,Staff,3,1.0,0,0.0,0
DTAA/ASP0799,2010-05-10,IT & Engineering,Staff,2,1.0,0,0.0,0
DTAA/WBW0591,2010-05-10,IT & Engineering,Staff,2,2.0,0,0.0,0
DTAA/CMU0028,2010-05-10,IT & Engineering,Staff,2,1.0,0,0.0,0
DTAA/JLV0465,2010-05-10,IT & Engineering,Staff,2,1.0,0,0.0,0
DTAA/KJM0614,2010-05-10,IT & Engineering,Staff,3,2.0,0,0.0,0
DTAA/CCH0497,2010-05-10,IT & Engineering,Staff,2,2.0,0,0.0,0
DTAA/LGV0288,2010-05-10,IT & Engineering,Staff,2,1.0,0,0.0,0
DTAA/TTG0637,2010-05-10,IT & Engineering,Staff,2,1.0,0,0.0,0
DTAA/NET0306,2010-05-10,IT & Engineering,Staff,2,0.0,0,0.0,0
DTAA/JLC0744,2010-05-10,IT & Engineering,Staff,2,0.0,0,0.0,0
DTAA/RJP0345,2010-05-10,IT & Engineering,Staff,3,0.0,0,0.0,0
DTAA/HBB0402,2010-05-10,IT & Engineering,Staff,2,0.0,0,0.0,0
DTAA/AMH0101,2010-05-10,IT & Engineering,Staff,2,0.0,0,0.0,0
DTAA/PAC0722,2010-05-10,IT & Engineering,Staff,2,1.0,0,0.0,0
DTAA/AWB0828,2010-05-10,IT & Engineering,Staff,2,0.0,0,0.0,0
DTAA/WSL0470,2010-05-10,IT & Engineering,Staff,3,0.0,0,0.0,0
DTAA/MRS0395,2010-05-10,IT & Engineering,Staff,2,0.0,0,0.0,0
DTAA/SGC0118,2010-05-10,IT & Engineering,Staff,2,0.0,0,0.0,0
DTAA/KGS0398,2010-05-10,IT & Engineering,Staff,3,1.0,0,0.0,0
DTAA/GCH0545,2010-05-10,IT & Engineering,Staff,2,1.0,0,0.0,0
DTAA/NJH0593,2010-05-10,IT & Engineering,Staff,2,0.0,0,0.0,0
DTAA/PTH0957,2010-05-10,IT & Engineering,Staff,2,1.0,0,0.0,0
DTAA/PBH0441,2010-05-10,IT & Engineering,Staff,2,1.0,0,0.0,0
DTAA/BPC0533,2010-05-10,IT & Engineering,Staff,3,1.0,0,0.0,0
DTAA/RAH0968,2010-05-10,IT & Engineering,Staff,2,0.0,0,0.0,0
DTAA/OZM0468,2010-05-10,IT & Engineering,Staff,2,0.0,0,0.0,0
DTAA/TXR0884,2010-05-10,IT & Engineering,Staff,2,1.0,0,0.0,0
DTAA/DAW0221,2010-05-10,IT & Engineering,Staff,3,2.0,0,0.0,0
DTAA/BCS0374,2010-05-10,IT & Engineering,Staff,2,1.0,0,0.0,0
DTAA/FGM0119,2010-05-10,IT & Engineering,Staff,2,1.0,0,0.0,0
DTAA/MCC0851,2010-05-10,IT & Engineering,Staff,2,0.0,0,0.0,0
DTAA/SGG0584,2010-05-10,IT & Engineering,Staff,3,1.0,0,0.0,0
DTAA/CRF0074,2010-05-10,IT & Engineering,Staff,3,1.0,0,0.0,0
DTAA/CBP0628,2010-05-11,IT & Engineering,Staff,2,2.0,0,0.0,0
DTAA/MWH0853,2010-05-11,IT & Engineering,Staff,2,1.0,0,0.0,0
DTAA/AKA0033,2010-05-11,IT & Engineering,Staff,2,1.0,0,0.0,0
DTAA/GJG0820,2010-05-11,IT & Engineering,Staff,2,1.0,0,0.0,0
DTAA/OTS0256,2010-05-11,IT & Engineering,Staff,2,1.0,0,0.0,0
DTAA/MTC0538,2010-05-11,IT & Engineering,Staff,2,1.0,0,0.0,0
DTAA/DDJ0535,2010-05-11,IT & Engineering,Staff,2,1.0,0,0.0,0
DTAA/IMW0965,2010-05-11,IT & Engineering,Staff,2,1.0,0,0.0,0
DTAA/MMH0581,2010-05-11,IT & Engineering,Staff,2,2.0,0,0.0,0
DTAA/NWT0708,2010-05-11,IT & Engineering,Staff,2,1.0,0,0.0,0
DTAA/JJB0720,2010-05-11,IT & Engineering,Staff,2,1.0,0,0.0,0
DTAA/AID0577,2010-05-11,IT & Engineering,Staff,2,1.0,0,0.0,0
DTAA/LND0767,2010-05-11,IT & Engineering,Staff,2,1.0,0,0.0,0
DTAA/AKH0067,2010-05-11,IT & Engineering,Staff,2,1.0,0,0.0,0
DTAA/DXM0213,2010-05-11,IT & Engineering,Staff,2,1.0,0,0.0,0
DTAA/HKO0796,2010-05-11,IT & Engineering,Staff,2,1.0,0,0.0,0
DTAA/PVH0124,2010-05-11,IT & Engineering,Staff,2,1.0,0,0.0,0
DTAA/CAH0921,2010-05-11,IT & Engineering,Staff,2,1.0,0,0.0,0
DTAA/RDP0855,2010-05-11,IT & Engineering,Staff,2,1.0,0,0.0,0
DTAA/RQH0770,2010-05-11,IT & Engineering,Staff,3,1.0,0,0.0,0
DTAA/SWM0768,2010-05-11,IT & Engineering,Staff,2,2.0,0,0.0,0
DTAA/EAR0695,2010-05-11,IT & Engineering,Staff,2,1.0,0,0.0,0
DTAA/JZV0159,2010-05-11,IT & Engineering,Staff,2,2.0,0,0.0,0
DTAA/GBR0420,2010-05-11,IT & Engineering,Staff,2,1.0,0,0.0,0
DTAA/AFO0022,2010-05-11,IT & Engineering,Staff,3,1.0,0,0.0,0
DTAA/MDS0742,2010-05-11,IT & Engineering,Staff,2,2.0,0,0.0,0
DTAA/KPB0665,2010-05-11,IT & Engineering,Staff,2,1.0,0,0.0,0
DTAA/LAL0170,2010-05-11,IT & Engineering,Staff,2,1.0,0,0.0,0
DTAA/AFG0122,2010-05-11,IT & Engineering,Staff,2,1.0,0,0.0,0
DTAA/AMM0661,2010-05-11,IT & Engineering,Staff,2,1.0,0,0.0,0
DTAA/LTM0418,2010-05-11,IT & Engineering,Staff,5,1.0,0,0.0,0
DTAA/AAC0344,2010-05-11,IT & Engineering,Staff,2,1.0,0,0.0,0
DTAA/NDH0524,2010-05-11,IT & Engineering,Staff,2,1.0,0,0.0,0
DTAA/LID0942,2010-05-11,IT & Engineering,Staff,3,1.0,0,0.0,0
DTAA/EKB0587,2010-05-11,IT & Engineering,Staff,2,2.0,0,0.0,0
DTAA/ABL0836,2010-05-11,IT & Engineering,Staff,2,2.0,0,0.0,0
DTAA/HCR0525,2010-05-11,IT & Engineering,Staff,2,0.0,0,0.0,0
DTAA/LCK0666,2010-05-11,IT & Engineering,Staff,3,1.0,0,0.0,0
DTAA/AKM0969,2010-05-11,IT & Engineering,Staff,2,0.0,0,0.0,0
DTAA/DAG0754,2010-05-11,IT & Engineering,Staff,3,0.0,0,0.0,0
DTAA/LDB0961,2010-05-11,IT & Engineering,Staff,2,1.0,0,0.0,0
DTAA/KTC0285,2010-05-11,IT & Engineering,Staff,2,1.0,0,0.0,0
DTAA/SDC0032,2010-05-11,IT & Engineering,Staff,3,0.0,0,0.0,0
DTAA/CBR0104,2010-05-11,IT & Engineering,Staff,2,1.0,0,0.0,0
DTAA/HAG0649,2010-05-11,IT & Engineering,Staff,5,0.0,0,0.0,0
DTAA/CMM0900,2010-05-11,IT & Engineering,Staff,2,0.0,0,0.0,0
DTAA/HEG0785,2010-05-11,IT & Engineering,Staff,2,0.0,0,0.0,0
DTAA/BAF0379,2010-05-11,IT & Engineering,Staff,4,0.0,0,0.0,0
DTAA/KYH0920,2010-05-11,IT & Engineering,Staff,2,0.0,0,0.0,0
DTAA/IHD0259,2010-05-11,IT & Engineering,Staff,2,0.0,0,0.0,0
DTAA/PIP0746,2010-05-11,IT & Engineering,Staff,3,1.0,0,0.0,0
DTAA/SAM0954,2010-05-11,IT & Engineering,Staff,4,0.0,0,0.0,0
DTAA/KBB0983,2010-05-11,IT & Engineering,Staff,2,1.0,0,0.0,0
DTAA/IWM0482,2010-05-11,IT & Engineering,Staff,2,0.0,0,0.0,0
DTAA/IGB0310,2010-05-11,IT & Engineering,Staff,2,0.0,0,0.0,0
DTAA/PKM0092,2010-05-11,IT & Engineering,Staff,3,1.0,0,0.0,0
DTAA/SER0835,2010-05-11,IT & Engineering,Staff,2,1.0,0,0.0,0
DTAA/VNM0127,2010-05-11,IT & Engineering,Staff,2,1.0,0,0.0,0
DTAA/AJP0553,2010-05-11,IT & Engineering,Staff,2,1.0,0,0.0,0
DTAA/GNB0481,2010-05-11,IT & Engineering,Staff,2,0.0,0,0.0,0
DTAA/CNS0950,2010-05-11,IT & Engineering,Staff,2,1.0,0,0.0,0
DTAA/TER0923,2010-05-11,IT & Engineering,Staff,2,0.0,0,0.0,0
DTAA/DWF0128,2010-05-11,IT & Engineering,Staff,2,0.0,0,0.0,0
DTAA/CBC0653,2010-05-11,IT & Engineering,Staff,2,1.0,0,0.0,0
DTAA/LCK0551,2010-05-11,IT & Engineering,Staff,2,1.0,0,0.0,0
DTAA/TCH0230,2010-05-11,IT & Engineering,Staff,2,0.0,0,0.0,0
DTAA/ICB0779,2010-05-11,IT & Engineering,Staff,2,1.0,0,0.0,0
DTAA/DGM0240,2010-05-11,IT & Engineering,Staff,3,1.0,0,0.0,0
DTAA/RBC0583,2010-05-11,IT & Engineering,Staff,3,1.0,0,0.0,0
DTAA/JTT0989,2010-05-12,IT & Engineering,Staff,6,5.0,0,0.0,0
DTAA/ACD0647,2010-05-12,IT & Engineering,Staff,2,1.0,0,0.0,0
DTAA/DST0527,2010-05-12,IT & Engineering,Staff,2,1.0,0,0.0,0
DTAA/JBA0373,2010-05-12,IT & Engineering,Staff,3,1.0,0,0.0,0
DTAA/CNT0514,2010-05-12,IT & Engineering,Staff,2,1.0,0,0.0,0
DTAA/BFO0974,2010-05-12,IT & Engineering,Staff,2,1.0,0,0.0,0
DTAA/ZKH0388,2010-05-12,IT & Engineering,Staff,3,1.0,0,0.0,0
DTAA/EGM0401,2010-05-12,IT & Engineering,Staff,5,2.0,0,0.0,0
DTAA/STC0066,2010-05-12,IT & Engineering,Staff,2,1.0,0,0.0,0
DTAA/JFA0081,2010-05-12,IT & Engineering,Staff,2,1.0,0,0.0,0
DTAA/RES0962,2010-05-12,IT & Engineering,Staff,2,1.0,0,0.0,0
DTAA/RLC0442,2010-05-12,IT & Engineering,Staff,2,1.0,0,0.0,0
DTAA/RBB0229,2010-05-12,IT & Engineering,Staff,2,2.0,0,0.0,0
DTAA/OHA0451,2010-05-12,IT & Engineering,Staff,2,1.0,0,0.0,0
DTAA/DWB0426,2010-05-12,IT & Engineering,Staff,2,1.0,0,0.0,0
DTAA/DDW0643,2010-05-12,IT & Engineering,Staff,3,1.0,0,0.0,0
DTAA/MSV0506,2010-05-12,IT & Engineering,Staff,3,1.0,0,0.0,0
DTAA/MGB0728,2010-05-12,IT & Engineering,Staff,2,1.0,0,0.0,0
DTAA/BPB0808,2010-05-12,IT & Engineering,Staff,5,1.0,0,0.0,0
DTAA/TUA0298,2010-05-12,IT & Engineering,Staff,3,1.0,0,0.0,0
DTAA/ARM0416,2010-05-12,IT & Engineering,Staff,3,1.0,0,0.0,0
DTAA/RZW0369,2010-05-12,IT & Engineering,Staff,3,2.0,0,0.0,0
DTAA/CTR0537,2010-05-12,IT & Engineering,Staff,3,1.0,0,0.0,0
DTAA/IAH0822,2010-05-12,IT & Engineering,Staff,2,1.0,0,0.0,0
DTAA/JSE0020,2010-05-12,IT & Engineering,Staff,4,1.0,0,0.0,0
DTAA/ASC0132,2010-05-12,IT & Engineering,Staff,2,1.0,0,0.0,0
DTAA/JDR0685,2010-05-12,IT & Engineering,Staff,3,1.0,0,0.0,0
DTAA/MRM0205,2010-05-12,IT & Engineering,Staff,2,1.0,0,0.0,0
DTAA/LBC0422,2010-05-12,IT & Engineering,Staff,2,1.0,0,0.0,0
DTAA/GKJ0573,2010-05-12,IT & Engineering,Staff,2,1.0,0,0.0,0
DTAA/AAS0709,2010-05-12,IT & Engineering,Staff,3,1.0,0,0.0,0
DTAA/DAW0199,2010-05-12,IT & Engineering,Staff,2,1.0,0,0.0,0
DTAA/JBS0483,2010-05-12,IT & Engineering,Staff,3,0.0,0,0.0,0
DTAA/CHM0645,2010-05-12,IT & Engineering,Staff,2,0.0,0,0.0,0
DTAA/ECB0494,2010-05-12,IT & Engineering,Staff,2,0.0,0,0.0,0
DTAA/GHB0863,2010-05-12,IT & Engineering,Staff,3,0.0,0,0.0,0
DTAA/SLG0008,2010-05-12,IT & Engineering,Staff,2,1.0,0,0.0,0
DTAA/MKG0273,2010-05-12,IT & Engineering,Staff,2,0.0,0,0.0,0
DTAA/SMC0139,2010-05-12,IT & Engineering,Staff,4,0.0,0,0.0,0
DTAA/BCB0013,2010-05-12,IT & Engineering,Staff,2,0.0,0,0.0,0
DTAA/UJC0849,2010-05-12,IT & Engineering,Staff,2,1.0,0,0.0,0
DTAA/DOO0986,2010-05-12,IT & Engineering,Staff,2,0.0,0,0.0,0
DTAA/OBD0786,2010-05-12,IT & Engineering,Staff,3,0.0,0,0.0,0
DTAA/LLK0316,2010-05-12,IT & Engineering,Staff,2,0.0,0,0.0,0
DTAA/LKY0181,2010-05-12,IT & Engineering,Staff,3,0.0,0,0.0,0
DTAA/ABS0726,2010-05-12,IT & Engineering,Staff,2,1.0,0,0.0,0
DTAA/PMB0702,2010-05-12,IT & Engineering,Staff,3,1.0,0,0.0,0
DTAA/CRM0058,2010-05-12,IT & Engineering,Staff,2,1.0,0,0.0,0
DTAA/NGC0624,2010-05-12,IT & Engineering,Staff,2,1.0,0,0.0,0
DTAA/BKH0156,2010-05-12,IT & Engineering,Staff,2,0.0,0,0.0,0
DTAA/LAM0952,2010-05-12,IT & Engineering,Staff,2,1.0,0,0.0,0
DTAA/JCG0817,2010-05-12,IT & Engineering,Staff,2,1.0,0,0.0,0
DTAA/CWG0305,2010-05-12,IT & Engineering,Staff,2,1.0,0,0.0,0
DTAA/KPC0158,2010-05-13,IT & Engineering,Staff,2,1.0,0,0.0,0
DTAA/NHH0566,2010-05-13,IT & Engineering,Staff,3,1.0,0,0.0,0
DTAA/AJS0917,2010-05-13,IT & Engineering,Staff,2,1.0,0,0.0,0
DTAA/YCD0922,2010-05-13,IT & Engineering,Staff,2,1.0,0,0.0,0
DTAA/DBM0698,2010-05-13,IT & Engineering,Staff,2,1.0,0,0.0,0
DTAA/DBA0367,2010-05-13,IT & Engineering,Staff,2,1.0,0,0.0,0
DTAA/AGB0091,2010-05-13,IT & Engineering,Staff,2,1.0,0,0.0,0
DTAA/ABH0963,2010-05-13,IT & Engineering,Staff,2,1.0,0,0.0,0
DTAA/LBD0946,2010-05-13,IT & Engineering,Staff,2,1.0,0,0.0,0
DTAA/FLC0811,2010-05-13,IT & Engineering,Staff,2,1.0,0,0.0,0
DTAA/EOS0972,2010-05-13,IT & Engineering,Staff,5,1.0,0,0.0,0
DTAA/KGC0456,2010-05-13,IT & Engineering,Staff,2,1.0,0,0.0,0
DTAA/JXG0567,2010-05-13,IT & Engineering,Staff,2,2.0,0,0.0,0
DTAA/GMF0571,2010-05-13,IT & Engineering,Staff,3,1.0,0,0.0,0
DTAA/HRK0729,2010-05-13,IT & Engineering,Staff,2,1.0,0,0.0,0
DTAA/OJG0866,2010-05-13,IT & Engineering,Staff,2,2.0,0,0.0,0
DTAA/JRP0458,2010-05-13,IT & Engineering,Staff,2,1.0,0,0.0,0
DTAA/GTJ0243,2010-05-13,IT & Engineering,Staff,2,1.0,0,0.0,0
DTAA/ASR0539,2010-05-13,IT & Engineering,Staff,2,1.0,0,0.0,0
DTAA/AGF0088,2010-05-13,IT & Engineering,Staff,2,2.0,0,0.0,0
DTAA/KNH0719,2010-05-13,IT & Engineering,Staff,2,1.0,0,0.0,0
DTAA/ALW0250,2010-05-13,IT & Engineering,Staff,2,1.0,0,0.0,0
DTAA/EJB0888,2010-05-13,IT & Engineering,Staff,2,1.0,0,0.0,0
DTAA/BGN0054,2010-05-13,IT & Engineering,Staff,2,1.0,0,0.0,0
DTAA/HNS0858,2010-05-13,IT & Engineering,Staff,3,1.0,0,0.0,0
DTAA/AIC0321,2010-05-13,IT & Engineering,Staff,2,1.0,0,0.0,0
DTAA/HWG0148,2010-05-13,IT & Engineering,Staff,3,1.0,0,0.0,0
DTAA/HAS0430,2010-05-13,IT & Engineering,Staff,3,0.0,0,0.0,0
DTAA/HBL0517,2010-05-13,IT & Engineering,Staff,5,0.0,0,0.0,0
DTAA/GDG0184,2010-05-13,IT & Engineering,Staff,3,0.0,0,0.0,0
DTAA/LLB0843,2010-05-13,IT & Engineering,Staff,3,0.0,0,0.0,0
DTAA/VUF0522,2010-05-13,IT & Engineering,Staff,3,1.0,0,0.0,0
DTAA/CDS0300,2010-05-13,IT & Engineering,Staff,2,0.0,0,0.0,0
DTAA/JLC0711,2010-05-13,IT & Engineering,Staff,3,0.0,0,0.0,0
DTAA/MDC0595,2010-05-13,IT & Engineering,Staff,2,0.0,0,0.0,0
DTAA/ALK0520,2010-05-13,IT & Engineering,Staff,3,1.0,0,0.0,0
DTAA/NDH0807,2010-05-13,IT & Engineering,Staff,5,0.0,0,0.0,0
DTAA/QLW0941,2010-05-13,IT & Engineering,Staff,3,0.0,0,0.0,0
DTAA/CPP0761,2010-05-13,IT & Engineering,Staff,2,1.0,0,0.0,0
DTAA/SKB0263,2010-05-13,IT & Engineering,Staff,2,0.0,0,0.0,0
DTAA/GLB0715,2010-05-13,IT & Engineering,Staff,2,0.0,0,0.0,0
DTAA/ODW0839,2010-05-13,IT & Engineering,Staff,2,1.0,0,0.0,0
DTAA/CTF0687,2010-05-13,IT & Engineering,Staff,2,1.0,0,0.0,0
DTAA/BCH0912,2010-05-13,IT & Engineering,Staff,2,1.0,0,0.0,0
DTAA/AFD0868,2010-05-13,IT & Engineering,Staff,2,1.0,0,0.0,0
DTAA/WWC0894,2010-05-13,IT & Engineering,Staff,2,1.0,0,0.0,0
DTAA/SSC0047,2010-05-13,IT & Engineering,Staff,3,1.0,0,0.0,0
DTAA/ITC0131,2010-05-13,IT & Engineering,Staff,2,0.0,0,0.0,0
DTAA/IRC0991,2010-05-14,IT & Engineering,Staff,15,5.0,0,0.0,0
DTAA/OLR0984,2010-05-14,IT & Engineering,Staff,2,1.0,0,0.0,0
DTAA/IGC0415,2010-05-14,IT & Engineering,Staff,2,1.0,0,0.0,0
DTAA/SXH0895,2010-05-14,IT & Engineering,Staff,2,1.0,0,0.0,0
DTAA/NQC0925,2010-05-14,IT & Engineering,Staff,2,1.0,0,0.0,0
DTAA/SJH0907,2010-05-14,IT & Engineering,Staff,2,1.0,0,0.0,0
DTAA/BFO0438,2010-05-14,IT & Engineering,Staff,2,1.0,0,0.0,0
DTAA/HTG0554,2010-05-14,IT & Engineering,Staff,2,1.0,0,0.0,0
DTAA/SGS0352,2010-05-14,IT & Engineering,Staff,2,1.0,0,0.0,0
DTAA/AEC0750,2010-05-14,IT & Engineering,Staff,2,1.0,0,0.0,0
DTAA/CGM0319,2010-05-14,IT & Engineering,Staff,2,1.0,0,0.0,0
DTAA/JMP0200,2010-05-14,IT & Engineering,Staff,2,1.0,0,0.0,0
DTAA/KBP0188,2010-05-14,IT & Engineering,Staff,2,1.0,0,0.0,0
DTAA/KCH0987,2010-05-14,IT & Engineering,Staff,2,1.0,0,0.0,0
DTAA/FIM0668,2010-05-14,IT & Engineering,Staff,2,1.0,0,0.0,0
DTAA/RCR0864,2010-05-14,IT & Engineering,Staff,2,1.0,0,0.0,0
DTAA/BFV0911,2010-05-14,IT & Engineering,Staff,2,1.0,0,0.0,0
DTAA/KBC0337,2010-05-14,IT & Engineering,Staff,2,2.0,0,0.0,0
DTAA/ASP0799,2010-05-14,IT & Engineering,Staff,2,1.0,0,0.0,0
DTAA/PJL0320,2010-05-14,IT & Engineering,Staff,3,2.0,0,0.0,0
DTAA/ANS0172,2010-05-14,IT & Engineering,Staff,2,2.0,0,0.0,0
DTAA/RLS0935,2010-05-14,IT & Engineering,Staff,2,1.0,0,0.0,0
DTAA/WBW0591,2010-05-14,IT & Engineering,Staff,2,2.0,0,0.0,0
DTAA/SHS0608,2010-05-14,IT & Engineering,Staff,2,1.0,0,0.0,0
DTAA/TTG0637,2010-05-14,IT & Engineering,Staff,2,2.0,0,0.0,0
DTAA/RJP0345,2010-05-14,IT & Engineering,Staff,3,1.0,0,0.0,0
DTAA/KJM0614,2010-05-14,IT & Engineering,Staff,2,2.0,0,0.0,0
DTAA/NET0306,2010-05-14,IT & Engineering,Staff,2,0.0,0,0.0,0
DTAA/CMU0028,2010-05-14,IT & Engineering,Staff,2,0.0,0,0.0,0
DTAA/LGV0288,2010-05-14,IT & Engineering,Staff,2,0.0,0,0.0,0
DTAA/AMH0101,2010-05-14,IT & Engineering,Staff,2,1.0,0,0.0,0
DTAA/CCH0497,2010-05-14,IT & Engineering,Staff,2,0.0,0,0.0,0
DTAA/JLV0465,2010-05-14,IT & Engineering,Staff,2,0.0,0,0.0,0
DTAA/HBB0402,2010-05-14,IT & Engineering,Staff,3,0.0,0,0.0,0
DTAA/WSL0470,2010-05-14,IT & Engineering,Staff,3,0.0,0,0.0,0
DTAA/AWB0828,2010-05-14,IT & Engineering,Staff,2,0.0,0,0.0,0
DTAA/MRS0395,2010-05-14,IT & Engineering,Staff,2,0.0,0,0.0,0
DTAA/PAC0722,2010-05-14,IT & Engineering,Staff,2,1.0,0,0.0,0
DTAA/PTH0957,2010-05-14,IT & Engineering,Staff,2,1.0,0,0.0,0
DTAA/SGC0118,2010-05-14,IT & Engineering,Staff,2,0.0,0,0.0,0
DTAA/NJH0593,2010-05-14,IT & Engineering,Staff,2,0.0,0,0.0,0
DTAA/KGS0398,2010-05-14,IT & Engineering,Staff,3,1.0,0,0.0,0
DTAA/GCH0545,2010-05-14,IT & Engineering,Staff,2,1.0,0,0.0,0
DTAA/RAH0968,2010-05-14,IT & Engineering,Staff,2,0.0,0,0.0,0
DTAA/OZM0468,2010-05-14,IT & Engineering,Staff,2,0.0,0,0.0,0
DTAA/TXR0884,2010-05-14,IT & Engineering,Staff,2,1.0,0,0.0,0
DTAA/PBH0441,2010-05-14,IT & Engineering,Staff,2,1.0,0,0.0,0
DTAA/FGM0119,2010-05-14,IT & Engineering,Staff,2,1.0,0,0.0,0
DTAA/DAW0221,2010-05-14,IT & Engineering,Staff,2,1.0,0,0.0,0
DTAA/BCS0374,2010-05-14,IT & Engineering,Staff,2,1.0,0,0.0,0
DTAA/CRF0074,2010-05-14,IT & Engineering,Staff,2,1.0,0,0.0,0
DTAA/SGG0584,2010-05-14,IT & Engineering,Staff,3,1.0,0,0.0,0
DTAA/MCC0851,2010-05-14,IT & Engineering,Staff,2,0.0,0,0.0,0
DTAA/MCR0314,2010-05-17,IT & Engineering,Staff,2,1.0,0,0.0,0
DTAA/NJD0267,2010-05-17,IT & Engineering,Staff,2,1.0,0,0.0,0
DTAA/OAR0291,2010-05-17,IT & Engineering,Staff,3,1.0,0,0.0,0
DTAA/ZBM0626,2010-05-17,IT & Engineering,Staff,2,1.0,0,0.0,0
DTAA/JGC0775,2010-05-17,IT & Engineering,Staff,3,2.0,0,0.0,0
DTAA/LIB0089,2010-05-17,IT & Engineering,Staff,2,1.0,0,0.0,0
DTAA/BML0618,2010-05-17,IT & Engineering,Staff,2,2.0,0,0.0,0
DTAA/SCJ0498,2010-05-17,IT & Engineering,Staff,3,1.0,0,0.0,0
DTAA/MSH0322,2010-05-17,IT & Engineering,Staff,2,1.0,0,0.0,0
DTAA/JHM0408,2010-05-17,IT & Engineering,Staff,3,1.0,0,0.0,0
DTAA/AJM0302,2010-05-17,IT & Engineering,Staff,2,1.0,0,0.0,0
DTAA/BAB0505,2010-05-17,IT & Engineering,Staff,2,1.0,0,0.0,0
DTAA/VFP0669,2010-05-17,IT & Engineering,Staff,3,1.0,0,0.0,0
DTAA/RDH0117,2010-05-17,IT & Engineering,Staff,2,2.0,0,0.0,0
DTAA/ALS0087,2010-05-17,IT & Engineering,Staff,2,1.0,0,0.0,0
DTAA/MDT0356,2010-05-17,IT & Engineering,Staff,3,2.0,0,0.0,0
DTAA/CMC0814,2010-05-17,IT & Engineering,Staff,2,2.0,0,0.0,0
DTAA/CDS0110,2010-05-17,IT & Engineering,Staff,3,1.0,0,0.0,0
DTAA/SCK0576,2010-05-17,IT & Engineering,Staff,2,1.0,0,0.0,0
DTAA/BAM0466,2010-05-17,IT & Engineering,Staff,2,2.0,0,0.0,0
DTAA/WAH0813,2010-05-17,IT & Engineering,Staff,2,1.0,0,0.0,0
DTAA/DCF0307,2010-05-17,IT & Engineering,Staff,2,1.0,0,0.0,0
DTAA/SDM0333,2010-05-17,IT & Engineering,Staff,2,0.0,0,0.0,0
DTAA/HNK0421,2010-05-17,IT & Engineering,Staff,2,0.0,0,0.0,0
DTAA/BNN0072,2010-05-17,IT & Engineering,Staff,2,1.0,0,0.0,0
DTAA/ABD0833,2010-05-17,IT & Engineering,Staff,2,0.0,0,0.0,0
DTAA/FNO0471,2010-05-17,IT & Engineering,Staff,2,1.0,0,0.0,0
DTAA/CBR0208,2010-05-17,IT & Engineering,Staff,2,0.0,0,0.0,0
DTAA/PCM0846,2010-05-17,IT & Engineering,Staff,3,1.0,0,0.0,0
DTAA/SAS0433,2010-05-17,IT & Engineering,Staff,2,0.0,0,0.0,0
DTAA/MIH0429,2010-05-17,IT & Engineering,Staff,2,1.0,0,0.0,0
DTAA/HFC0680,2010-05-17,IT & Engineering,Staff,2,0.0,0,0.0,0
DTAA/AKW0582,2010-05-17,IT & Engineering,Staff,2,0.0,0,0.0,0
DTAA/AXB0007,2010-05-17,IT & Engineering,Staff,2,0.0,0,0.0,0
DTAA/PAG0557,2010-05-17,IT & Engineering,Staff,2,1.0,0,0.0,0
DTAA/OIR0424,2010-05-17,IT & Engineering,Staff,2,1.0,0,0.0,0
DTAA/ZCA0652,2010-05-17,IT & Engineering,Staff,2,0.0,0,0.0,0
DTAA/AEG0905,2010-05-17,IT & Engineering,Staff,2,1.0,0,0.0,0
DTAA/FTB0295,2010-05-17,IT & Engineering,Staff,2,0.0,0,0.0,0
DTAA/LCP0359,2010-05-17,IT & Engineering,Staff,2,1.0,0,0.0,0
DTAA/BDI0634,2010-05-17,IT & Engineering,Staff,2,1.0,0,0.0,0
DTAA/CAM0975,2010-05-17,IT & Engineering,Staff,2,0.0,0,0.0,0
DTAA/IMD0280,2010-05-17,IT & Engineering,Staff,2,1.0,0,0.0,0
DTAA/CTH0082,2010-05-17,IT & Engineering,Staff,2,1.0,0,0.0,0
DTAA/LAH0397,2010-05-17,IT & Engineering,Staff,2,1.0,0,0.0,0
DTAA/MBD0602,2010-05-17,IT & Engineering,Staff,2,0.0,0,0.0,0
DTAA/NJS0448,2010-05-17,IT & Engineering,Staff,3,1.0,0,0.0,0
DTAA/SIP0805,2010-05-17,IT & Engineering,Staff,2,0.0,0,0.0,0
DTAA/RAA0594,2010-05-17,IT & Engineering,Staff,2,0.0,0,0.0,0
DTAA/SKL0881,2010-05-17,IT & Engineering,Staff,3,1.0,0,0.0,0
DTAA/BCW0386,2010-05-17,IT & Engineering,Staff,2,0.0,0,0.0,0
DTAA/WCN0570,2010-05-18,IT & Engineering,Staff,4,4.0,0,0.0,0
DTAA/CGM0994,2010-05-18,IT & Engineering,Staff,17,11.0,0,0.0,0
DTAA/MCH0530,2010-05-18,IT & Engineering,Staff,3,1.0,0,0.0,0
DTAA/KRC0021,2010-05-18,IT & Engineering,Staff,5,1.0,0,0.0,0
DTAA/AMA0606,2010-05-18,IT & Engineering,Staff,2,1.0,0,0.0,0
DTAA/HOO0224,2010-05-18,IT & Engineering,Staff,2,1.0,0,0.0,0
DTAA/HCR0795,2010-05-18,IT & Engineering,Staff,2,1.0,0,0.0,0
DTAA/PRR0982,2010-05-18,IT & Engineering,Staff,2,1.0,0,0.0,0
DTAA/OJH0425,2010-05-18,IT & Engineering,Staff,3,2.0,0,0.0,0
DTAA/JCT0410,2010-05-18,IT & Engineering,Staff,3,1.0,0,0.0,0
DTAA/RJP0286,2010-05-18,IT & Engineering,Staff,2,2.0,0,0.0,0
DTAA/SJB0751,2010-05-18,IT & Engineering,Staff,2,1.0,0,0.0,0
DTAA/DCB0462,2010-05-18,IT & Engineering,Staff,3,2.0,0,0.0,0
DTAA/CHS0324,2010-05-18,IT & Engineering,Staff,3,1.0,0,0.0,0
DTAA/JCL0752,2010-05-18,IT & Engineering,Staff,2,1.0,0,0.0,0
DTAA/CPM0959,2010-05-18,IT & Engineering,Staff,2,1.0,0,0.0,0
DTAA/BLB0079,2010-05-18,IT & Engineering,Staff,3,1.0,0,0.0,0
DTAA/PRB0568,2010-05-18,IT & Engineering,Staff,2,1.0,0,0.0,0
DTAA/IIR0475,2010-05-18,IT & Engineering,Staff,3,1.0,0,0.0,0
DTAA/RKC0733,2010-05-18,IT & Engineering,Staff,2,2.0,0,0.0,0
DTAA/HRT0737,2010-05-18,IT & Engineering,Staff,2,1.0,0,0.0,0
DTAA/MED0748,2010-05-18,IT & Engineering,Staff,2,1.0,0,0.0,0
DTAA/AFN0918,2010-05-18,IT & Engineering,Staff,2,1.0,0,0.0,0
DTAA/HTC0607,2010-05-18,IT & Engineering,Staff,3,1.0,0,0.0,0
DTAA/EDR0642,2010-05-18,IT & Engineering,Staff,2,1.0,0,0.0,0
DTAA/XIN0791,2010-05-18,IT & Engineering,Staff,2,2.0,0,0.0,0
DTAA/FCG0115,2010-05-18,IT & Engineering,Staff,2,1.0,0,0.0,0
DTAA/EMM0782,2010-05-18,IT & Engineering,Staff,2,1.0,0,0.0,0
DTAA/IAG0152,2010-05-18,IT & Engineering,Staff,2,2.0,0,0.0,0
DTAA/CTH0856,2010-05-18,IT & Engineering,Staff,2,1.0,0,0.0,0
DTAA/DJC0162,2010-05-18,IT & Engineering,Staff,2,2.0,0,0.0,0
DTAA/SSV0560,2010-05-18,IT & Engineering,Staff,2,1.0,0,0.0,0
DTAA/DNM0143,2010-05-18,IT & Engineering,Staff,2,1.0,0,0.0,0
DTAA/SND0611,2010-05-18,IT & Engineering,Staff,2,1.0,0,0.0,0
DTAA/JDM0083,2010-05-18,IT & Engineering,Staff,2,0.0,0,0.0,0
DTAA/AEW0730,2010-05-18,IT & Engineering,Staff,2,0.0,0,0.0,0
DTAA/PKH0542,2010-05-18,IT & Engineering,Staff,3,1.0,0,0.0,0
DTAA/GRS0372,2010-05-18,IT & Engineering,Staff,5,0.0,0,0.0,0
DTAA/KSP0927,2010-05-18,IT & Engineering,Staff,2,0.0,0,0.0,0
DTAA/HNR0891,2010-05-18,IT & Engineering,Staff,3,1.0,0,0.0,0
DTAA/HSH0981,2010-05-18,IT & Engineering,Staff,2,1.0,0,0.0,0
DTAA/AAH0734,2010-05-18,IT & Engineering,Staff,2,0.0,0,0.0,0
DTAA/QKR0651,2010-05-18,IT & Engineering,Staff,2,1.0,0,0.0,0
DTAA/DRN0845,2010-05-18,IT & Engineering,Staff,3,1.0,0,0.0,0
DTAA/SFS0308,2010-05-18,IT & Engineering,Staff,2,1.0,0,0.0,0
DTAA/ARR0758,2010-05-18,IT & Engineering,Staff,2,1.0,0,0.0,0
DTAA/BTH0358,2010-05-18,IT & Engineering,Staff,2,0.0,0,0.0,0
DTAA/RAC0282,2010-05-18,IT & Engineering,Staff,3,0.0,0,0.0,0
DTAA/MKN0234,2010-05-18,IT & Engineering,Staff,2,0.0,0,0.0,0
DTAA/SBK0108,2010-05-18,IT & Engineering,Staff,2,0.0,0,0.0,0
DTAA/ORW0580,2010-05-18,IT & Engineering,Staff,2,1.0,0,0.0,0
DTAA/RDT0659,2010-05-18,IT & Engineering,Staff,2,0.0,0,0.0,0
DTAA/THS0006,2010-05-18,IT & Engineering,Staff,2,0.0,0,0.0,0
DTAA/CGR0202,2010-05-18,IT & Engineering,Staff,2,0.0,0,0.0,0
DTAA/KUC0848,2010-05-18,IT & Engineering,Staff,2,1.0,0,0.0,0
DTAA/BCM0899,2010-05-18,IT & Engineering,Staff,2,1.0,0,0.0,0
DTAA/CCA0349,2010-05-18,IT & Engineering,Staff,2,1.0,0,0.0,0
DTAA/RAY0882,2010-05-18,IT & Engineering,Staff,3,0.0,0,0.0,0
DTAA/VAH0262,2010-05-18,IT & Engineering,Staff,2,1.0,0,0.0,0
DTAA/NHH0566,2010-05-19,IT & Engineering,Staff,4,3.0,0,0.0,0
DTAA/AJS0917,2010-05-19,IT & Engineering,Staff,2,1.0,0,0.0,0
DTAA/YCD0922,2010-05-19,IT & Engineering,Staff,2,1.0,0,0.0,0
DTAA/KPC0158,2010-05-19,IT & Engineering,Staff,2,1.0,0,0.0,0
DTAA/DBA0367,2010-05-19,IT & Engineering,Staff,2,1.0,0,0.0,0
DTAA/DBM0698,2010-05-19,IT & Engineering,Staff,3,1.0,0,0.0,0
DTAA/LBD0946,2010-05-19,IT & Engineering,Staff,2,1.0,0,0.0,0
DTAA/GMF0571,2010-05-19,IT & Engineering,Staff,3,1.0,0,0.0,0
DTAA/AGB0091,2010-05-19,IT & Engineering,Staff,2,1.0,0,0.0,0
DTAA/FLC0811,2010-05-19,IT & Engineering,Staff,2,1.0,0,0.0,0
DTAA/ABH0963,2010-05-19,IT & Engineering,Staff,2,1.0,0,0.0,0
DTAA/JXG0567,2010-05-19,IT & Engineering,Staff,2,2.0,0,0.0,0
DTAA/KGC0456,2010-05-19,IT & Engineering,Staff,2,1.0,0,0.0,0
DTAA/HRK0729,2010-05-19,IT & Engineering,Staff,2,1.0,0,0.0,0
DTAA/JRP0458,2010-05-19,IT & Engineering,Staff,2,1.0,0,0.0,0
DTAA/ALW0250,2010-05-19,IT & Engineering,Staff,2,1.0,0,0.0,0
DTAA/DCC0600,2010-05-19,IT & Engineering,Staff,2,1.0,0,0.0,0
DTAA/EOS0972,2010-05-19,IT & Engineering,Staff,3,1.0,0,0.0,0
DTAA/OJG0866,2010-05-19,IT & Engineering,Staff,2,2.0,0,0.0,0
DTAA/GDG0184,2010-05-19,IT & Engineering,Staff,3,1.0,0,0.0,0
DTAA/BGN0054,2010-05-19,IT & Engineering,Staff,2,1.0,0,0.0,0
DTAA/GTJ0243,2010-05-19,IT & Engineering,Staff,2,1.0,0,0.0,0
DTAA/AIC0321,2010-05-19,IT & Engineering,Staff,2,1.0,0,0.0,0
DTAA/VUF0522,2010-05-19,IT & Engineering,Staff,3,2.0,0,0.0,0
DTAA/MDC0595,2010-05-19,IT & Engineering,Staff,2,1.0,0,0.0,0
DTAA/AGF0088,2010-05-19,IT & Engineering,Staff,2,2.0,0,0.0,0
DTAA/HNS0858,2010-05-19,IT & Engineering,Staff,3,1.0,0,0.0,0
DTAA/HBL0517,2010-05-19,IT & Engineering,Staff,3,2.0,0,0.0,0
DTAA/JLC0711,2010-05-19,IT & Engineering,Staff,3,1.0,0,0.0,0
DTAA/HWG0148,2010-05-19,IT & Engineering,Staff,2,1.0,0,0.0,0
DTAA/ALK0520,2010-05-19,IT & Engineering,Staff,3,2.0,0,0.0,0
DTAA/KNH0719,2010-05-19,IT & Engineering,Staff,2,0.0,0,0.0,0
DTAA/WDW0485,2010-05-19,IT & Engineering,Staff,3,0.0,0,0.0,0
DTAA/EJB0888,2010-05-19,IT & Engineering,Staff,2,0.0,0,0.0,0
DTAA/CDS0300,2010-05-19,IT & Engineering,Staff,2,0.0,0,0.0,0
DTAA/ASR0539,2010-05-19,IT & Engineering,Staff,2,0.0,0,0.0,0
DTAA/HAS0430,2010-05-19,IT & Engineering,Staff,3,0.0,0,0.0,0
DTAA/LLB0843,2010-05-19,IT & Engineering,Staff,3,0.0,0,0.0,0
DTAA/SOM0478,2010-05-19,IT & Engineering,Staff,4,0.0,0,0.0,0
DTAA/NDH0807,2010-05-19,IT & Engineering,Staff,3,0.0,0,0.0,0
DTAA/QLW0941,2010-05-19,IT & Engineering,Staff,3,0.0,0,0.0,0
DTAA/SKB0263,2010-05-19,IT & Engineering,Staff,2,0.0,0,0.0,0
DTAA/GLB0715,2010-05-19,IT & Engineering,Staff,3,0.0,0,0.0,0
DTAA/CTF0687,2010-05-19,IT & Engineering,Staff,2,1.0,0,0.0,0
DTAA/BCH0912,2010-05-19,IT & Engineering,Staff,2,1.0,0,0.0,0
DTAA/ODW0839,2010-05-19,IT & Engineering,Staff,4,1.0,0,0.0,0
DTAA/SSC0047,2010-05-19,IT & Engineering,Staff,3,1.0,0,0.0,0
DTAA/WWC0894,2010-05-19,IT & Engineering,Staff,2,1.0,0,0.0,0
DTAA/AFD0868,2010-05-19,IT & Engineering,Staff,2,1.0,0,0.0,0
DTAA/ITC0131,2010-05-19,IT & Engineering,Staff,2,0.0,0,0.0,0
DTAA/GRG0693,2010-05-19,IT & Engineering,Staff,2,1.0,0,0.0,0
DTAA/CLB0995,2010-05-20,IT & Engineering,Staff,12,11.0,0,0.0,0
DTAA/MGF0743,2010-05-20,IT & Engineering,Staff,2,1.0,0,0.0,0
DTAA/ICF0629,2010-05-20,IT & Engineering,Staff,2,1.0,0,0.0,0
DTAA/OSS0859,2010-05-20,IT & Engineering,Staff,3,1.0,0,0.0,0
DTAA/BNL0480,2010-05-20,IT & Engineering,Staff,2,1.0,0,0.0,0
DTAA/ONB0177,2010-05-20,IT & Engineering,Staff,2,1.0,0,0.0,0
DTAA/ARB0100,2010-05-20,IT & Engineering,Staff,2,1.0,0,0.0,0
DTAA/JGS0274,2010-05-20,IT & Engineering,Staff,2,1.0,0,0.0,0
DTAA/ECG0753,2010-05-20,IT & Engineering,Staff,2,1.0,0,0.0,0
DTAA/SVC0175,2010-05-20,IT & Engineering,Staff,2,1.0,0,0.0,0
DTAA/NDM0893,2010-05-20,IT & Engineering,Staff,2,1.0,0,0.0,0
DTAA/HBF0035,2010-05-20,IT & Engineering,Staff,3,1.0,0,0.0,0
DTAA/DRM0312,2010-05-20,IT & Engineering,Staff,3,1.0,0,0.0,0
DTAA/ZKE0662,2010-05-20,IT & Engineering,Staff,3,2.0,0,0.0,0
DTAA/FJC0138,2010-05-20,IT & Engineering,Staff,2,1.0,0,0.0,0
DTAA/EDW0137,2010-05-20,IT & Engineering,Staff,2,2.0,0,0.0,0
DTAA/DLM0723,2010-05-20,IT & Engineering,Staff,2,1.0,0,0.0,0
DTAA/ASO0023,2010-05-20,IT & Engineering,Staff,4,2.0,0,0.0,0
DTAA/NBT0479,2010-05-20,IT & Engineering,Staff,3,1.0,0,0.0,0
DTAA/CGH0125,2010-05-20,IT & Engineering,Staff,2,1.0,0,0.0,0
DTAA/AMM0830,2010-05-20,IT & Engineering,Staff,2,1.0,0,0.0,0
DTAA/GYB0248,2010-05-20,IT & Engineering,Staff,2,1.0,0,0.0,0
DTAA/MCM0090,2010-05-20,IT & Engineering,Staff,2,1.0,0,0.0,0
DTAA/PDS0896,2010-05-20,IT & Engineering,Staff,2,1.0,0,0.0,0
DTAA/TSC0431,2010-05-20,IT & Engineering,Staff,2,1.0,0,0.0,0
DTAA/RLC0019,2010-05-20,IT & Engineering,Staff,2,1.0,0,0.0,0
DTAA/NFD0706,2010-05-20,IT & Engineering,Staff,3,2.0,0,0.0,0
DTAA/LCC0556,2010-05-20,IT & Engineering,Staff,2,1.0,0,0.0,0
DTAA/AHS0926,2010-05-20,IT & Engineering,Staff,2,1.0,0,0.0,0
DTAA/KIM0617,2010-05-20,IT & Engineering,Staff,2,0.0,0,0.0,0
DTAA/TSM0130,2010-05-20,IT & Engineering,Staff,3,1.0,0,0.0,0
DTAA/HCP0315,2010-05-20,IT & Engineering,Staff,3,0.0,0,0.0,0
DTAA/QLC0632,2010-05-20,IT & Engineering,Staff,2,0.0,0,0.0,0
DTAA/NEP0644,2010-05-20,IT & Engineering,Staff,2,0.0,0,0.0,0
DTAA/WMJ0364,2010-05-20,IT & Engineering,Staff,3,0.0,0,0.0,0
DTAA/JAD0531,2010-05-20,IT & Engineering,Staff,2,0.0,0,0.0,0
DTAA/SOG0461,2010-05-20,IT & Engineering,Staff,2,0.0,0,0.0,0
DTAA/NAW0939,2010-05-20,IT & Engineering,Staff,2,0.0,0,0.0,0
DTAA/DNS0937,2010-05-20,IT & Engineering,Staff,3,1.0,0,0.0,0
DTAA/BVM0716,2010-05-20,IT & Engineering,Staff,2,1.0,0,0.0,0
DTAA/HPN0821,2010-05-20,IT & Engineering,Staff,2,0.0,0,0.0,0
DTAA/NZD0771,2010-05-20,IT & Engineering,Staff,2,1.0,0,0.0,0
DTAA/KES0043,2010-05-20,IT & Engineering,Staff,2,0.0,0,0.0,0
DTAA/LNM0509,2010-05-20,IT & Engineering,Staff,2,0.0,0,0.0,0
DTAA/MGY0732,2010-05-20,IT & Engineering,Staff,3,0.0,0,0.0,0
DTAA/VMF0423,2010-05-20,IT & Engineering,Staff,2,0.0,0,0.0,0
DTAA/ZGH0528,2010-05-20,IT & Engineering,Staff,3,0.0,0,0.0,0
DTAA/AHV0103,2010-05-20,IT & Engineering,Staff,3,0.0,0,0.0,0
DTAA/IJG0454,2010-05-20,IT & Engineering,Staff,2,1.0,0,0.0,0
DTAA/WNS0816,2010-05-20,IT & Engineering,Staff,3,0.0,0,0.0,0
DTAA/LPB0141,2010-05-20,IT & Engineering,Staff,2,0.0,0,0.0,0
DTAA/DNH0619,2010-05-20,IT & Engineering,Staff,2,0.0,0,0.0,0
DTAA/CDE0810,2010-05-20,IT & Engineering,Staff,3,1.0,0,0.0,0
DTAA/THB0783,2010-05-20,IT & Engineering,Staff,2,0.0,0,0.0,0
DTAA/CLP0332,2010-05-20,IT & Engineering,Staff,3,0.0,0,0.0,0
DTAA/WAB0970,2010-05-20,IT & Engineering,Staff,2,0.0,0,0.0,0
DTAA/TDW0348,2010-05-20,IT & Engineering,Staff,2,0.0,0,0.0,0
DTAA/SBB0044,2010-05-20,IT & Engineering,Staff,2,1.0,0,0.0,0
DTAA/FHM0931,2010-05-20,IT & Engineering,Staff,2,1.0,0,0.0,0
DTAA/DAO0613,2010-05-21,IT & Engineering,Staff,2,1.0,0,0.0,0
DTAA/DRP0428,2010-05-21,IT & Engineering,Staff,3,1.0,0,0.0,0
DTAA/NTO0396,2010-05-21,IT & Engineering,Staff,2,1.0,0,0.0,0
DTAA/HSM0389,2010-05-21,IT & Engineering,Staff,2,1.0,0,0.0,0
DTAA/KRD0507,2010-05-21,IT & Engineering,Staff,3,1.0,0,0.0,0
DTAA/SKP0270,2010-05-21,IT & Engineering,Staff,2,1.0,0,0.0,0
DTAA/JMR0955,2010-05-21,IT & Engineering,Staff,2,1.0,0,0.0,0
DTAA/BIM0736,2010-05-21,IT & Engineering,Staff,2,2.0,0,0.0,0
DTAA/CSB0363,2010-05-21,IT & Engineering,Staff,2,2.0,0,0.0,0
DTAA/YCS0667,2010-05-21,IT & Engineering,Staff,2,1.0,0,0.0,0
DTAA/TKG0523,2010-05-21,IT & Engineering,Staff,2,2.0,0,0.0,0
DTAA/WLB0169,2010-05-21,IT & Engineering,Staff,3,1.0,0,0.0,0
DTAA/KIN0073,2010-05-21,IT & Engineering,Staff,2,1.0,0,0.0,0
DTAA/EMZ0196,2010-05-21,IT & Engineering,Staff,3,1.0,0,0.0,0
DTAA/SJC0735,2010-05-21,IT & Engineering,Staff,2,1.0,0,0.0,0
DTAA/RJW0590,2010-05-21,IT & Engineering,Staff,2,2.0,0,0.0,0
DTAA/JIP0187,2010-05-21,IT & Engineering,Staff,2,2.0,0,0.0,0
DTAA/BAE0444,2010-05-21,IT & Engineering,Staff,2,0.0,0,0.0,0
DTAA/ELD1000,2010-05-21,IT & Engineering,Staff,20,8.0,0,0.0,0
DTAA/BSG0869,2010-05-21,IT & Engineering,Staff,2,0.0,0,0.0,0
DTAA/MSK0862,2010-05-21,IT & Engineering,Staff,2,0.0,0,0.0,0
DTAA/KBC0788,2010-05-21,IT & Engineering,Staff,2,1.0,0,0.0,0
DTAA/CKR0296,2010-05-21,IT & Engineering,Staff,3,1.0,0,0.0,0
DTAA/PCS0097,2010-05-21,IT & Engineering,Staff,2,0.0,0,0.0,0
DTAA/VBW0447,2010-05-21,IT & Engineering,Staff,2,0.0,0,0.0,0
DTAA/MSM0226,2010-05-21,IT & Engineering,Staff,3,0.0,0,0.0,0
DTAA/DTD0380,2010-05-21,IT & Engineering,Staff,3,0.0,0,0.0,0
DTAA/HED0802,2010-05-21,IT & Engineering,Staff,2,0.0,0,0.0,0
DTAA/EBS0287,2010-05-21,IT & Engineering,Staff,2,0.0,0,0.0,0
DTAA/GTR0327,2010-05-21,IT & Engineering,Staff,2,1.0,0,0.0,0
DTAA/PFF0657,2010-05-21,IT & Engineering,Staff,2,1.0,0,0.0,0
DTAA/GEC0077,2010-05-21,IT & Engineering,Staff,2,0.0,0,0.0,0
DTAA/KMG0002,2010-05-21,IT & Engineering,Staff,2,1.0,0,0.0,0
DTAA/MCF0985,2010-05-21,IT & Engineering,Staff,3,0.0,0,0.0,0
DTAA/OHW0215,2010-05-21,IT & Engineering,Staff,2,1.0,0,0.0,0
DTAA/JIH0640,2010-05-21,IT & Engineering,Staff,2,0.0,0,0.0,0
DTAA/EMR0242,2010-05-21,IT & Engineering,Staff,2,0.0,0,0.0,0
DTAA/MTM0239,2010-05-21,IT & Engineering,Staff,2,1.0,0,0.0,0
DTAA/RLS0966,2010-05-21,IT & Engineering,Staff,2,0.0,0,0.0,0
DTAA/JHC0703,2010-05-21,IT & Engineering,Staff,2,1.0,0,0.0,0
DTAA/UBH0964,2010-05-21,IT & Engineering,Staff,3,1.0,0,0.0,0
DTAA/PMG0890,2010-05-21,IT & Engineering,Staff,2,1.0,0,0.0,0
DTAA/ARW0541,2010-05-21,IT & Engineering,Staff,2,0.0,0,0.0,0
DTAA/JBS0654,2010-05-21,IT & Engineering,Staff,2,0.0,0,0.0,0
DTAA/EEK0031,2010-05-21,IT & Engineering,Staff,2,0.0,0,0.0,0
DTAA/DKR0696,2010-05-21,IT & Engineering,Staff,2,1.0,0,0.0,0
DTAA/SSC0387,2010-05-21,IT & Engineering,Staff,2,1.0,0,0.0,0
DTAA/THL0671,2010-05-21,IT & Engineering,Staff,2,0.0,0,0.0,0
DTAA/MGF0743,2010-05-24,IT & Engineering,Staff,2,1.0,0,0.0,0
DTAA/CLB0995,2010-05-24,IT & Engineering,Staff,14,11.0,0,0.0,0
DTAA/ICF0629,2010-05-24,IT & Engineering,Staff,2,1.0,0,0.0,0
DTAA/OSS0859,2010-05-24,IT & Engineering,Staff,3,1.0,0,0.0,0
DTAA/ONB0177,2010-05-24,IT & Engineering,Staff,3,1.0,0,0.0,0
DTAA/BNL0480,2010-05-24,IT & Engineering,Staff,2,1.0,0,0.0,0
DTAA/DRM0312,2010-05-24,IT & Engineering,Staff,2,1.0,0,0.0,0
DTAA/NDM0893,2010-05-24,IT & Engineering,Staff,2,1.0,0,0.0,0
DTAA/HBF0035,2010-05-24,IT & Engineering,Staff,3,1.0,0,0.0,0
DTAA/SVC0175,2010-05-24,IT & Engineering,Staff,2,1.0,0,0.0,0
DTAA/ARB0100,2010-05-24,IT & Engineering,Staff,2,1.0,0,0.0,0
DTAA/FJC0138,2010-05-24,IT & Engineering,Staff,2,1.0,0,0.0,0
DTAA/JGS0274,2010-05-24,IT & Engineering,Staff,2,1.0,0,0.0,0
DTAA/ECG0753,2010-05-24,IT & Engineering,Staff,2,1.0,0,0.0,0
DTAA/CGH0125,2010-05-24,IT & Engineering,Staff,2,1.0,0,0.0,0
DTAA/ZKE0662,2010-05-24,IT & Engineering,Staff,3,2.0,0,0.0,0
DTAA/PDS0896,2010-05-24,IT & Engineering,Staff,2,1.0,0,0.0,0
DTAA/NBT0479,2010-05-24,IT & Engineering,Staff,3,1.0,0,0.0,0
DTAA/ASO0023,2010-05-24,IT & Engineering,Staff,5,1.0,0,0.0,0
DTAA/EDW0137,2010-05-24,IT & Engineering,Staff,2,2.0,0,0.0,0
DTAA/DLM0723,2010-05-24,IT & Engineering,Staff,2,1.0,0,0.0,0
DTAA/SOG0461,2010-05-24,IT & Engineering,Staff,2,2.0,0,0.0,0
DTAA/WMJ0364,2010-05-24,IT & Engineering,Staff,2,1.0,0,0.0,0
DTAA/TSM0130,2010-05-24,IT & Engineering,Staff,3,2.0,0,0.0,0
DTAA/LCC0556,2010-05-24,IT & Engineering,Staff,2,1.0,0,0.0,0
DTAA/MCM0090,2010-05-24,IT & Engineering,Staff,2,1.0,0,0.0,0
DTAA/AHS0926,2010-05-24,IT & Engineering,Staff,2,2.0,0,0.0,0
DTAA/NAW0939,2010-05-24,IT & Engineering,Staff,2,1.0,0,0.0,0
DTAA/AMM0830,2010-05-24,IT & Engineering,Staff,2,1.0,0,0.0,0
DTAA/NFD0706,2010-05-24,IT & Engineering,Staff,3,2.0,0,0.0,0
DTAA/RLC0019,2010-05-24,IT & Engineering,Staff,2,0.0,0,0.0,0
DTAA/QLC0632,2010-05-24,IT & Engineering,Staff,2,0.0,0,0.0,0
DTAA/LNM0509,2010-05-24,IT & Engineering,Staff,2,0.0,0,0.0,0
DTAA/NEP0644,2010-05-24,IT & Engineering,Staff,2,0.0,0,0.0,0
DTAA/BVM0716,2010-05-24,IT & Engineering,Staff,2,1.0,0,0.0,0
DTAA/KIM0617,2010-05-24,IT & Engineering,Staff,2,0.0,0,0.0,0
DTAA/HCP0315,2010-05-24,IT & Engineering,Staff,3,0.0,0,0.0,0
DTAA/GYB0248,2010-05-24,IT & Engineering,Staff,2,1.0,0,0.0,0
DTAA/TSC0431,2010-05-24,IT & Engineering,Staff,2,1.0,0,0.0,0
DTAA/KES0043,2010-05-24,IT & Engineering,Staff,2,0.0,0,0.0,0
DTAA/DNS0937,2010-05-24,IT & Engineering,Staff,3,1.0,0,0.0,0
DTAA/HPN0821,2010-05-24,IT & Engineering,Staff,2,0.0,0,0.0,0
DTAA/NZD0771,2010-05-24,IT & Engineering,Staff,2,1.0,0,0.0,0
DTAA/AHV0103,2010-05-24,IT & Engineering,Staff,3,0.0,0,0.0,0
DTAA/VMF0423,2010-05-24,IT & Engineering,Staff,2,0.0,0,0.0,0
DTAA/MGY0732,2010-05-24,IT & Engineering,Staff,3,0.0,0,0.0,0
DTAA/LPB0141,2010-05-24,IT & Engineering,Staff,2,0.0,0,0.0,0
DTAA/WNS0816,2010-05-24,IT & Engineering,Staff,3,0.0,0,0.0,0
DTAA/CLP0332,2010-05-24,IT & Engineering,Staff,3,0.0,0,0.0,0
DTAA/ZGH0528,2010-05-24,IT & Engineering,Staff,2,0.0,0,0.0,0
DTAA/WAB0970,2010-05-24,IT & Engineering,Staff,2,0.0,0,0.0,0
DTAA/IJG0454,2010-05-24,IT & Engineering,Staff,2,1.0,0,0.0,0
DTAA/THB0783,2010-05-24,IT & Engineering,Staff,2,0.0,0,0.0,0
DTAA/DNH0619,2010-05-24,IT & Engineering,Staff,2,0.0,0,0.0,0
DTAA/CDE0810,2010-05-24,IT & Engineering,Staff,3,1.0,0,0.0,0
DTAA/TDW0348,2010-05-24,IT & Engineering,Staff,2,0.0,0,0.0,0
DTAA/FHM0931,2010-05-24,IT & Engineering,Staff,2,1.0,0,0.0,0
DTAA/SBB0044,2010-05-24,IT & Engineering,Staff,2,1.0,0,0.0,0
DTAA/CGM0994,2010-05-25,IT & Engineering,Staff,14,6.0,0,0.0,0
DTAA/MCH0530,2010-05-25,IT & Engineering,Staff,5,1.0,0,0.0,0
DTAA/AMA0606,2010-05-25,IT & Engineering,Staff,2,1.0,0,0.0,0
DTAA/KRC0021,2010-05-25,IT & Engineering,Staff,3,1.0,0,0.0,0
DTAA/PRR0982,2010-05-25,IT & Engineering,Staff,2,1.0,0,0.0,0
DTAA/JCT0410,2010-05-25,IT & Engineering,Staff,3,1.0,0,0.0,0
DTAA/HCR0795,2010-05-25,IT & Engineering,Staff,2,1.0,0,0.0,0
DTAA/HOO0224,2010-05-25,IT & Engineering,Staff,2,1.0,0,0.0,0
DTAA/CHS0324,2010-05-25,IT & Engineering,Staff,3,1.0,0,0.0,0
DTAA/DCB0462,2010-05-25,IT & Engineering,Staff,3,2.0,0,0.0,0
DTAA/OJH0425,2010-05-25,IT & Engineering,Staff,3,2.0,0,0.0,0
DTAA/RJP0286,2010-05-25,IT & Engineering,Staff,2,2.0,0,0.0,0
DTAA/CPM0959,2010-05-25,IT & Engineering,Staff,2,1.0,0,0.0,0
DTAA/SJB0751,2010-05-25,IT & Engineering,Staff,2,1.0,0,0.0,0
DTAA/WCN0570,2010-05-25,IT & Engineering,Staff,2,2.0,0,0.0,0
DTAA/IIR0475,2010-05-25,IT & Engineering,Staff,2,1.0,0,0.0,0
DTAA/PRB0568,2010-05-25,IT & Engineering,Staff,2,1.0,0,0.0,0
DTAA/JCL0752,2010-05-25,IT & Engineering,Staff,2,1.0,0,0.0,0
DTAA/BLB0079,2010-05-25,IT & Engineering,Staff,3,1.0,0,0.0,0
DTAA/MED0748,2010-05-25,IT & Engineering,Staff,2,1.0,0,0.0,0
DTAA/FCG0115,2010-05-25,IT & Engineering,Staff,2,1.0,0,0.0,0
DTAA/DJC0162,2010-05-25,IT & Engineering,Staff,2,2.0,0,0.0,0
DTAA/AFN0918,2010-05-25,IT & Engineering,Staff,3,1.0,0,0.0,0
DTAA/CTH0856,2010-05-25,IT & Engineering,Staff,2,1.0,0,0.0,0
DTAA/HTC0607,2010-05-25,IT & Engineering,Staff,3,1.0,0,0.0,0
DTAA/EDR0642,2010-05-25,IT & Engineering,Staff,2,0.0,0,0.0,0
DTAA/SSV0560,2010-05-25,IT & Engineering,Staff,2,1.0,0,0.0,0
DTAA/EMM0782,2010-05-25,IT & Engineering,Staff,2,0.0,0,0.0,0
DTAA/SND0611,2010-05-25,IT & Engineering,Staff,2,1.0,0,0.0,0
DTAA/PKH0542,2010-05-25,IT & Engineering,Staff,3,1.0,0,0.0,0
DTAA/XIN0791,2010-05-25,IT & Engineering,Staff,2,1.0,0,0.0,0
DTAA/JDM0083,2010-05-25,IT & Engineering,Staff,2,0.0,0,0.0,0
DTAA/IAG0152,2010-05-25,IT & Engineering,Staff,2,1.0,0,0.0,0
DTAA/HRT0737,2010-05-25,IT & Engineering,Staff,2,0.0,0,0.0,0
DTAA/RKC0733,2010-05-25,IT & Engineering,Staff,2,1.0,0,0.0,0
DTAA/GRS0372,2010-05-25,IT & Engineering,Staff,3,0.0,0,0.0,0
DTAA/DNM0143,2010-05-25,IT & Engineering,Staff,2,1.0,0,0.0,0
DTAA/KSP0927,2010-05-25,IT & Engineering,Staff,2,0.0,0,0.0,0
DTAA/AEW0730,2010-05-25,IT & Engineering,Staff,2,0.0,0,0.0,0
DTAA/ARR0758,2010-05-25,IT & Engineering,Staff,2,1.0,0,0.0,0
DTAA/DRN0845,2010-05-25,IT & Engineering,Staff,4,1.0,0,0.0,0
DTAA/SFS0308,2010-05-25,IT & Engineering,Staff,2,1.0,0,0.0,0
DTAA/HSH0981,2010-05-25,IT & Engineering,Staff,2,1.0,0,0.0,0
DTAA/AAH0734,2010-05-25,IT & Engineering,Staff,2,0.0,0,0.0,0
DTAA/HNR0891,2010-05-25,IT & Engineering,Staff,3,1.0,0,0.0,0
DTAA/MKN0234,2010-05-25,IT & Engineering,Staff,2,0.0,0,0.0,0
DTAA/RAC0282,2010-05-25,IT & Engineering,Staff,4,1.0,0,0.0,0
DTAA/BTH0358,2010-05-25,IT & Engineering,Staff,2,0.0,0,0.0,0
DTAA/SBK0108,2010-05-25,IT & Engineering,Staff,2,0.0,0,0.0,0
DTAA/KUC0848,2010-05-25,IT & Engineering,Staff,2,1.0,0,0.0,0
DTAA/RDT0659,2010-05-25,IT & Engineering,Staff,3,1.0,0,0.0,0
DTAA/CGR0202,2010-05-25,IT & Engineering,Staff,2,0.0,0,0.0,0
DTAA/RAY0882,2010-05-25,IT & Engineering,Staff,3,0.0,0,0.0,0
DTAA/THS0006,2010-05-25,IT & Engineering,Staff,2,0.0,0,0.0,0
DTAA/ORW0580,2010-05-25,IT & Engineering,Staff,2,0.0,0,0.0,0
DTAA/BCM0899,2010-05-25,IT & Engineering,Staff,2,1.0,0,0.0,0
DTAA/CCA0349,2010-05-25,IT & Engineering,Staff,2,1.0,0,0.0,0
DTAA/VAH0262,2010-05-25,IT & Engineering,Staff,3,1.0,0,0.0,0
DTAA/ELD1000,2010-05-26,IT & Engineering,Staff,16,7.0,0,0.0,0
DTAA/DAO0613,2010-05-26,IT & Engineering,Staff,2,1.0,0,0.0,0
DTAA/DRP0428,2010-05-26,IT & Engineering,Staff,3,1.0,0,0.0,0
DTAA/HSM0389,2010-05-26,IT & Engineering,Staff,3,1.0,0,0.0,0
DTAA/CDZ0056,2010-05-26,IT & Engineering,Staff,3,1.0,0,0.0,0
DTAA/NTO0396,2010-05-26,IT & Engineering,Staff,2,1.0,0,0.0,0
DTAA/KRD0507,2010-05-26,IT & Engineering,Staff,3,1.0,0,0.0,0
DTAA/JMR0955,2010-05-26,IT & Engineering,Staff,2,1.0,0,0.0,0
DTAA/CSB0363,2010-05-26,IT & Engineering,Staff,2,2.0,0,0.0,0
DTAA/SKP0270,2010-05-26,IT & Engineering,Staff,2,1.0,0,0.0,0
DTAA/BIM0736,2010-05-26,IT & Engineering,Staff,2,2.0,0,0.0,0
DTAA/SJC0735,2010-05-26,IT & Engineering,Staff,2,1.0,0,0.0,0
DTAA/RJW0590,2010-05-26,IT & Engineering,Staff,2,2.0,0,0.0,0
DTAA/TKG0523,2010-05-26,IT & Engineering,Staff,2,2.0,0,0.0,0
DTAA/KIN0073,2010-05-26,IT & Engineering,Staff,2,1.0,0,0.0,0
DTAA/YCS0667,2010-05-26,IT & Engineering,Staff,2,1.0,0,0.0,0
DTAA/WLB0169,2010-05-26,IT & Engineering,Staff,3,1.0,0,0.0,0
DTAA/BAE0444,2010-05-26,IT & Engineering,Staff,2,0.0,0,0.0,0
DTAA/MSK0862,2010-05-26,IT & Engineering,Staff,2,0.0,0,0.0,0
DTAA/KBC0788,2010-05-26,IT & Engineering,Staff,2,1.0,0,0.0,0
DTAA/DTD0380,2010-05-26,IT & Engineering,Staff,3,0.0,0,0.0,0
DTAA/HED0802,2010-05-26,IT & Engineering,Staff,3,0.0,0,0.0,0
DTAA/JIP0187,2010-05-26,IT & Engineering,Staff,2,1.0,0,0.0,0
DTAA/BSG0869,2010-05-26,IT & Engineering,Staff,2,0.0,0,0.0,0
DTAA/EMZ0196,2010-05-26,IT & Engineering,Staff,2,1.0,0,0.0,0
DTAA/PCS0097,2010-05-26,IT & Engineering,Staff,2,0.0,0,0.0,0
DTAA/CKR0296,2010-05-26,IT & Engineering,Staff,2,1.0,0,0.0,0
DTAA/VBW0447,2010-05-26,IT & Engineering,Staff,2,0.0,0,0.0,0
DTAA/PFF0657,2010-05-26,IT & Engineering,Staff,2,1.0,0,0.0,0
DTAA/EBS0287,2010-05-26,IT & Engineering,Staff,3,0.0,0,0.0,0
DTAA/MSM0226,2010-05-26,IT & Engineering,Staff,3,0.0,0,0.0,0
DTAA/GEC0077,2010-05-26,IT & Engineering,Staff,2,0.0,0,0.0,0
DTAA/KMG0002,2010-05-26,IT & Engineering,Staff,2,1.0,0,0.0,0
DTAA/MCF0985,2010-05-26,IT & Engineering,Staff,3,0.0,0,0.0,0
DTAA/OHW0215,2010-05-26,IT & Engineering,Staff,2,1.0,0,0.0,0
DTAA/GTR0327,2010-05-26,IT & Engineering,Staff,2,1.0,0,0.0,0
DTAA/JIH0640,2010-05-26,IT & Engineering,Staff,2,0.0,0,0.0,0
DTAA/JHC0703,2010-05-26,IT & Engineering,Staff,2,1.0,0,0.0,0
DTAA/MTM0239,2010-05-26,IT & Engineering,Staff,2,1.0,0,0.0,0
DTAA/UBH0964,2010-05-26,IT & Engineering,Staff,2,1.0,0,0.0,0
DTAA/EEK0031,2010-05-26,IT & Engineering,Staff,2,0.0,0,0.0,0
DTAA/EMR0242,2010-05-26,IT & Engineering,Staff,2,0.0,0,0.0,0
DTAA/ARW0541,2010-05-26,IT & Engineering,Staff,2,0.0,0,0.0,0
DTAA/RLS0966,2010-05-26,IT & Engineering,Staff,2,0.0,0,0.0,0
DTAA/PMG0890,2010-05-26,IT & Engineering,Staff,2,1.0,0,0.0,0
DTAA/JBS0654,2010-05-26,IT & Engineering,Staff,2,0.0,0,0.0,0
DTAA/THL0671,2010-05-26,IT & Engineering,Staff,4,0.0,0,0.0,0
DTAA/DKR0696,2010-05-26,IT & Engineering,Staff,2,0.0,0,0.0,0
DTAA/SSC0387,2010-05-26,IT & Engineering,Staff,2,1.0,0,0.0,0
DTAA/JTT0989,2010-05-27,IT & Engineering,Staff,8,5.0,0,0.0,0
DTAA/ACD0647,2010-05-27,IT & Engineering,Staff,2,1.0,0,0.0,0
DTAA/CNT0514,2010-05-27,IT & Engineering,Staff,2,1.0,0,0.0,0
DTAA/DST0527,2010-05-27,IT & Engineering,Staff,2,1.0,0,0.0,0
DTAA/JBA0373,2010-05-27,IT & Engineering,Staff,2,1.0,0,0.0,0
DTAA/RES0962,2010-05-27,IT & Engineering,Staff,2,1.0,0,0.0,0
DTAA/STC0066,2010-05-27,IT & Engineering,Staff,2,1.0,0,0.0,0
DTAA/CMF0339,2010-05-27,IT & Engineering,Staff,3,1.0,0,0.0,0
DTAA/EGM0401,2010-05-27,IT & Engineering,Staff,2,1.0,0,0.0,0
DTAA/COS0121,2010-05-27,IT & Engineering,Staff,2,1.0,0,0.0,0
DTAA/RLC0442,2010-05-27,IT & Engineering,Staff,2,1.0,0,0.0,0
DTAA/JFA0081,2010-05-27,IT & Engineering,Staff,2,1.0,0,0.0,0
DTAA/DWB0426,2010-05-27,IT & Engineering,Staff,2,1.0,0,0.0,0
DTAA/RBB0229,2010-05-27,IT & Engineering,Staff,2,2.0,0,0.0,0
DTAA/DDW0643,2010-05-27,IT & Engineering,Staff,3,1.0,0,0.0,0
DTAA/MSV0506,2010-05-27,IT & Engineering,Staff,3,1.0,0,0.0,0
DTAA/OHA0451,2010-05-27,IT & Engineering,Staff,2,1.0,0,0.0,0
DTAA/LBC0422,2010-05-27,IT & Engineering,Staff,2,1.0,0,0.0,0
DTAA/MGB0728,2010-05-27,IT & Engineering,Staff,2,1.0,0,0.0,0
DTAA/BPB0808,2010-05-27,IT & Engineering,Staff,3,1.0,0,0.0,0
DTAA/ASC0132,2010-05-27,IT & Engineering,Staff,2,1.0,0,0.0,0
DTAA/CTR0537,2010-05-27,IT & Engineering,Staff,3,1.0,0,0.0,0
DTAA/RZW0369,2010-05-27,IT & Engineering,Staff,3,2.0,0,0.0,0
DTAA/IAH0822,2010-05-27,IT & Engineering,Staff,2,1.0,0,0.0,0
DTAA/JDR0685,2010-05-27,IT & Engineering,Staff,3,1.0,0,0.0,0
DTAA/JSE0020,2010-05-27,IT & Engineering,Staff,2,1.0,0,0.0,0
DTAA/SLG0008,2010-05-27,IT & Engineering,Staff,2,1.0,0,0.0,0
DTAA/TUA0298,2010-05-27,IT & Engineering,Staff,5,1.0,0,0.0,0
DTAA/MKG0273,2010-05-27,IT & Engineering,Staff,2,1.0,0,0.0,0
DTAA/SRN0275,2010-05-27,IT & Engineering,Staff,3,1.0,0,0.0,0
DTAA/AAS0709,2010-05-27,IT & Engineering,Staff,2,0.0,0,0.0,0
DTAA/SMC0139,2010-05-27,IT & Engineering,Staff,2,1.0,0,0.0,0
DTAA/MRM0205,2010-05-27,IT & Engineering,Staff,2,0.0,0,0.0,0
DTAA/UJC0849,2010-05-27,IT & Engineering,Staff,2,1.0,0,0.0,0
DTAA/GHB0863,2010-05-27,IT & Engineering,Staff,3,0.0,0,0.0,0
DTAA/ECB0494,2010-05-27,IT & Engineering,Staff,2,0.0,0,0.0,0
DTAA/DAW0199,2010-05-27,IT & Engineering,Staff,2,0.0,0,0.0,0
DTAA/BCB0013,2010-05-27,IT & Engineering,Staff,2,0.0,0,0.0,0
DTAA/DOO0986,2010-05-27,IT & Engineering,Staff,2,0.0,0,0.0,0
DTAA/OBD0786,2010-05-27,IT & Engineering,Staff,3,0.0,0,0.0,0
DTAA/LLK0316,2010-05-27,IT & Engineering,Staff,2,0.0,0,0.0,0
DTAA/LKY0181,2010-05-27,IT & Engineering,Staff,4,1.0,0,0.0,0
DTAA/JCG0817,2010-05-27,IT & Engineering,Staff,2,1.0,0,0.0,0
DTAA/CRM0058,2010-05-27,IT & Engineering,Staff,2,1.0,0,0.0,0
DTAA/LAM0952,2010-05-27,IT & Engineering,Staff,2,0.0,0,0.0,0
DTAA/BKH0156,2010-05-27,IT & Engineering,Staff,2,1.0,0,0.0,0
DTAA/NGC0624,2010-05-27,IT & Engineering,Staff,3,1.0,0,0.0,0
DTAA/CGM0994,2010-05-28,IT & Engineering,Staff,12,5.0,0,0.0,0
DTAA/MCH0530,2010-05-28,IT & Engineering,Staff,2,1.0,0,0.0,0
DTAA/AMA0606,2010-05-28,IT & Engineering,Staff,2,1.0,0,0.0,0
DTAA/KRC0021,2010-05-28,IT & Engineering,Staff,3,1.0,0,0.0,0
DTAA/PRR0982,2010-05-28,IT & Engineering,Staff,2,1.0,0,0.0,0
DTAA/HCR0795,2010-05-28,IT & Engineering,Staff,2,1.0,0,0.0,0
DTAA/HOO0224,2010-05-28,IT & Engineering,Staff,2,1.0,0,0.0,0
DTAA/JCT0410,2010-05-28,IT & Engineering,Staff,3,1.0,0,0.0,0
DTAA/DCB0462,2010-05-28,IT & Engineering,Staff,3,2.0,0,0.0,0
DTAA/CHS0324,2010-05-28,IT & Engineering,Staff,2,1.0,0,0.0,0
DTAA/RJP0286,2010-05-28,IT & Engineering,Staff,2,2.0,0,0.0,0
DTAA/SJB0751,2010-05-28,IT & Engineering,Staff,2,1.0,0,0.0,0
DTAA/WCN0570,2010-05-28,IT & Engineering,Staff,2,2.0,0,0.0,0
DTAA/CPM0959,2010-05-28,IT & Engineering,Staff,2,1.0,0,0.0,0
DTAA/JCL0752,2010-05-28,IT & Engineering,Staff,2,1.0,0,0.0,0
DTAA/IIR0475,2010-05-28,IT & Engineering,Staff,3,1.0,0,0.0,0
DTAA/FCG0115,2010-05-28,IT & Engineering,Staff,2,1.0,0,0.0,0
DTAA/PRB0568,2010-05-28,IT & Engineering,Staff,2,1.0,0,0.0,0
DTAA/BLB0079,2010-05-28,IT & Engineering,Staff,5,1.0,0,0.0,0
DTAA/MED0748,2010-05-28,IT & Engineering,Staff,2,1.0,0,0.0,0
DTAA/CTH0856,2010-05-28,IT & Engineering,Staff,2,1.0,0,0.0,0
DTAA/SND0611,2010-05-28,IT & Engineering,Staff,2,2.0,0,0.0,0
DTAA/XIN0791,2010-05-28,IT & Engineering,Staff,2,2.0,0,0.0,0
DTAA/JDM0083,2010-05-28,IT & Engineering,Staff,2,1.0,0,0.0,0
DTAA/DJC0162,2010-05-28,IT & Engineering,Staff,2,1.0,0,0.0,0
DTAA/EMM0782,2010-05-28,IT & Engineering,Staff,2,0.0,0,0.0,0
DTAA/DNM0143,2010-05-28,IT & Engineering,Staff,2,1.0,0,0.0,0
DTAA/HRT0737,2010-05-28,IT & Engineering,Staff,2,0.0,0,0.0,0
DTAA/GRS0372,2010-05-28,IT & Engineering,Staff,3,0.0,0,0.0,0
DTAA/RKC0733,2010-05-28,IT & Engineering,Staff,2,1.0,0,0.0,0
DTAA/EDR0642,2010-05-28,IT & Engineering,Staff,2,0.0,0,0.0,0
DTAA/IAG0152,2010-05-28,IT & Engineering,Staff,2,1.0,0,0.0,0
DTAA/AEW0730,2010-05-28,IT & Engineering,Staff,2,0.0,0,0.0,0
DTAA/PKH0542,2010-05-28,IT & Engineering,Staff,3,1.0,0,0.0,0
DTAA/KSP0927,2010-05-28,IT & Engineering,Staff,2,0.0,0,0.0,0
DTAA/DRN0845,2010-05-28,IT & Engineering,Staff,3,1.0,0,0.0,0
DTAA/ARR0758,2010-05-28,IT & Engineering,Staff,2,1.0,0,0.0,0
DTAA/QKR0651,2010-05-28,IT & Engineering,Staff,2,1.0,0,0.0,0
DTAA/HNR0891,2010-05-28,IT & Engineering,Staff,3,1.0,0,0.0,0
DTAA/HSH0981,2010-05-28,IT & Engineering,Staff,2,1.0,0,0.0,0
DTAA/AAH0734,2010-05-28,IT & Engineering,Staff,2,0.0,0,0.0,0
DTAA/BTH0358,2010-05-28,IT & Engineering,Staff,2,0.0,0,0.0,0
DTAA/SFS0308,2010-05-28,IT & Engineering,Staff,2,1.0,0,0.0,0
DTAA/SBK0108,2010-05-28,IT & Engineering,Staff,2,0.0,0,0.0,0
DTAA/MKN0234,2010-05-28,IT & Engineering,Staff,2,0.0,0,0.0,0
DTAA/RAC0282,2010-05-28,IT & Engineering,Staff,3,0.0,0,0.0,0
DTAA/ORW0580,2010-05-28,IT & Engineering,Staff,2,1.0,0,0.0,0
DTAA/KUC0848,2010-05-28,IT & Engineering,Staff,2,1.0,0,0.0,0
DTAA/THS0006,2010-05-28,IT & Engineering,Staff,2,0.0,0,0.0,0
DTAA/BCM0899,2010-05-28,IT & Engineering,Staff,2,1.0,0,0.0,0
DTAA/CGR0202,2010-05-28,IT & Engineering,Staff,2,0.0,0,0.0,0
DTAA/RDT0659,2010-05-28,IT & Engineering,Staff,2,0.0,0,0.0,0
DTAA/CCA0349,2010-05-28,IT & Engineering,Staff,2,1.0,0,0.0,0
DTAA/VAH0262,2010-05-28,IT & Engineering,Staff,3,1.0,0,0.0,0
DTAA/RAY0882,2010-05-28,IT & Engineering,Staff,3,0.0,0,0.0,0
DTAA/HNS0858,2010-05-29,IT & Engineering,Staff,1,1.0,0,0.0,0
DTAA/CTF0687,2010-05-29,IT & Engineering,Staff,2,2.0,0,0.0,0
DTAA/OLR0984,2010-05-03,IT & Engineering,Staff,2,1.0,0,0.0,0
DTAA/IGC0415,2010-05-03,IT & Engineering,Staff,2,1.0,0,0.0,0
DTAA/SJH0907,2010-05-03,IT & Engineering,Staff,2,1.0,0,0.0,0
DTAA/NQC0925,2010-05-03,IT & Engineering,Staff,2,1.0,0,0.0,0
DTAA/SXH0895,2010-05-03,IT & Engineering,Staff,2,1.0,0,0.0,0
DTAA/SGS0352,2010-05-03,IT & Engineering,Staff,2,1.0,0,0.0,0
DTAA/FKR0550,2010-05-03,IT & Engineering,Staff,3,1.0,0,0.0,0
DTAA/BFO0438,2010-05-03,IT & Engineering,Staff,2,1.0,0,0.0,0
DTAA/HTG0554,2010-05-03,IT & Engineering,Staff,2,2.0,0,0.0,0
DTAA/AEC0750,2010-05-03,IT & Engineering,Staff,2,1.0,0,0.0,0
DTAA/CCB0496,2010-05-03,IT & Engineering,Staff,3,1.0,0,0.0,0
DTAA/CGM0319,2010-05-03,IT & Engineering,Staff,2,1.0,0,0.0,0
DTAA/JMP0200,2010-05-03,IT & Engineering,Staff,2,1.0,0,0.0,0
DTAA/KBP0188,2010-05-03,IT & Engineering,Staff,2,1.0,0,0.0,0
DTAA/KCH0987,2010-05-03,IT & Engineering,Staff,2,1.0,0,0.0,0
DTAA/BFV0911,2010-05-03,IT & Engineering,Staff,2,1.0,0,0.0,0
DTAA/PJL0320,2010-05-03,IT & Engineering,Staff,3,2.0,0,0.0,0
DTAA/KBC0337,2010-05-03,IT & Engineering,Staff,2,2.0,0,0.0,0
DTAA/RCR0864,2010-05-03,IT & Engineering,Staff,2,1.0,0,0.0,0
DTAA/ANS0172,2010-05-03,IT & Engineering,Staff,2,2.0,0,0.0,0
DTAA/FIM0668,2010-05-03,IT & Engineering,Staff,2,1.0,0,0.0,0
DTAA/ASP0799,2010-05-03,IT & Engineering,Staff,2,1.0,0,0.0,0
DTAA/WBW0591,2010-05-03,IT & Engineering,Staff,2,2.0,0,0.0,0
DTAA/KAD0059,2010-05-03,IT & Engineering,Staff,3,1.0,0,0.0,0
DTAA/SHS0608,2010-05-03,IT & Engineering,Staff,2,1.0,0,0.0,0
DTAA/RLS0935,2010-05-03,IT & Engineering,Staff,2,1.0,0,0.0,0
DTAA/AMH0101,2010-05-03,IT & Engineering,Staff,2,1.0,0,0.0,0
DTAA/TTG0637,2010-05-03,IT & Engineering,Staff,2,2.0,0,0.0,0
DTAA/KJM0614,2010-05-03,IT & Engineering,Staff,2,2.0,0,0.0,0
DTAA/JLV0465,2010-05-03,IT & Engineering,Staff,2,1.0,0,0.0,0
DTAA/HBB0402,2010-05-03,IT & Engineering,Staff,3,0.0,0,0.0,0
DTAA/NET0306,2010-05-03,IT & Engineering,Staff,2,0.0,0,0.0,0
DTAA/LGV0288,2010-05-03,IT & Engineering,Staff,2,0.0,0,0.0,0
DTAA/CCH0497,2010-05-03,IT & Engineering,Staff,2,0.0,0,0.0,0
DTAA/RJP0345,2010-05-03,IT & Engineering,Staff,3,0.0,0,0.0,0
DTAA/JLC0744,2010-05-03,IT & Engineering,Staff,2,0.0,0,0.0,0
DTAA/WSL0470,2010-05-03,IT & Engineering,Staff,3,0.0,0,0.0,0
DTAA/CMU0028,2010-05-03,IT & Engineering,Staff,2,0.0,0,0.0,0
DTAA/AWB0828,2010-05-03,IT & Engineering,Staff,2,0.0,0,0.0,0
DTAA/PAC0722,2010-05-03,IT & Engineering,Staff,2,1.0,0,0.0,0
DTAA/MRS0395,2010-05-03,IT & Engineering,Staff,2,0.0,0,0.0,0
DTAA/KGS0398,2010-05-03,IT & Engineering,Staff,5,1.0,0,0.0,0
DTAA/SGC0118,2010-05-03,IT & Engineering,Staff,2,0.0,0,0.0,0
DTAA/PTH0957,2010-05-03,IT & Engineering,Staff,2,1.0,0,0.0,0
DTAA/GCH0545,2010-05-03,IT & Engineering,Staff,2,1.0,0,0.0,0
DTAA/PBH0441,2010-05-03,IT & Engineering,Staff,2,1.0,0,0.0,0
DTAA/RAH0968,2010-05-03,IT & Engineering,Staff,2,0.0,0,0.0,0
DTAA/NJH0593,2010-05-03,IT & Engineering,Staff,2,0.0,0,0.0,0
DTAA/OZM0468,2010-05-03,IT & Engineering,Staff,2,0.0,0,0.0,0
DTAA/BPC0533,2010-05-03,IT & Engineering,Staff,3,1.0,0,0.0,0
DTAA/TXR0884,2010-05-03,IT & Engineering,Staff,2,1.0,0,0.0,0
DTAA/FGM0119,2010-05-03,IT & Engineering,Staff,2,1.0,0,0.0,0
DTAA/DAW0221,2010-05-03,IT & Engineering,Staff,2,1.0,0,0.0,0
DTAA/BCS0374,2010-05-03,IT & Engineering,Staff,2,1.0,0,0.0,0
DTAA/CRF0074,2010-05-03,IT & Engineering,Staff,2,1.0,0,0.0,0
DTAA/SGG0584,2010-05-03,IT & Engineering,Staff,3,1.0,0,0.0,0
DTAA/MCC0851,2010-05-03,IT & Engineering,Staff,2,0.0,0,0.0,0
DTAA/JCC0998,2010-05-04,IT & Engineering,Staff,5,4.0,0,0.0,0
DTAA/DFZ0063,2010-05-04,IT & Engineering,Staff,4,1.0,0,0.0,0
DTAA/LCL0792,2010-05-04,IT & Engineering,Staff,2,1.0,0,0.0,0
DTAA/MBZ0932,2010-05-04,IT & Engineering,Staff,2,1.0,0,0.0,0
DTAA/TRB0414,2010-05-04,IT & Engineering,Staff,3,1.0,0,0.0,0
DTAA/HPF0958,2010-05-04,IT & Engineering,Staff,2,1.0,0,0.0,0
DTAA/TQC0249,2010-05-04,IT & Engineering,Staff,2,1.0,0,0.0,0
DTAA/EFS0114,2010-05-04,IT & Engineering,Staff,2,2.0,0,0.0,0
DTAA/RBY0065,2010-05-04,IT & Engineering,Staff,2,1.0,0,0.0,0
DTAA/OKG0160,2010-05-04,IT & Engineering,Staff,3,1.0,0,0.0,0
DTAA/NWG0682,2010-05-04,IT & Engineering,Staff,2,1.0,0,0.0,0
DTAA/SSW0815,2010-05-04,IT & Engineering,Staff,2,1.0,0,0.0,0
DTAA/TLV0936,2010-05-04,IT & Engineering,Staff,2,1.0,0,0.0,0
DTAA/CGM0343,2010-05-04,IT & Engineering,Staff,3,2.0,0,0.0,0
DTAA/CLK0383,2010-05-04,IT & Engineering,Staff,2,1.0,0,0.0,0
DTAA/CPS0559,2010-05-04,IT & Engineering,Staff,3,1.0,0,0.0,0
DTAA/CKW0622,2010-05-04,IT & Engineering,Staff,2,1.0,0,0.0,0
DTAA/AGW0182,2010-05-04,IT & Engineering,Staff,5,1.0,0,0.0,0
DTAA/UAD0165,2010-05-04,IT & Engineering,Staff,2,2.0,0,0.0,0
DTAA/CCB0366,2010-05-04,IT & Engineering,Staff,2,2.0,0,0.0,0
DTAA/TKH0211,2010-05-04,IT & Engineering,Staff,2,2.0,0,0.0,0
DTAA/TGC0670,2010-05-04,IT & Engineering,Staff,2,1.0,0,0.0,0
DTAA/ALN0201,2010-05-04,IT & Engineering,Staff,2,2.0,0,0.0,0
DTAA/ZCH0336,2010-05-04,IT & Engineering,Staff,2,1.0,0,0.0,0
DTAA/PKM0411,2010-05-04,IT & Engineering,Staff,2,2.0,0,0.0,0
DTAA/MVL0885,2010-05-04,IT & Engineering,Staff,2,1.0,0,0.0,0
DTAA/MHM0988,2010-05-04,IT & Engineering,Staff,2,1.0,0,0.0,0
DTAA/TEG0502,2010-05-04,IT & Engineering,Staff,2,1.0,0,0.0,0
DTAA/ENB0293,2010-05-04,IT & Engineering,Staff,2,1.0,0,0.0,0
DTAA/BLS0098,2010-05-04,IT & Engineering,Staff,4,2.0,0,0.0,0
DTAA/AOC0511,2010-05-04,IT & Engineering,Staff,2,1.0,0,0.0,0
DTAA/UBB0186,2010-05-04,IT & Engineering,Staff,2,1.0,0,0.0,0
DTAA/QGM0222,2010-05-04,IT & Engineering,Staff,2,1.0,0,0.0,0
DTAA/IMD0776,2010-05-04,IT & Engineering,Staff,2,1.0,0,0.0,0
DTAA/CBH0762,2010-05-04,IT & Engineering,Staff,2,1.0,0,0.0,0
DTAA/TLB0831,2010-05-04,IT & Engineering,Staff,2,1.0,0,0.0,0
DTAA/NCW0246,2010-05-04,IT & Engineering,Staff,3,1.0,0,0.0,0
DTAA/ZAB0889,2010-05-04,IT & Engineering,Staff,3,0.0,0,0.0,0
DTAA/AZC0030,2010-05-04,IT & Engineering,Staff,2,0.0,0,0.0,0
DTAA/SAP0304,2010-05-04,IT & Engineering,Staff,3,0.0,0,0.0,0
DTAA/ECT0491,2010-05-04,IT & Engineering,Staff,2,0.0,0,0.0,0
DTAA/ASV0049,2010-05-04,IT & Engineering,Staff,2,1.0,0,0.0,0
DTAA/ZBH0980,2010-05-04,IT & Engineering,Staff,2,0.0,0,0.0,0
DTAA/QOH0361,2010-05-04,IT & Engineering,Staff,2,0.0,0,0.0,0
DTAA/WCM0391,2010-05-04,IT & Engineering,Staff,2,1.0,0,0.0,0
DTAA/LDG0406,2010-05-04,IT & Engineering,Staff,3,0.0,0,0.0,0
DTAA/JSW0180,2010-05-04,IT & Engineering,Staff,3,0.0,0,0.0,0
DTAA/JDM0940,2010-05-04,IT & Engineering,Staff,2,1.0,0,0.0,0
DTAA/SVM0756,2010-05-04,IT & Engineering,Staff,2,0.0,0,0.0,0
DTAA/CRJ0934,2010-05-04,IT & Engineering,Staff,2,0.0,0,0.0,0
DTAA/BHH0460,2010-05-04,IT & Engineering,Staff,2,1.0,0,0.0,0
DTAA/GML0105,2010-05-04,IT & Engineering,Staff,3,1.0,0,0.0,0
DTAA/JBL0450,2010-05-04,IT & Engineering,Staff,2,1.0,0,0.0,0
